AppID,Name,Release date,Estimated owners,Peak CCU,Required age,Price,DiscountDLC count,Supported languages,Windows,Mac,Linux,Metacritic score,User score,Positive,Negative,Achievements,Recommendations,Average playtime forever,Developers,Publishers,Categories,Genres,Tags
Gold Hunter Playtest,"Apr 22, 2022",0 - 0,0,0,0.0,0,0,[],True,False,False,0,0,0,0,0,0,0,,,,,
BLÖCK,"Sep 20, 2022",0 - 20000,0,0,0.99,0,0,['English'],True,False,False,0,0,2,0,11,0,0,Chocobyte Studios,Chocobyte Studios,"Single-player,Steam Achievements,Family Sharing","Casual,Indie","Unforgiving,2D Platformer,Precision Platformer,Psychological Horror,Casual,Difficult,2D,Platformer,Pixel Graphics,Retro,Minimalist,Indie,Singleplayer,Character Customization,Linear"
Mind Space,"Nov 15, 2021",0 - 20000,0,0,2.99,0,0,['English'],True,False,False,0,0,2,0,0,0,0,SuperCooledGames,Palinoia Studios,"Single-player,Partial Controller Support,Family Sharing",Action,"Action,Shooter,3D,First-Person,Realistic,Aliens,Military,Old School,Sci-fi,Space,Action Roguelike,Rogue-like,FPS,Looter Shooter,Rogue-lite,Controller,Procedural Generation,Singleplayer,Early Access,Violent"
Where The Stars Brought Us,"Dec 14, 2022",0 - 20000,0,0,9.99,0,0,['English'],True,False,False,0,0,0,0,0,0,0,EbonSoft,EbonSoft,"Single-player,Family Sharing",Casual,
Project Temporality,"May 20, 2014",20000 - 50000,0,0,14.99,0,0,"['English', 'Spanish - Spain']",True,False,False,0,0,83,19,19,0,173,Defrost Games,Defrost Games,"Single-player,Steam Achievements,Full controller support,Steam Trading Cards,Steam Cloud,Steam Leaderboards,Family Sharing","Action,Adventure,Indie","Indie,Adventure,Action,Puzzle,Time Manipulation,Singleplayer,Third Person,Sci-fi"
Anomaly Zero:Twelve,"Mar 8, 2025",0 - 20000,0,0,3.99,0,0,['English'],True,False,False,0,0,0,0,2,0,0,NostraDamon,Eyejam Games,"Single-player,Steam Achievements,Family Sharing","Casual,Indie",
Primal Dominion Playtest,"Jan 9, 2023",0 - 0,0,0,0.0,0,0,[],True,False,False,0,0,0,0,0,0,0,,,,,
Kid Pilot VR,"May 22, 2024",0 - 20000,0,0,3.99,80,0,"['English', 'French', 'Italian', 'German', 'Japanese', 'Korean', 'Portuguese - Portugal', 'Russian', 'Simplified Chinese', 'Spanish - Latin America']",True,False,False,0,0,24,6,34,0,0,Flamingo Simulation Systems,Flamingo Simulation Systems,"Single-player,Steam Achievements,Tracked Controller Support,VR Only,Family Sharing",Adventure,"Exploration,Immersive Sim,Third-Person Shooter,Flight,Action-Adventure,VR,Funny,Linear,Colorful,Stylized,Fantasy,Family Friendly,6DOF,Adventure,Combat,Singleplayer"
Halloween is Crazy as Hell,"May 11, 2022",0 - 20000,0,0,6.99,30,0,"['English', 'Portuguese - Brazil']",True,False,False,0,0,18,0,100,0,0,Ciro Fernandes (Cube Legal),Ciro Fernandes (Cube Legal),"Single-player,Multi-player,Co-op,Shared/Split Screen Co-op,Shared/Split Screen,Remote Play Together,Family Sharing",Action,"Action,Rogue-like,Action Roguelike,Bullet Hell,Rogue-lite,2D,Pixel Graphics,Top-Down,Dark Fantasy,Supernatural,Dark,Procedural Generation,PvE,Co-op,Local Co-Op,Multiplayer,Local Multiplayer,Singleplayer"
BATTLE SHADOW ARENA,"Jun 4, 2025",0 - 20000,0,0,0.99,80,0,"['English', 'French', 'German', 'Spanish - Spain', 'Russian', 'Japanese', 'Simplified Chinese', 'Portuguese - Brazil']",True,False,False,0,0,0,0,21,0,0,Zni Games,Zni Games,"Single-player,Steam Achievements,Full controller support,Custom Volume Controls,Playable without Timed Input,Stereo Sound,Steam Cloud,Family Sharing","Action,Indie",
Midnight Taco,"Mar 21, 2025",0 - 20000,0,0,1.99,0,0,"['English', 'Spanish - Spain']",True,False,False,0,0,22,4,0,0,0,FrameField,FrameField,"Single-player,Family Sharing",Indie,"Horror,Psychological Horror,Atmospheric,Psychological,First-Person,Indie"
Lava Rolling Kid,"Nov 11, 2017",0 - 20000,0,0,0.0,0,0,['English'],True,False,False,0,0,3,2,0,0,151,"ElVery333,Raquel Covelo Suarez,ATopeCode",Back To Basics Gaming,"Single-player,Full controller support,Family Sharing","Adventure,Casual,Indie","Adventure,Indie,Casual"
東方ファンタジー ～toho fantasy～,"Feb 7, 2025",0 - 20000,0,0,27.49,50,0,['Japanese'],True,False,False,0,0,1,1,0,0,0,neronsoft,neronsoft,"Single-player,Partial Controller Support,Family Sharing",RPG,"RPG,Party-Based RPG,2D,Fantasy,Turn-Based Tactics,Female Protagonist,Singleplayer"
Santhai,"Jan 13, 2022",0 - 20000,1,0,12.99,0,0,"['English', 'Thai']",True,False,False,0,0,114,14,28,132,0,"Hardworker Studio,Rachan Neamprasert",Rachan Neamprasert,"Single-player,Family Sharing","Action,Adventure,Indie,RPG,Simulation","Adventure,RPG,Action,Farming Sim,Walking Simulator,Life Sim,2D Fighter,Spectacle fighter,Dungeon Crawler,Mystery Dungeon,2D Platformer,2D,Cartoon,Cute,Colorful,Agriculture,Family Friendly,Survival,PvE,Simulation"
Voidspace,"Jul 10, 2020",0 - 20000,0,0,12.99,0,0,['English'],True,True,True,0,0,11,15,0,0,0,Universe Projects Inc.,Universe Projects Inc.,"Multi-player,MMO,PvP,Online PvP,Cross-Platform Multiplayer,In-App Purchases,Family Sharing","Casual,Indie,Massively Multiplayer,RPG,Simulation,Early Access","Massively Multiplayer,Indie,RPG,Casual,Simulation,Early Access"
Blackwell Epiphany,"Apr 24, 2014",50000 - 100000,3,0,2.99,70,1,['English'],True,True,True,0,0,913,21,18,798,242,Wadjet Eye Games,Wadjet Eye Games,"Single-player,Steam Achievements,Steam Trading Cards,Captions available,Steam Cloud,Commentary available,Remote Play on Phone,Remote Play on Tablet,Family Sharing","Adventure,Indie","Adventure,Point & Click,Indie,Female Protagonist,Supernatural,Mystery,Story Rich,Pixel Graphics,Noir,Singleplayer,2D,Detective"
Sonic Adventure 2,"Nov 19, 2012",1000000 - 2000000,234,0,4.99,50,1,"['English', 'German', 'French', 'Italian', 'Spanish - Spain', 'Japanese']",True,False,False,0,0,22711,2761,15,22222,833,SEGA,SEGA,"Single-player,Multi-player,Partial Controller Support,Remote Play Together,Family Sharing",Action,"Action,Great Soundtrack,3D Platformer,Platformer,Fast-Paced,Adventure,Classic,Singleplayer,Replay Value,Third Person,Local Multiplayer,Retro,Story Rich,Family Friendly,Multiplayer,3D,Split Screen,Racing,Sci-fi,Comedy"
Strategy & Tactics: Wargame Collection,"Apr 22, 2016",50000 - 100000,4,0,0.99,0,2,"['English', 'French', 'German', 'Spanish - Spain', 'Russian']",True,True,False,0,0,183,83,15,219,1168,HeroLabs,HeroLabs,"Single-player,Multi-player,Shared/Split Screen,Steam Achievements,Steam Trading Cards,Remote Play Together,Family Sharing",Strategy,"Strategy,War,Tactical,Historical,World War II,Grand Strategy,Alternate History,Turn-Based Strategy,Replay Value,Indie,Turn-Based,Wargame"
Scales and Tails,"Oct 7, 2024",0 - 20000,0,0,1.24,0,1,['English'],True,False,False,0,0,3,0,10,0,0,Burning Fur Productions,Burning Fur Productions,"Single-player,Multi-player,Co-op,Shared/Split Screen Co-op,Shared/Split Screen,Steam Achievements,Partial Controller Support,Steam Cloud,Remote Play Together,Family Sharing","Action,Casual,Indie,RPG","Arcade,Fantasy,Combat,Top-Down Shooter,Singleplayer,Local Multiplayer,Character Customization,Hand-drawn,Funny,Controller,Dragons,Casual,Flight,Cartoon,Procedural Generation,4 Player Local,Local Co-Op,Action,Multiplayer,2D"
Caroline's Fantasies,"Feb 24, 2023",0 - 20000,1,0,9.09,30,0,['English'],True,False,False,0,0,0,0,0,0,0,HFTGames,HFTGames,"Single-player,Family Sharing","Casual,Simulation",
Fearmonium,"May 20, 2021",0 - 20000,0,0,2.72,79,1,"['English', 'Russian', 'German', 'Portuguese - Brazil', 'French', 'Spanish - Spain', 'Japanese']",True,True,False,0,0,409,68,23,468,28,Redblack Spade,Redblack Spade,"Single-player,Steam Achievements,Full controller support,Steam Trading Cards,Steam Cloud,Family Sharing","Action,Adventure,Indie,RPG","Metroidvania,Action-Adventure,Female Protagonist,Character Action Game,2D,Adventure,Controller,Story Rich,Action,Atmospheric,Drama,Singleplayer,Fantasy,Action RPG,Psychological,Open World,Indie,Great Soundtrack,Retro,Cute"
Fossilfuel VR: Raptor Isolation,"Oct 28, 2021",0 - 20000,0,0,0.99,90,0,['English'],True,False,False,0,0,6,5,9,0,0,DangerousBob Studio LLC,DangerousBob Studio LLC,"Single-player,Steam Achievements,Tracked Controller Support,VR Only,Family Sharing","Action,Adventure,Indie","Action,Adventure,Indie,Action-Adventure,Dungeon Crawler,Dinosaurs,Multiple Endings,Story Rich,Singleplayer,VR,Horror,Underground"
Tattoo Removal Simulator Playtest,"Nov 5, 2025",0 - 0,0,0,0.0,0,0,[],True,False,False,0,0,0,0,0,0,0,,,,,
Life of Fly 2,"Jun 10, 2021",0 - 20000,0,0,4.99,50,0,['English'],True,False,False,0,0,23,2,13,0,0,EpiXR Games UG,EpiXR Games UG,"Single-player,Steam Achievements,Full controller support,Family Sharing","Casual,Indie,Simulation","Philosophical,Narrative,Simulation,Casual,Story Rich,Walking Simulator,Exploration,Flight,Third Person,Atmospheric,Indie,Life Sim,Singleplayer,Short,Linear"
化者天狱 Revenant in the Paradise,"Feb 4, 2019",0 - 20000,0,0,0.49,51,0,"['Simplified Chinese', 'English']",True,False,False,0,0,9,1,0,0,0,OPAL Studio,冷笑黑妖,"Single-player,Family Sharing","Adventure,Casual,Indie,RPG,Strategy","Adventure,Indie,RPG,Casual,Strategy,RPGMaker"
Chair F*cking Simulator,"Jul 7, 2020",0 - 20000,1,0,1.19,40,0,['English'],True,False,False,0,0,895,61,31,715,2308,SoSorrySoft,SoSorrySoft,"Single-player,Steam Achievements,Steam Cloud,Family Sharing","Casual,Indie,Simulation","Psychological Horror,Dating Sim,Creature Collector,Horror,LGBTQ+,Clicker,Romance,Memes,Comic Book,Third Person,Funny,Surreal,Dark Humor,Dark Comedy,Post-apocalyptic,Simulation,Story Rich,Singleplayer,Rhythm,Parody"
Alchemia: Creatio Ex Nihilo,"Jul 31, 2025",0 - 20000,0,0,13.99,0,1,"['English', 'Portuguese - Brazil']",True,True,True,0,0,21,2,27,0,0,Space Paca Games,Marvellous Soft,"Single-player,Steam Achievements,Steam Cloud,Remote Play Together,Family Sharing","Adventure,Indie,Strategy","Crafting,Strategy,Rogue-lite,Turn-Based Strategy,Rogue-like,2D,Choices Matter,Deckbuilding,Nonlinear,Procedural Generation,Turn-Based Combat,Hand-drawn,Fantasy,Magic,Adventure,Tactical,Singleplayer,Roguelike Deckbuilder,Early Access,Indie"
Medieval simulators: Baker,"Apr 28, 2023",0 - 20000,0,0,4.19,0,0,"['English', 'Italian', 'Spanish - Spain', 'Bulgarian', 'Dutch', 'Portuguese - Portugal', 'Russian', 'Swedish']",True,False,False,0,0,4,3,100,0,0,DeilRoXEntertainment,DeilRoXEntertainment,"Single-player,Steam Achievements,Family Sharing","Indie,RPG,Simulation","Simulation,Medieval,Farming Sim,RPG,Atmospheric,Relaxing,Historical,Agriculture,Nature,Realistic,First-Person,Colorful,Resource Management,Idler,CRPG,3D,Singleplayer,Life Sim,Cooking,Open World"
The House in Fata Morgana,"May 13, 2016",100000 - 200000,36,0,16.24,35,3,"['English', 'Japanese', 'Russian', 'Simplified Chinese', 'French', 'Italian', 'Korean']",True,False,False,0,0,4836,267,16,5193,1075,NOVECT,MangaGamer,"Single-player,Steam Achievements,Steam Trading Cards,Partial Controller Support,Steam Cloud,Family Sharing",Adventure,"Visual Novel,Story Rich,Gothic,Mystery,Romance,Psychological Horror,Atmospheric,Horror,Dark,Anime,Philosophical,Adventure,LGBTQ+,Singleplayer,Indie,Great Soundtrack,Multiple Endings,2D,Choices Matter,Choose Your Own Adventure"
The Spike Cross - Playtest,"Sep 17, 2025",0 - 0,0,0,0.0,0,0,[],True,False,False,0,0,0,0,0,0,0,,,,,
Tower Of Penguinaria,"Jan 2, 2025",0 - 0,0,0,0.0,0,1,['English'],True,False,False,0,0,0,0,0,0,0,RpgPenguin,RpgPenguin,Single-player,"Adventure,Indie,RPG,Free To Play,Early Access",
Xenomarine,"Apr 23, 2019",0 - 20000,0,0,1.49,0,0,['English'],True,True,True,0,0,51,7,55,0,0,Fourfold Games,Fourfold Games,"Single-player,Steam Achievements,Steam Leaderboards,Family Sharing","Adventure,Indie,RPG,Strategy","Traditional Roguelike,Rogue-like,Procedural Generation,Perma Death,Indie,Grid-Based Movement,Strategy,Adventure,RPG,Turn-Based,Sci-fi"
I Hate Robots,"Jun 26, 2025",0 - 20000,0,0,0.99,75,0,"['English', 'Russian', 'Simplified Chinese', 'Japanese', 'French', 'German', 'Spanish - Spain', 'Ukrainian']",True,False,False,0,0,0,0,28,0,0,MindReforge,MindReforge,"Single-player,Steam Achievements,Custom Volume Controls,Playable without Timed Input,Stereo Sound,Family Sharing","Action,Indie",
Our Freedom Playtest,"Jan 24, 2025",0 - 0,0,0,0.0,0,0,[],True,False,False,0,0,0,0,0,0,0,,,,,
Cosplay Crisis - Succubus Invasion,"Aug 1, 2024",0 - 20000,0,0,3.59,0,0,['English'],True,False,False,0,0,0,0,19,0,0,Azurezero,Azurezero,"Single-player,Steam Achievements,Full controller support,Family Sharing","Action,Casual",
Get Colossal Playtest,"Nov 3, 2025",0 - 0,0,0,0.0,0,0,[],True,False,False,0,0,0,0,0,0,0,,,,,
costrutto,"Sep 18, 2022",0 - 20000,0,0,1.99,0,0,['English'],True,True,False,0,0,2,1,0,0,0,"Volfson Studios,Cyberzonegames",Volfson Inc.,"Single-player,Family Sharing","Casual,Indie","Casual,City Builder,3D,Top-Down,Atmospheric,Rome,Singleplayer,Indie"
Pulse Shift,"Aug 29, 2016",0 - 20000,0,0,8.99,0,0,['English'],True,False,False,0,0,7,6,21,0,412,3 Core Studio,3 Core Studio,"Single-player,Steam Achievements,Steam Trading Cards,Steam Cloud,Family Sharing",Indie,"Indie,Puzzle,First-Person"
The Underground Man,"Sep 1, 2016",200000 - 500000,0,0,0.79,0,1,"['English', 'Russian']",True,True,False,0,0,1110,282,28,1309,196,Mehsoft,Mehsoft,"Single-player,Steam Achievements,Steam Trading Cards,Family Sharing","Adventure,Indie","Story Rich,Indie,Memes,Post-apocalyptic,Adventure,Atmospheric,RPG,Great Soundtrack,Classic,Singleplayer,Survival,2D,Pixel Graphics,Psychological Horror,Retro,Difficult,Action,Open World,Illuminati,Choices Matter"
Dragon's Ruler,"Oct 19, 2023",0 - 20000,0,0,3.99,0,0,"['English', 'French', 'Italian', 'German', 'Spanish - Spain', 'Simplified Chinese', 'Japanese']",True,False,False,0,0,4,2,0,0,0,COPIKAL,COPIKAL,"Single-player,Family Sharing","Indie,Strategy","Strategy,Turn-Based Strategy,Turn-Based Tactics,Wargame,Political Sim,PvE,Fantasy,2D,Top-Down,War,Indie,Choices Matter,Dragons,Multiple Endings,Singleplayer"
Alicemare,"Nov 21, 2016",50000 - 100000,0,0,1.19,60,0,"['English', 'Japanese', 'Italian']",True,False,False,0,0,993,129,13,1081,239,△○□× (Miwashiba),PLAYISM,"Single-player,Steam Achievements,Steam Trading Cards,Family Sharing","Adventure,Indie","Indie,Pixel Graphics,Adventure,RPGMaker,Anime,Horror,Psychological Horror,Puzzle,Multiple Endings,Story Rich,Singleplayer,2D,Great Soundtrack,RPG,Cute,Short,Fantasy,Atmospheric,Dark Fantasy,Casual"
A Million Murder Mysteries,"Feb 1, 2024",0 - 20000,0,0,1.59,20,0,['English'],True,False,False,0,0,0,0,0,0,0,Wholetone Games,Wholetone Games,"Single-player,Family Sharing",Simulation,
Paddle Flap,"Jul 10, 2023",0 - 20000,0,0,0.0,0,0,['English'],True,False,False,0,0,7,0,37,0,0,"Bastis,Bei",Raggmunk,"Single-player,Steam Achievements,Stats","Action,Casual,Indie,Sports,Free To Play","Casual,Arcade,Action,Score Attack,Pinball,Indie,Minimalist,Fast-Paced,Abstract,Stylized,Sports,Baseball,Hockey,2D,Sniper,Physics,Singleplayer,Family Friendly,Electronic Music,Collectathon"
Was It Worth It?,"Jun 23, 2021",50000 - 100000,0,0,1.49,70,0,['English'],True,False,False,0,0,37,3,14,0,0,Just Sauce Studio,Just Sauce Studio,"Single-player,Steam Achievements,Family Sharing","Adventure,Casual,Indie","Walking Simulator,Multiple Endings,Choices Matter,Exploration,Singleplayer,Adventure,First-Person,3D,Casual,Surreal,Colorful,Atmospheric,Comedy,Futuristic,Mystery,Nature,Post-apocalyptic,Relaxing,Robots,Sci-fi"
Stack World,"Sep 19, 2023",20000 - 50000,0,0,3.99,0,0,"['English', 'Dutch']",True,True,True,0,0,9,0,7,0,0,dev4all,dev4all,"Single-player,Steam Achievements,Steam Leaderboards,Includes level editor,Family Sharing","Casual,Indie","Physics,Level Editor,Score Attack,Logic,Casual,Indie,Puzzle,Singleplayer,2D"
World of Soccer RELOADED,"Oct 28, 2020",20000 - 50000,0,0,0.0,0,0,['English'],True,False,False,0,0,82,41,14,0,0,"JoneH,Dominik,Bonança,domi383",Wos Dev Team,"Multi-player,PvP,Online PvP,Co-op,Online Co-op,In-App Purchases","Free To Play,Indie,Massively Multiplayer,Sports","Sports,Massively Multiplayer,Competitive,Free to Play,Football (Soccer),Team-Based,Cartoony,Multiplayer,Online Co-Op,Indie,Arcade,Fast-Paced,Strategy,Top-Down,PvP,Co-op"
Blade Ballet,"Aug 9, 2016",0 - 20000,0,0,14.99,0,1,['English'],True,False,False,0,0,58,12,18,0,137,DreamSail Games,DreamSail Games,"Multi-player,PvP,Online PvP,Shared/Split Screen PvP,Shared/Split Screen,Steam Achievements,Full controller support,Steam Trading Cards,Remote Play on TV,Remote Play Together,Family Sharing","Action,Casual,Indie","Indie,Action,Casual,4 Player Local,Local Multiplayer,Multiplayer,Fighting"
Saphyro,"Mar 19, 2021",0 - 20000,0,0,0.55,0,0,"['English', 'French', 'German', 'Spanish - Spain', 'Portuguese - Brazil', 'Spanish - Latin America', 'Traditional Chinese', 'Simplified Chinese', 'Korean', 'Polish', 'Portuguese - Portugal', 'Russian', 'Turkish', 'Japanese']",True,False,False,0,0,8,4,5,0,0,A Korh,AlKorh,"Single-player,Steam Achievements,Family Sharing","Action,Casual,Indie","Casual,Arcade,3D Vision,Top-Down,Minimalist,Singleplayer,Action,Indie"
BOX IT,"Jun 4, 2018",0 - 20000,0,0,2.49,50,4,['English'],True,False,False,0,0,0,4,4,0,0,Phoenix Coalition,Phoenix Coalition,"Single-player,Steam Achievements,Steam Workshop,Partial Controller Support,Steam Cloud,Family Sharing","Casual,Indie","Indie,Casual,Puzzle,Singleplayer,Atmospheric"
Ecclesiastes Mistress Of Souls,"Dec 4, 2025",0 - 20000,0,0,9.99,0,0,['English'],True,False,False,0,0,0,0,0,0,0,Leon C.L.Dawes,Leon C.L.Dawes,"Single-player,Color Alternatives,Narrated Game Menus,Playable without Timed Input,Stereo Sound,Surround Sound,HDR available,Family Sharing","Action,Adventure,RPG",
Android Lode-Runner,"Aug 5, 2021",0 - 20000,0,0,4.99,0,0,['English'],True,False,False,0,0,2,2,0,0,0,jmApp,jmApp,"Single-player,Family Sharing","Action,Casual","Action,Arcade,2D Platformer,2D,Cute,1980s,Family Friendly,Funny,Futuristic,Nature,Old School,Relaxing,Retro,Tactical,Score Attack,Singleplayer,Runner,Casual"
Cave Crawler,"Apr 18, 2023",50000 - 100000,0,0,1.49,25,0,['English'],True,False,True,0,0,464,82,0,533,31,Technomancy Studios,Technomancy Studios,"Single-player,Full controller support,Family Sharing",Indie,"Horror,Walking Simulator,First-Person,3D,Psychological Horror,Linear,Realistic,Sci-fi,Thriller,Atmospheric,Indie,Adventure,Retro,1990's,Dark,Singleplayer"
Randomlands,"Sep 9, 2020",100000 - 200000,0,0,0.99,0,0,"['English', 'Turkish']",True,False,False,0,0,8,4,0,0,0,Atahan Öztürk,Atahan Öztürk,"Single-player,Family Sharing","Action,Indie","Action,Shooter,FPS,Looter Shooter,Rogue-lite,3D,First-Person,Destruction,Aliens,Capitalism,Comedy,Conspiracy,Physics,Military,Transhumanism,Sci-fi,Combat,Perma Death,Singleplayer,Artificial Intelligence"
"Chess, Texas","Jul 31, 2025",0 - 0,0,0,3.99,0,0,['English'],True,True,False,0,0,0,0,13,0,0,Studio Apollo,Studio Apollo,"Single-player,Multi-player,PvP,Online PvP,Steam Achievements,Adjustable Difficulty,Playable without Timed Input,Save Anytime,Family Sharing",Strategy,
Talented Exorcist won't submit to Tentacle Demon,"Nov 27, 2024",0 - 20000,0,0,15.99,20,0,"['Japanese', 'English', 'Simplified Chinese', 'Traditional Chinese']",True,False,False,0,0,0,0,14,0,100,けーわいけーわい,"072 Project,072 News","Single-player,Steam Achievements,Steam Cloud,Family Sharing","Action,Adventure,Indie,RPG",
さらば劇薬 -encore-,"Nov 21, 2022",0 - 0,0,0,0.0,0,0,['Japanese'],True,False,False,0,0,0,0,0,0,0,ひとりサークル「匙投げ部」,Waku Waku Games,Single-player,"Adventure,Free To Play,Indie",
Tribal Hunter,"Aug 21, 2022",20000 - 50000,8,0,10.49,0,1,"['English', 'Korean', 'German', 'Spanish - Spain', 'Japanese', 'Russian', 'Simplified Chinese', 'Traditional Chinese', 'Czech']",True,False,False,0,0,1457,49,56,1322,49,Melonsoda Soft,Melonsoda Soft,"Single-player,Steam Achievements,Full controller support,Steam Trading Cards,Family Sharing","Action,Casual,Indie","Action,2D Platformer,Action-Adventure,Platformer,Casual,Indie,Beat 'em up,Cute,Side Scroller,Cartoon,Anime,Pixel Graphics,Colorful,Singleplayer,Fantasy,Funny,Foreign,Retro,Nature,Hack and Slash"
Rayadium,"Aug 22, 2024",0 - 0,0,0,0.0,0,0,['English'],True,False,False,0,0,0,0,15,0,0,nobenx,nobenx,"Single-player,Steam Achievements,Partial Controller Support","Adventure,Casual,Indie,Free To Play",
RhythmSlinger,"Jul 26, 2021",0 - 20000,0,0,8.99,0,0,['English'],True,False,False,0,0,2,1,0,0,0,Jacob's Juicy Games Co.,Jacob's Juicy Games Co.,"Single-player,Tracked Controller Support,VR Only,Family Sharing",Action,"VR,Action,Rhythm,Music-Based Procedural Generation,Shooter,Arcade,Colorful,Fantasy,Magic,Space,Score Attack,Singleplayer"
Hammer & Anvil VR,"Feb 13, 2019",0 - 20000,0,0,4.99,0,0,['English'],True,False,False,0,0,36,23,0,0,0,Thibaut Blanca,Thibaut Blanca,"Single-player,Tracked Controller Support,VR Only,Family Sharing","Casual,Indie,RPG,Simulation","Indie,RPG,Casual,Simulation,VR"
Find My Love,"Apr 11, 2025",0 - 20000,0,0,0.99,0,0,"['English', 'Portuguese - Brazil']",True,False,False,0,0,1,0,24,0,0,Araujo Castle,Araujo Castle,"Single-player,Steam Achievements,Family Sharing",Casual,"Anime,Cute,Colorful,Relaxing,Romance,Casual,Atmospheric,Emotional,2D,Family Friendly,Faith,Retro,1980s,1990's,Card Game,Tabletop,Fantasy,Strategy,Indie,Puzzle"
Amulet Zero 零物语 - Optimize,"Aug 14, 2018",50000 - 100000,0,0,0.59,40,0,['Simplified Chinese'],True,False,False,0,0,43,8,21,0,0,ShiinaYashiro,ShiinaYashiro,"Single-player,Steam Achievements,Steam Cloud,Family Sharing","Indie,RPG","RPG,Indie,RPGMaker,Puzzle,Pixel Graphics,Anime,JRPG,2D Platformer,Puzzle-Platformer,Exploration,2D,Drama,Fantasy,Mystery,Emotional,Text-Based,Female Protagonist,Singleplayer,Retro,Choices Matter"
My Dorm - Season 1,"Oct 26, 2025",0 - 20000,0,0,9.59,20,0,"['English', 'Spanish - Spain', 'French', 'Italian', 'German', 'Simplified Chinese', 'Portuguese - Brazil', 'Russian', 'Turkish']",True,True,True,0,0,0,0,61,0,857,Tropecita Games,Tropecita Games,"Single-player,Steam Achievements,Family Sharing","Casual,Indie",
Fallen Young Wife~Netorare H without telling her husband~,"May 3, 2024",0 - 20000,2,0,8.99,25,0,"['Japanese', 'English', 'Simplified Chinese', 'Traditional Chinese']",True,False,False,0,0,0,0,7,133,12,瀧壺チャンネル,"072 Project,072 News","Single-player,Steam Achievements,Steam Cloud,Family Sharing","Casual,Indie,RPG,Simulation",
Rage Against the Machine Learning Playtest,"Jul 3, 2024",0 - 0,0,0,0.0,0,0,[],True,False,False,0,0,0,0,0,0,0,,,,,
Sleepless,"Oct 18, 2025",0 - 20000,0,0,4.19,30,0,"['English', 'French', 'German', 'Spanish - Spain', 'Danish', 'Russian']",True,False,False,0,0,0,0,6,0,0,"CaRuFy,Nagodo",Mental Studios,"Single-player,Multi-player,Co-op,Online Co-op,Steam Achievements,Family Sharing","Action,Adventure,Indie",
EA SPORTS FC™ 25,"Sep 26, 2024",0 - 20000,0,0,69.99,0,1,"['English', 'French', 'Italian', 'German', 'Spanish - Spain', 'Arabic', 'Czech', 'Danish', 'Dutch', 'Japanese', 'Korean', 'Norwegian', 'Polish', 'Portuguese - Brazil', 'Portuguese - Portugal', 'Russian', 'Simplified Chinese', 'Spanish - Latin America', 'Swedish', 'Traditional Chinese', 'Turkish']",True,False,False,0,0,0,0,39,93065,0,"EA Canada,EA Romania",Electronic Arts,"Single-player,Multi-player,PvP,Online PvP,Shared/Split Screen PvP,Co-op,Online Co-op,Shared/Split Screen Co-op,Shared/Split Screen,Cross-Platform Multiplayer,Steam Achievements,Full controller support,In-App Purchases,Adjustable Difficulty,Keyboard Only Option,Stereo Sound,Remote Play Together,HDR available","Simulation,Sports",
Mahjong Riichi Multiplayer,"May 17, 2018",20000 - 50000,0,0,0.0,0,0,['English'],True,True,False,0,0,27,4,19,0,0,Schickmair Games,Schickmair Games,"Single-player,Multi-player,Online PvP,Cross-Platform Multiplayer,Steam Achievements,Family Sharing","Casual,Strategy","Strategy,Casual,Mahjong"
ICONIC,"Jan 8, 2023",0 - 20000,0,0,0.0,0,0,['English'],True,False,False,0,0,13,0,1,0,0,Alex C. Grey,Alex C. Grey,Single-player,"Action,Adventure,Casual,Indie","Minimalist,Casual,2D,Puzzle,Arcade,Modern,Relaxing,Experimental,Top-Down,Sokoban,Indie,Surreal,Singleplayer,Adventure,Action,Early Access"
Metawork - Antique Shop Simulator,"Aug 16, 2025",0 - 0,0,0,6.62,0,0,"['English', 'French', 'Italian', 'German', 'Spanish - Spain', 'Polish', 'Portuguese - Portugal', 'Russian', 'Turkish', 'Czech', 'Simplified Chinese', 'Japanese']",True,False,False,0,0,0,0,0,0,0,Flugames,Flugames,"Single-player,Adjustable Difficulty,Playable without Timed Input,Save Anytime,Family Sharing","Indie,Simulation,Strategy,Early Access",
Fairies Praying To Heaven 2 ~ Great Devil's Return Match ~,"Oct 31, 2024",0 - 20000,0,0,14.39,20,0,"['Japanese', 'English']",True,False,False,0,0,1,0,24,0,0,Aqumari,Aqumari,"Single-player,Steam Achievements,Partial Controller Support,Steam Cloud,Family Sharing","Indie,RPG,Early Access","RPG,Hack and Slash,Party-Based RPG,JRPG,Female Protagonist,2D,Top-Down,Cute,Story Rich,Early Access,Anime,Indie,Colorful,Fantasy,Magic,Singleplayer"
Death Horizon: Cyberfusion,"Feb 27, 2025",0 - 20000,0,0,7.49,50,0,['English'],True,False,False,0,0,46,20,36,0,0,Horizon Lab,Horizon Lab,"Single-player,Steam Achievements,Tracked Controller Support,VR Only,Steam Leaderboards,Family Sharing","Action,Adventure,Indie","Physics,Rogue-like,Shooter,Atmospheric,Procedural Generation,Horror,FPS,Futuristic,Action Roguelike,First-Person,Adventure,Realistic,Action,Zombies,VR,Survival,Artificial Intelligence,3D,Military,6DOF"
"Gamitate - Meditate, Relax, Feel Better","May 10, 2021",0 - 20000,0,0,19.99,0,0,['English'],True,False,True,0,0,6,3,0,0,0,Infinity Apparatus,Infinity Apparatus,"Single-player,Family Sharing","Casual,Indie","Casual,Experimental,Exploration,Education,2D,Abstract,Colorful,Minimalist,Psychedelic,Stylized,Atmospheric,Drama,Emotional,Family Friendly,Futuristic,Modern,Philosophical,Psychological,Relaxing,Surreal"
Insectoid Descent,"Oct 31, 2024",0 - 20000,0,0,7.99,0,0,['English'],True,False,False,0,0,8,0,1,0,0,IntraMentalDev,Intramental Studios,"Single-player,Family Sharing","Action,Adventure,Casual,Indie","Shoot 'Em Up,Top-Down Shooter,Twin Stick Shooter,Sandbox,Shooter,Arcade,Action-Adventure,2D,Top-Down,Horror,Linear,Action,Colorful,Family Friendly,Stealth,Adventure,Pixel Graphics,Sci-fi,Atmospheric,Aliens"
HE ESCAPED,"Oct 20, 2023",0 - 20000,0,0,1.99,60,0,"['English', 'Spanish - Spain', 'French', 'Italian', 'German', 'Simplified Chinese', 'Japanese', 'Portuguese - Portugal', 'Russian']",True,False,False,0,0,11,2,12,0,0,Manuel I.,Manuel I.,"Single-player,Multi-player,PvP,Online PvP,Shared/Split Screen PvP,Shared/Split Screen,Steam Achievements,Full controller support,Steam Cloud,Remote Play Together,Family Sharing","Action,Adventure,Indie","Action-Adventure,Horror,Exploration,First-Person,Singleplayer,Surreal,Multiplayer,Dark,Supernatural,Survival Horror,4 Player Local,Action,Adventure,Indie,Split Screen,Local Multiplayer,Procedural Generation,Action Roguelike,PvP,Controller"
Hate's Offering,"Apr 6, 2022",20000 - 50000,0,0,3.99,0,0,"['English', 'French', 'German', 'Spanish - Spain', 'Spanish - Latin America']",True,True,False,0,0,0,3,0,0,0,AvrillionArts,AvrillionArts,"Single-player,Family Sharing","Action,Adventure","Puzzle,Exploration,3D,First-Person,Realistic,Alternate History,America,Atmospheric,Cold War,Dark,Detective,Horror,Investigation,Logic,Mystery,Psychological,Psychological Horror,Action,Supernatural,Adventure"
Chaos Control,"Feb 8, 2018",0 - 20000,0,0,2.09,0,0,['English'],True,False,False,0,0,18,14,0,0,0,Infogrames,Ziggurat,"Single-player,Family Sharing","Action,Adventure","Action,Adventure,On-Rails Shooter,1990's"
Go Home Dinosaurs!,"Mar 14, 2013",50000 - 100000,0,0,1.99,80,0,['English'],True,False,False,0,0,524,76,26,340,162,Fire Hose Games,Fire Hose Games,"Single-player,Steam Achievements,Steam Trading Cards,Family Sharing","Casual,Indie,Strategy","Tower Defense,Casual,Strategy,Dinosaurs,Indie,Cute,Family Friendly,Cartoony,Card Game,Singleplayer,Funny"
Astebros,"May 30, 2023",0 - 20000,0,0,2.59,0,0,['English'],True,False,False,0,0,40,2,35,0,0,Neofid Studios,PixelHeart,"Single-player,Multi-player,Co-op,Shared/Split Screen Co-op,Shared/Split Screen,Steam Achievements,Full controller support,Remote Play Together,Family Sharing","Action,Adventure","Action,Adventure,Action-Adventure,Singleplayer,Multiplayer,Action Roguelike,Rogue-like,Souls-like,Side Scroller,2D Platformer,Roguevania,2D,Colorful,Pixel Graphics,Swordplay,Demons,Fantasy,Magic,Medieval,Combat"
Lost Chronicles of Zerzura,"Jul 10, 2014",20000 - 50000,0,0,9.99,0,0,['English'],True,False,False,0,0,102,18,0,0,2,Cranberry Production,Viva Media,"Single-player,Family Sharing",Adventure,"Adventure,Point & Click,Puzzle"
NARUTO SHIPPUDEN: Ultimate Ninja STORM 3 Full Burst HD,"Oct 24, 2013",500000 - 1000000,23,0,9.99,0,0,"['English', 'French', 'Spanish - Spain', 'Italian', 'German', 'Portuguese - Brazil', 'Russian', 'Traditional Chinese']",True,False,False,80,0,12500,1440,54,10543,753,CyberConnect2 Co. Ltd.,BANDAI NAMCO Entertainment,"Single-player,Multi-player,PvP,Online PvP,Shared/Split Screen PvP,Steam Achievements,Full controller support,Steam Cloud,Stats,Steam Leaderboards,Remote Play Together,Family Sharing","Action,Adventure","Anime,Fighting,Action,Adventure,Ninja,Multiplayer,Controller,Singleplayer,Beat 'em up,Open World,3D Fighter,Fantasy,Local Multiplayer,PvP,Great Soundtrack,Co-op,Third Person,RPG,Atmospheric,Local Co-Op"
Boise Historic Natatorium,"Nov 27, 2018",0 - 20000,0,0,0.0,0,0,['English'],True,False,False,0,0,9,2,0,0,0,Gordon Roberts,Gordon Roberts,VR Only,Education,Education
Gravity Storm - First Mission,"Sep 5, 2025",0 - 20000,0,0,3.49,0,1,"['English', 'Spanish - Latin America', 'Portuguese - Brazil', 'Dutch', 'Spanish - Spain']",True,False,False,0,0,0,0,12,0,0,Jampley Games,Jampley Games,"Single-player,Steam Achievements,Full controller support,Steam Cloud,Steam Leaderboards,Family Sharing",Action,
Fly to hope,"Aug 25, 2022",20000 - 50000,0,0,0.49,0,0,"['English', 'German', 'Portuguese - Portugal', 'Simplified Chinese', 'Turkish', 'Spanish - Spain']",True,False,False,0,0,3,2,1,0,0,Huhi Games,Huhi Games,"Single-player,Family Sharing","Action,Adventure,Indie","Action,Metroidvania,Pixel Graphics,Adventure,Singleplayer,Exploration,Indie,Hand-drawn,2D Platformer,Post-apocalyptic,Thriller,2D,Shooter,Action-Adventure,Emotional,Mystery,Combat,Open World,Platformer"
No Captain Allowed!,"May 2, 2022",0 - 20000,0,0,4.99,0,0,"['English', 'Portuguese - Brazil', 'Spanish - Latin America']",True,False,False,0,0,14,9,21,0,0,9heads Game Studios,9heads Game Studios,"Single-player,Multi-player,Co-op,Online Co-op,Shared/Split Screen Co-op,Shared/Split Screen,Steam Achievements,Full controller support,Stats,Family Sharing","Action,Adventure,Indie","Action Roguelike,Indie,Adventure,PvE,Online Co-Op,Multiplayer,Rogue-lite,Rogue-like,Action-Adventure,Top-Down Shooter,3D,Stylized,Cute,Top-Down,Action,Third Person,Funny,Aliens,Space,Class-Based"
Wacky Wheels,"May 5, 2014",50000 - 100000,1,0,0.84,83,0,['English'],True,True,False,0,0,125,35,0,0,8,Beavis Soft,Apogee Entertainment,"Partial Controller Support,Family Sharing","Action,Racing","Racing,Action,Classic,Singleplayer,Retro,1990's"
10 Seconds to Win!,"Dec 28, 2021",0 - 20000,0,0,0.69,30,0,"['English', 'Portuguese - Brazil']",True,False,False,0,0,130,8,100,132,0,Vergiu,Vergiu,"Single-player,Steam Achievements,Full controller support,Steam Cloud,Family Sharing","Action,Casual,Indie","Time Attack,Pixel Graphics,Cute,Precision Platformer,Parkour,Difficult,Time Management,Rhythm,Atmospheric,Colorful,2D,Stylized,2D Platformer,Platformer,Indie,Casual,Singleplayer,Action-Adventure,Action,Linear"
Dystopia,"Aug 17, 2018",0 - 20000,0,0,0.0,0,0,"['English', 'Japanese']",True,True,False,0,0,0,1,0,0,0,BIG BOYS STUDIO,Step cloud inc.,"Single-player,Family Sharing","Violent,Adventure,Indie,Simulation,Strategy","Strategy,Adventure,Indie,Simulation,Violent"
BREAK ARTS III,"Sep 19, 2025",0 - 20000,0,0,17.99,0,1,"['English', 'Simplified Chinese', 'Traditional Chinese', 'Japanese']",True,False,False,0,0,0,0,27,260,108,MercuryStudio,PLAYISM,"Single-player,Multi-player,PvP,Online PvP,Co-op,Online Co-op,Steam Achievements,Custom Volume Controls,Adjustable Difficulty,Playable without Timed Input,Stereo Sound,Partial Controller Support,Steam Cloud,Family Sharing","Action,Indie,Racing,Sports",
The Final Breath,"Jul 20, 2025",0 - 0,0,0,11.99,0,0,"['Simplified Chinese', 'English', 'Japanese']",True,False,False,0,0,0,0,18,0,0,VirtualSpace,Wise Games,"Single-player,Steam Achievements,Family Sharing","Adventure,Indie,RPG",
AFFRAID,"Feb 20, 2025",0 - 20000,0,0,4.99,50,0,"['English', 'French', 'German', 'Spanish - Spain', 'Simplified Chinese', 'Korean', 'Spanish - Latin America', 'Japanese', 'Portuguese - Brazil', 'Portuguese - Portugal', 'Russian']",True,False,False,0,0,5,8,12,0,0,"Oedipe Games,Oedipe Games","Oedipes Games,Oedipe Games","Single-player,Steam Achievements,Family Sharing","Action,Adventure,Indie,RPG","Sexual Content,Nudity,Action,Zombies,Exploration,Violent,Female Protagonist,Third-Person Shooter,Gore,Shooter,Hidden Object,Survival Horror,Third Person,Singleplayer,Puzzle,Horror,Adventure,Nonlinear,Character Customization,Action Roguelike"
Jumbot,"Aug 30, 2025",0 - 0,0,0,1.49,0,0,"['English', 'Simplified Chinese']",True,False,False,0,0,0,0,0,0,0,Luyao Zhan,Luyao Zhan,"Single-player,Family Sharing","Action,Adventure,Casual,Indie",
Around the Fire,"Mar 20, 2020",0 - 20000,0,0,1.49,50,0,['English'],True,False,False,0,0,2,0,0,0,0,Sean Marty,Sean Marty,"Single-player,Family Sharing","Action,Adventure,Casual,Indie,Simulation","Action,Adventure,Indie,Casual,Simulation"
Nippon Dojo,"Jun 30, 2025",0 - 20000,0,0,1.99,0,0,['English'],True,False,False,0,0,0,0,0,0,0,Game Over Productions Inc.,Game Over Productions Inc.,"Single-player,Mouse Only Option,Playable without Timed Input,Touch Only Option,Family Sharing","Casual,Indie,RPG",
TENNISTRONIC,"Oct 29, 2024",0 - 20000,0,0,5.94,15,0,"['English', 'French', 'German', 'Spanish - Spain', 'Dutch', 'Russian', 'Italian', 'Simplified Chinese', 'Korean', 'Spanish - Latin America', 'Japanese', 'Polish', 'Portuguese - Brazil', 'Portuguese - Portugal', 'Ukrainian']",True,False,False,0,0,17,0,6,0,0,Gametheus,Gametheus,"Single-player,Multi-player,PvP,Shared/Split Screen PvP,Shared/Split Screen,Steam Achievements,Full controller support,Stats,Steam Leaderboards,Remote Play Together,Family Sharing","Action,Casual,Indie,Sports,Early Access","Retro,1980s,1990's,Old School,Pinball,Tennis,Early Access,Sports,Futuristic,Difficult,Competitive,Arcade,Immersive,PvE,Singleplayer,Local Multiplayer,Indie,Action,Casual,3D"
たき火と猫,"Dec 2, 2025",0 - 0,0,0,1.99,0,0,['Japanese'],True,False,False,0,0,0,0,0,0,0,Rirmor,Rirmor,"Single-player,Custom Volume Controls,Mouse Only Option,Playable without Timed Input,Family Sharing","Simulation,Early Access",
Kojou,"Feb 28, 2021",0 - 20000,0,0,1.99,50,0,['English'],True,False,False,0,0,1,0,27,0,0,Acureus,Acureus,"Multi-player,PvP,Online PvP,Co-op,Online Co-op,Steam Achievements,Steam Cloud,Family Sharing","Action,Adventure,Indie,RPG,Early Access","Multiplayer,Stealth,Indie,Survival Horror,Adventure,Survival,2D,Experimental,Horror,Action,Stylized,Atmospheric,Investigation,PvP,Team-Based,Co-op,Online Co-Op,Early Access,Social Deduction,Action-Adventure"
Coincremental,"Aug 1, 2025",0 - 20000,0,0,2.99,25,0,['English'],True,False,False,0,0,0,0,100,0,0,Fractal Forge,Fractal Forge,"Single-player,Steam Achievements,Steam Cloud,Family Sharing","Casual,Indie,Simulation",
CoinBlock Clicker,"May 23, 2024",0 - 20000,2,0,3.19,20,0,['English'],True,False,False,0,0,7,6,32,0,0,FMGames,FMGames,"Single-player,Steam Achievements,In-App Purchases,Family Sharing","Casual,Indie","Casual,Idler,Clicker,Arcade,Linear,Pixel Graphics,Family Friendly,Indie,Retro,Singleplayer"
孵化之地 wild eclosion,"Jul 6, 2023",0 - 20000,0,0,6.99,0,0,"['Simplified Chinese', 'English']",True,False,False,0,0,3,3,12,0,0,PixelChords,PixelChords,"Single-player,Family Sharing","Adventure,Casual,Indie,RPG,Strategy","Singleplayer,Casual,2D,Strategy,Pixel Graphics,Rogue-lite,RPG,Building,Tower Defense,Rogue-like,Perma Death,Adventure,Base-Building,Indie,Strategy RPG,Stylized,Level Editor"
Is this a Game yet?,"Jul 10, 2025",0 - 0,0,0,1.19,0,0,['English'],True,False,False,0,0,0,0,0,0,0,Onizumi Kohari,Little Needle Interactive,"Single-player,Family Sharing","Indie,Early Access",
Escape From The Grim,"Feb 13, 2020",0 - 20000,0,0,4.99,0,0,['English'],True,False,False,0,0,1,0,0,0,0,NG Smith,NG Smith,"Single-player,Full controller support,Family Sharing","Action,Adventure,Casual,Indie","Action,Indie,Casual,Adventure,Horror,2D Platformer"
Dino Lost,"Aug 25, 2021",0 - 20000,0,0,4.99,0,0,"['English', 'Portuguese - Brazil']",True,False,False,0,0,1,0,0,0,0,Supernova Game Studio,Supernova Game Studio,"Single-player,Family Sharing","Action,Adventure,Indie,RPG","Action,RPG,Indie,Adventure,Dinosaurs"
SexyHub ❤️,"Apr 5, 2020",0 - 20000,0,0,0.49,51,0,['English'],True,False,False,0,0,0,0,0,0,0,EroticDream Games,EroticDream Games,"Single-player,Family Sharing","Casual,Indie,Simulation",
Roboden,"Jul 28, 2023",0 - 20000,1,0,5.99,0,0,"['English', 'Russian']",True,True,True,0,0,65,11,35,0,0,"quasilyte,shooQrow",quasilyte tech,"Single-player,Multi-player,PvP,Shared/Split Screen PvP,Co-op,Shared/Split Screen Co-op,Shared/Split Screen,Steam Achievements,Partial Controller Support,Remote Play Together,Family Sharing",Strategy,"2D,Pixel Graphics,RTS,Robots,Auto Battler,Resource Management,Automation,Real Time Tactics,Rogue-lite,Building,Economy,Sci-fi,Strategy,Tactical,Base-Building,Procedural Generation,PvE,Action RTS,Local Co-Op,Local Multiplayer"
Nelly Cootalot: Spoonbeaks Ahoy! HD,"May 22, 2019",50000 - 100000,0,0,0.99,50,1,"['English', 'French', 'German', 'Spanish - Spain', 'Polish']",True,True,True,80,0,169,19,12,155,49,"Alasdair Beckett-King,Application Systems Heidelberg",Application Systems Heidelberg,"Single-player,Steam Achievements,Custom Volume Controls,Mouse Only Option,Playable without Timed Input,Save Anytime,Stereo Sound,Family Sharing","Adventure,Indie","Adventure,Indie,Female Protagonist,Point & Click,Pirates,Hand-drawn,Cute,Puzzle,Singleplayer,2D,Comedy,Funny,Great Soundtrack,Story Rich,Third Person,Classic,Atmospheric"
Deadland: Fallen Apartment 禁闭乐园：堕罪之寓,"Sep 11, 2025",0 - 20000,0,0,3.51,12,1,"['Simplified Chinese', 'English']",True,False,False,0,0,0,0,15,153,0,Ronin SoftWork,Ronin SoftWork,"Single-player,Steam Achievements,Family Sharing","Action,Adventure,Indie,RPG",
ElectricVLab,"Dec 20, 2018",0 - 20000,0,0,9.74,25,0,"['English', 'Russian']",True,False,False,0,0,50,7,0,0,92,Q1TEK LLC,Q1TEK LLC,"Single-player,Steam Cloud,Family Sharing",Simulation,"Simulation,Education,Electronic"
Close Combat: The Bloody First,"Oct 3, 2019",20000 - 50000,3,0,15.99,0,0,"['English', 'German', 'Spanish - Spain', 'French', 'Traditional Chinese']",True,False,False,0,0,242,215,0,398,38,Matrix Games,Matrix Games,"Single-player,Multi-player,PvP,Online PvP,Steam Cloud,Family Sharing","Simulation,Strategy","Strategy,Military,Simulation,War,Tactical,Real Time Tactics,Wargame,Historical,World War II,Singleplayer,Real-Time,Turn-Based Tactics,Multiplayer,Replay Value,Real-Time with Pause,Artificial Intelligence,Tanks,Great Soundtrack,Resource Management"
Dungeon CompAInions,"Jun 12, 2025",0 - 0,0,0,0.0,0,0,['English'],True,False,False,0,0,0,0,0,0,0,"Nurah Hüter,Julian Resch,Robin Troyer","Nurah Hüter,Julian Resch,Robin Troyer",Single-player,"Action,Adventure,Casual,Indie,Free To Play",
Valley of Dragons,"Oct 11, 2021",0 - 20000,0,0,0.0,0,0,['English'],True,False,False,0,0,5,1,0,0,0,Tigerlilly2931,The Dargons,"Single-player,Tracked Controller Support,VR Only","Casual,Simulation,Early Access","Casual,Simulation,Dragons,VR,Magic,Nature,Medieval,Singleplayer,Immersive Sim,Family Friendly,Early Access,Life Sim,Atmospheric,Linear,Creature Collector,3D"
SoundKilla,"Apr 24, 2025",0 - 0,0,0,0.0,0,0,['English'],True,False,False,0,0,0,0,0,0,0,Brent Balkaran (Nayt Breeze),Brent Balkaran (Nayt Breeze),"Single-player,Multi-player,PvP,Online PvP,Shared/Split Screen PvP,Co-op,Online Co-op,Shared/Split Screen Co-op,Shared/Split Screen,Remote Play Together","Action,Indie,Massively Multiplayer,Free To Play,Early Access",
Model Building Restoration,"May 31, 2021",0 - 20000,0,0,199.99,0,0,"['English', 'French', 'Italian', 'German', 'Spanish - Spain', 'Arabic', 'Bulgarian', 'Czech', 'Danish', 'Dutch', 'Finnish', 'Greek', 'Hungarian', 'Japanese', 'Korean', 'Norwegian', 'Polish', 'Portuguese - Portugal', 'Portuguese - Brazil', 'Romanian', 'Russian', 'Simplified Chinese', 'Spanish - Latin America', 'Swedish', 'Thai', 'Traditional Chinese', 'Turkish', 'Ukrainian', 'Vietnamese']",True,True,True,0,0,0,18,3,0,0,Hede,Hede,"Single-player,Steam Achievements,Steam Leaderboards,Family Sharing","Action,Casual,Indie,Racing,Simulation,Sports","Outbreak Sim,Bullet Hell,Shoot 'Em Up,Racing,Hack and Slash,Souls-like,Sports,Dungeon Crawler,BMX,Boxing,Automobile Sim,Farming Sim,Life Sim,Action RPG,Action-Adventure,3D,Base-Building,Building,Crafting,Physics"
だっかん！モンスターの島,"Feb 24, 2024",0 - 20000,0,0,3.99,0,0,['Japanese'],True,False,False,0,0,0,0,18,0,0,たすくたすてす,たすくたすてす,"Single-player,Family Sharing","Action,Strategy",
Mini Settlers,"May 6, 2025",20000 - 50000,19,0,8.44,35,0,"['English', 'French', 'German', 'Japanese', 'Korean', 'Polish', 'Russian', 'Simplified Chinese', 'Arabic', 'Spanish - Spain', 'Portuguese - Brazil', 'Traditional Chinese', 'Turkish']",True,False,False,0,0,414,56,67,529,149,Knight Owl Games,"Goblinz Publishing,IndieArk","Single-player,Steam Achievements,Steam Trading Cards,Adjustable Text Size,Camera Comfort,Custom Volume Controls,Adjustable Difficulty,Mouse Only Option,Playable without Timed Input,Save Anytime,Steam Cloud,Stats,Family Sharing","Indie,Simulation,Strategy","Base-Building,Automation,Minimalist,Colony Sim,Farming,Sandbox,Management,City Builder,Strategy,Simulation,Singleplayer,Real-Time,Transportation,Building,Casual,Relaxing,Procedural Generation,Trains,Resource Management,Abstract"
The Emperor Penguin Keita,"Mar 30, 2023",0 - 20000,0,0,0.59,70,0,"['English', 'Simplified Chinese', 'French', 'German', 'Spanish - Spain', 'Traditional Chinese', 'Portuguese - Portugal', 'Korean', 'Japanese', 'Italian', 'Danish', 'Ukrainian', 'Russian', 'Bulgarian', 'Hungarian', 'Turkish', 'Greek', 'Norwegian', 'Czech', 'Polish', 'Thai', 'Swedish', 'Romanian', 'Finnish', 'Dutch', 'Portuguese - Brazil', 'Spanish - Latin America', 'Vietnamese']",True,False,False,0,0,5,0,0,0,0,African boy Keita studio,African boy Keita studio,"Single-player,Family Sharing","Casual,Indie","Casual,Adventure,Action-Adventure,Platformer,2D Platformer,Puzzle-Platformer,Side Scroller,2D,Cartoon,Cute,Minimalist,Indie,Third Person,Relaxing,Nature,Physics,Singleplayer"
Mars Power Industries: First Job,"Jun 9, 2020",0 - 20000,0,0,0.0,0,0,"['English', 'French', 'Italian', 'German', 'Spanish - Spain', 'Arabic', 'Japanese', 'Korean', 'Polish', 'Portuguese - Portugal', 'Russian', 'Simplified Chinese']",True,True,True,0,0,61,4,0,0,0,"7A Games,Rarykos","7A Games,Kurki.games",Single-player,"Casual,Indie","Puzzle,Indie,Wholesome,Cozy,Hand-drawn,Atmospheric,Relaxing,Board Game,Cute,2D,Singleplayer,Linear,Casual,Minimalist,Tabletop,Turn-Based,Pixel Graphics,Logic,Great Soundtrack,Mars"
Fatty Maze's Adventures,"Feb 19, 2015",0 - 20000,0,0,5.99,0,0,"['English', 'Japanese', 'Russian', 'Simplified Chinese']",True,True,False,0,0,7,7,0,0,0,Five Cubed,T.G.S. TRUE GAMES STUDIO LIMITED,"Single-player,Family Sharing","Adventure,Casual,Indie,Simulation","Adventure,Indie,Casual,Simulation"
Fright Night Sex Fest,"Dec 18, 2020",0 - 20000,0,0,9.99,0,2,['English'],True,False,False,0,0,0,0,0,0,0,SinVR,SinVR,"Single-player,Tracked Controller Support,Family Sharing",Simulation,
Keali,"Sep 28, 2023",0 - 20000,0,0,0.0,0,0,['English'],True,False,True,0,0,15,2,0,0,0,Mandable Games LLC,Mandable Games LLC,"Single-player,Partial Controller Support,Steam Leaderboards","Action,Adventure,Indie,Free To Play,Early Access","Platformer,2D Platformer,Action,Precision Platformer,Fantasy,2D,Controller,Indie,Adventure,PvE,Early Access,Singleplayer,Puzzle-Platformer,Time Management,Puzzle,Minimalist,Nature,Linear,Free to Play"
Fateweaver: Smash or Pass,"Apr 10, 2023",0 - 20000,0,0,2.39,0,0,['English'],True,False,False,0,0,73,4,0,0,0,Randumb Studios,Randumb Studios,"Single-player,Full controller support,Family Sharing","Adventure,Casual,Indie,RPG,Simulation","Simulation,Choices Matter,RPG,Multiple Endings,Visual Novel,Choose Your Own Adventure,Horror,Rogue-lite,Survival,Emotional,Psychological,Philosophical,Anime,Tabletop,Interactive Fiction,Memes,Relaxing,LGBTQ+,Female Protagonist,Investigation"
Thigh Climbers,"Apr 24, 2020",0 - 20000,0,0,7.99,0,0,['English'],True,False,False,0,0,2,0,10,0,0,"Monarchy Media, LLC","Monarchy Media, LLC","Single-player,Multi-player,PvP,Shared/Split Screen PvP,Shared/Split Screen,Steam Achievements,Partial Controller Support,Family Sharing","Action,Casual,Indie,Sports","Casual,Action,Indie,Sports,Comedy"
That Makes Sense,"Feb 17, 2023",0 - 20000,0,0,0.0,0,0,['English'],True,False,False,0,0,5,1,6,0,0,Daniel Snow,Daniel Snow,"Single-player,Steam Achievements,Full controller support,Steam Cloud","Casual,Indie,Free To Play","Puzzle,Logic,Singleplayer,Choices Matter,Sokoban,2D,Casual,Hex Grid,Strategy,Pixel Graphics,Family Friendly,Minimalist,Early Access,Programming,Top-Down,Indie,Free to Play"
Aeon of Sands - The Trail,"Dec 4, 2018",0 - 20000,0,0,6.88,59,2,['English'],True,True,True,0,0,98,15,24,107,253,Two Bits Kid,Two Bits Kid,"Single-player,Steam Achievements,Steam Cloud,Remote Play on Phone,Remote Play on Tablet,Family Sharing","Adventure,Indie,RPG","RPG,Indie,Dungeon Crawler,Grid-Based Movement,Party-Based RPG,Post-apocalyptic,Singleplayer,Choose Your Own Adventure,Adventure,Choices Matter,Replay Value,First-Person,CRPG,Fantasy,Pixel Graphics,Real-Time,Story Rich,Sci-fi,Action,Action RPG"
じゃんつの -Janken Horn-,"Jan 13, 2025",0 - 20000,0,0,7.99,0,0,['Japanese'],True,False,False,0,0,9,5,0,0,0,BG2研,holo Indie,"Single-player,Multi-player,PvP,Online PvP,Shared/Split Screen PvP,Shared/Split Screen,Steam Leaderboards,Family Sharing","Casual,Indie,Strategy","Casual,Strategy,Card Game,Turn-Based Tactics,2D,Cute,PvP,Indie,Singleplayer,Multiplayer"
Caribbean Odyssey,"Nov 12, 2015",0 - 20000,0,0,9.99,0,0,['English'],True,False,False,0,0,1,16,0,0,0,Imran Arafat,Reality Gameware,"Single-player,Full controller support,Family Sharing","Action,Adventure,Casual,Indie","Indie,Action,Adventure,Casual,Pirates"
Roxy Raccoon,"Oct 15, 2021",0 - 20000,0,0,2.49,0,0,['English'],True,False,False,0,0,37,2,49,0,0,Sinomod Studios,Sinomod Studios,"Single-player,Steam Achievements,Full controller support,Camera Comfort,Color Alternatives,Custom Volume Controls,Playable without Timed Input,Stereo Sound,Steam Cloud,Steam Leaderboards,Family Sharing",Adventure,"Adventure,3D Platformer,Collectathon,Family Friendly,Third Person,Exploration,Colorful,Minigames,Action,Platformer,Cute,Magic,Nature,Singleplayer,Controller,Sports,3D,Relaxing,Indie,Character Customization"
Street & Girls,"Aug 30, 2022",0 - 20000,0,0,0.49,0,2,['English'],True,False,False,0,0,0,0,40,0,0,IR Studio,IR Studio,"Single-player,Steam Achievements,Family Sharing","Casual,Indie",
Pocket Rumble,"Feb 1, 2016",0 - 20000,0,0,9.99,0,0,"['English', 'Japanese']",True,False,False,0,0,158,47,0,151,155,Cardboard Robot Games,"Chucklefish Games,DANGEN Entertainment","Single-player,Multi-player,PvP,Online PvP,Shared/Split Screen PvP,Shared/Split Screen,Full controller support,Captions available,Stats,Steam Leaderboards,Remote Play Together,Family Sharing","Action,Indie,Early Access","Indie,Action,Early Access,2D Fighter,Fighting,Pixel Graphics"
Grozs Fantasy World,"Aug 29, 2023",0 - 20000,0,0,2.99,0,0,"['English', 'Russian', 'Simplified Chinese']",True,False,False,0,0,1,0,6,0,0,SuCnGAME,SuCnGAME,"Single-player,Family Sharing","Action,Adventure,Indie,RPG","Adventure,Action,RPG,Action-Adventure,Action RPG,2D Platformer,Runner,2D,Pixel Graphics,Cartoon,Indie,Fantasy,Combat,Linear,Singleplayer"
Evil Wizard,"May 25, 2023",0 - 20000,0,0,9.99,50,1,"['English', 'French', 'Italian', 'German', 'Spanish - Spain', 'Japanese', 'Polish', 'Portuguese - Portugal', 'Portuguese - Brazil', 'Russian', 'Simplified Chinese', 'Spanish - Latin America']",True,False,False,0,0,102,16,43,0,32,Rubber Duck Games,E-Home Entertainment Development Company Ltd.,"Single-player,Steam Achievements,Full controller support,Steam Trading Cards,Steam Cloud,Remote Play on TV,Family Sharing","Action,Adventure,Indie,RPG","Story Rich,Hack and Slash,Dungeon Crawler,Action RPG,Pixel Graphics,Exploration,Villain Protagonist,Dark Comedy,2D,RPG,Funny,Action-Adventure,Top-Down,Dark Humor,Linear,Action,Singleplayer,Dark Fantasy,Magic,Adventure"
Solicitude Wake-up,"Nov 9, 2020",0 - 20000,0,0,0.99,0,0,['English'],True,False,False,0,0,2,4,0,0,0,JR Production,JR Production,"Single-player,Tracked Controller Support,VR Only,Family Sharing","Adventure,Strategy","Horror,VR,Stealth,Survival,Survival Horror,Psychological Horror,Adventure,Immersive Sim,Strategy,Realistic,Mystery,Sci-fi,Dark,Tactical,Emotional,Zombies,Story Rich,Choices Matter,3D,Singleplayer"
Lawnmower Game 3: Horror,"Oct 10, 2018",0 - 20000,0,0,0.69,86,0,['English'],True,False,False,0,0,26,21,0,0,0,"Tero Lunkka,Jacob Clevenger",Tero Lunkka,"Single-player,Family Sharing","Casual,Indie,Simulation","Casual,Simulation,Indie,Hentai,Dating Sim,3D,Immersive Sim,Horror,Survival Horror,Psychological Horror,Open World,Singleplayer,Sequel,Sexual Content,Gore"
Goblin and Coins II,"Apr 11, 2023",0 - 20000,0,0,0.99,0,0,"['English', 'Spanish - Spain', 'Russian', 'Portuguese - Brazil', 'Serbian', 'German', 'Ukrainian', 'Greek', 'Turkish']",True,False,True,0,0,21,2,30,0,0,Nikola Bulj,Nikola Bulj,"Single-player,Steam Achievements,Full controller support,Adjustable Difficulty,Playable without Timed Input,Steam Cloud,Remote Play on TV,Family Sharing","Adventure,Casual,Indie","Indie,Adventure,Casual,Platformer,Metroidvania,Fantasy,Side Scroller,Exploration,2D,Precision Platformer,Pixel Graphics,Retro,Singleplayer,2D Platformer,Controller,Difficult"
Project UFO草稿版 Playtest,"Jul 3, 2023",0 - 0,0,0,0.0,0,0,[],True,False,False,0,0,0,0,0,0,0,,,,,
HamsterBall Soccer,"Jul 27, 2023",20000 - 50000,0,0,1.99,0,0,['English'],True,False,False,0,0,1,0,11,0,0,Shinjo Games,Shinjo Games,"Single-player,Multi-player,PvP,Shared/Split Screen PvP,Co-op,Shared/Split Screen Co-op,Shared/Split Screen,Steam Achievements,Full controller support,Remote Play on TV,Remote Play Together,Family Sharing","Casual,Sports","4 Player Local,Sports,Local Multiplayer,Multiplayer,Football (Soccer),Local Co-Op,Co-op,Arcade,Cute,e-sports,Stylized,3D,Physics,Top-Down,Parody,Score Attack,Team-Based,Character Customization,Singleplayer,Casual"
VR Dinosaur City War,"Aug 19, 2023",0 - 20000,0,0,0.95,76,0,"['English', 'Japanese', 'Simplified Chinese', 'Traditional Chinese', 'Korean']",True,False,False,0,0,0,0,0,0,0,Rocky Studio,Rocky Studio,"Single-player,VR Only,Family Sharing","Action,Adventure,Casual,RPG,Simulation",
Happy Flappy,"Apr 24, 2025",0 - 20000,0,0,5.99,0,0,"['English', 'French', 'Italian', 'German', 'Spanish - Spain', 'Japanese', 'Simplified Chinese']",True,True,True,0,0,1,0,14,0,0,Improve Games,Improve Games,"Single-player,Steam Achievements,Full controller support,Family Sharing","Action,Casual","Runner,Flight,Casual,Tutorial,Arcade,2D,Action,Funny,Linear,Procedural Generation,Relaxing,Colorful,Cartoon,Singleplayer,Birds"
The Running Man 2,"Feb 28, 2024",0 - 20000,1,0,0.0,0,1,['English'],True,False,False,0,0,20,8,46,0,0,samuel crevier,samuel crevier,"Single-player,Steam Achievements,Partial Controller Support,Steam Cloud,Steam Leaderboards","Action,Adventure,Strategy,Free To Play","Strategy,Action,Adventure,Action-Adventure,2D Platformer,2D,Tactical,Psychological,Artificial Intelligence,Free to Play,Physics,Singleplayer"
Topsy Turvy,"May 13, 2021",0 - 20000,0,0,2.99,0,0,['English'],True,False,True,0,0,1,0,0,0,0,Brian Duhaime,Brian Duhaime,"Single-player,Full controller support,Family Sharing","Indie,Racing","Racing,Casual,Arcade,Platformer,3D Platformer,Indie,Precision Platformer,2.5D,Colorful,Retro,Stylized,Singleplayer,Difficult,Time Attack"
Her New Memory - Hentai Simulator,"Feb 8, 2022",0 - 20000,5,0,1.99,80,1,"['English', 'Russian', 'Portuguese - Brazil', 'Simplified Chinese', 'Spanish - Spain', 'Spanish - Latin America', 'Italian', 'German', 'Polish', 'French', 'Turkish']",True,False,False,0,0,0,0,100,3248,388,Zodiacus Games,Zodiacus Games,"Single-player,Steam Achievements,Steam Trading Cards,Steam Workshop,Steam Cloud,Family Sharing","Casual,Indie,Simulation",
Divided Land Playtest,"Dec 21, 2023",0 - 0,0,0,0.0,0,0,[],True,False,False,0,0,0,0,0,0,0,,,,,
Call of Duty: United Offensive,"Oct 13, 2006",200000 - 500000,17,0,14.99,0,0,"['English', 'French', 'Italian']",True,False,False,87,0,1872,281,0,2110,241,Gray Matter Studios,Activision,"Single-player,Multi-player,Family Sharing",Action,"Action,World War II,FPS,Singleplayer,Multiplayer,Shooter,Military,Classic,Historical,War,First-Person,Violent,Atmospheric,Story Rich"
Robocoder - Dwarf Mountain,"Nov 27, 2022",0 - 20000,0,0,7.99,0,0,['English'],True,False,True,0,0,1,0,0,0,0,3DisturbedMonkeys,3DisturbedMonkeys,"Single-player,Partial Controller Support,Family Sharing","Adventure,Casual,Indie,Early Access","Early Access,Platformer,Logic,Education,Puzzle,Puzzle-Platformer,Robots,Casual,Adventure,Science,Story Rich,Strategy,Exploration,Detective,3D Platformer,Sandbox,Hidden Object,3D,Sci-fi,Interactive Fiction"
Hentai Tales: Taboo Sisters,"Jan 30, 2025",0 - 20000,0,0,0.59,0,0,"['English', 'French', 'German', 'Spanish - Spain', 'Russian', 'Japanese', 'Ukrainian', 'Simplified Chinese', 'Traditional Chinese', 'Portuguese - Portugal', 'Korean', 'Malay']",True,True,True,0,0,0,0,20,0,0,Hentai works,Hentai works,"Single-player,Steam Achievements,Steam Cloud,Family Sharing","Casual,Indie,Strategy",
Waxworks: Curse of the Ancestors,"Dec 20, 2021",20000 - 50000,0,0,3.74,75,1,"['English', 'French', 'German', 'Spanish - Spain', 'Czech', 'Polish', 'Russian', 'Turkish']",True,False,False,0,0,25,22,0,0,0,Went2Play LLC,Went2Play LLC,"Single-player,Family Sharing","Action,Adventure,Indie,RPG","Action,Adventure,RPG,Indie,Gore,Violent,Horror,First-Person,Exploration,Remake,Puzzle,Early Access,Atmospheric,Action RPG,Action-Adventure,Crafting,Game Development,Zombies,Story Rich,Character Action Game"
HTR+ Slot Car Simulation,"May 29, 2014",0 - 20000,0,0,6.99,0,0,"['English', 'German']",True,True,False,0,0,36,23,0,0,0,QUByte Interactive,Libredia Entertainment,"Single-player,Partial Controller Support,Family Sharing",Racing,"Racing,Automobile Sim,Simulation"
Quiplash 2 InterLASHional,"Apr 8, 2020",20000 - 50000,2,0,4.99,50,0,"['French', 'Italian', 'German', 'Spanish - Spain', 'English']",True,True,True,0,0,332,32,10,323,248,"Jackbox Games, Inc.","Jackbox Games, Inc.","Multi-player,PvP,Shared/Split Screen PvP,Co-op,Shared/Split Screen Co-op,Shared/Split Screen,Steam Achievements,Full controller support,Steam Cloud,Remote Play on Phone,Remote Play on Tablet,Remote Play on TV,Remote Play Together,Family Sharing","Casual,Indie,Strategy","Indie,Casual,Strategy,Local Multiplayer,Party Game,Comedy,Funny,Party"
Silver Tale,"Aug 11, 2017",20000 - 50000,2,0,6.99,0,0,['English'],True,False,False,0,0,61,26,0,0,51,Playcademy,Shaman Game Studios,"Single-player,Family Sharing",Casual,"Casual,Match 3,Puzzle"
Hidden Cats in Spooky Village,"Oct 23, 2025",0 - 20000,0,0,3.99,20,2,"['English', 'Portuguese - Portugal']",True,True,False,0,0,0,0,81,0,152,Nukearts Studio,Nukearts Studio,"Single-player,Steam Achievements,Full controller support,Color Alternatives,Custom Volume Controls,Mouse Only Option,Save Anytime,Stereo Sound,Steam Cloud,Family Sharing","Casual,Indie",
Harem Hunter: Sex-ray Vision,"Jan 15, 2021",0 - 20000,1,0,4.19,0,0,"['English', 'Spanish - Spain', 'Spanish - Latin America', 'Simplified Chinese', 'Traditional Chinese']",True,True,True,0,0,0,0,29,145,6,Miel,Cherry Kiss Games,"Single-player,Steam Achievements,Full controller support,Family Sharing",Casual,
Spider Caro,"Jun 27, 2024",0 - 20000,0,0,1.99,0,0,"['English', 'Simplified Chinese', 'Spanish - Spain', 'Russian']",True,False,False,0,0,4,1,4,0,0,undownsidable,undownsidable,"Single-player,Family Sharing","Action,Adventure,Indie,RPG,Strategy","Strategy,2D Platformer,Adventure,Action,2D,RPG,Physics,Puzzle-Platformer,Singleplayer,Exploration,Space,Indie,Fantasy,Alternate History,Science,Linear,Platformer"
Armoured Commander,"Jul 20, 2020",20000 - 50000,0,0,0.0,0,0,['English'],True,False,False,0,0,37,6,0,0,0,Gregory Adam Scott,Gregory Adam Scott,Single-player,Strategy,"Wargame,Tanks,World War II,Turn-Based Strategy,Strategy,Perma Death,Rogue-like,2D,Turn-Based Combat,Turn-Based Tactics,Minimalist,Military,Hex Grid,War,Modern,Old School,Combat,Singleplayer,Free to Play"
Programming Simulator,"Dec 15, 2024",0 - 20000,0,0,5.39,40,0,"['English', 'French', 'German', 'Spanish - Spain', 'Russian', 'Japanese', 'Simplified Chinese', 'Traditional Chinese', 'Portuguese - Brazil', 'Korean']",True,False,False,0,0,7,3,11,0,0,Bunny Bit,Bunny Bit,"Single-player,Steam Achievements,Steam Workshop,Steam Workshop,Steam Cloud,Family Sharing","Indie,Simulation,Strategy","Programming,Simulation,Education,Logic,Game Development,Strategy,Indie,Singleplayer,2D Platformer,Moddable,Crafting,2D,Text-Based"
Caution Ahead: Part 1,"Sep 20, 2024",0 - 20000,0,0,1.19,70,0,['English'],True,False,False,0,0,25,0,24,0,0,Ionic Relay,Ionic Relay,"Single-player,Steam Achievements,Captions available,Family Sharing","Adventure,Indie","Horror,Indie,Survival Horror,Stealth,Adventure,Atmospheric,First-Person,Hidden Object,Walking Simulator,Narration,Mystery,Singleplayer,Exploration"
Coffee Quest VR,"Nov 6, 2024",0 - 20000,0,0,3.99,0,0,['English'],True,False,False,0,0,17,3,0,0,0,Keycap Games LLC,Keycap Games LLC,"Single-player,Tracked Controller Support,VR Only,Family Sharing","Indie,Simulation","Simulation,Casual,Sandbox,Immersive Sim,Time Management,Cute,Realistic,Stylized,Atmospheric,Cooking,Crafting,Family Friendly,Management,Relaxing,6DOF,Inventory Management,Physics,Resource Management,Tutorial,Singleplayer"
Horny Fantasy Girl Hentai,"May 28, 2021",0 - 20000,0,0,0.99,0,0,"['English', 'Traditional Chinese', 'Russian']",True,False,False,0,0,0,0,12,0,0,HornyStudio,HornyStudio,"Single-player,Steam Achievements,Family Sharing","Adventure,Casual,Indie",
怪奇幻想夢物語 怪獣綺譚 朧十夜,"Sep 12, 2018",0 - 20000,0,0,3.79,0,0,['Japanese'],True,False,False,0,0,2,0,0,0,0,ときてっと,ときてっと,"Single-player,Family Sharing","Adventure,Casual,Indie","Adventure,Indie,Casual,2D,Romance,Visual Novel,Anime"
All At Once,"Sep 2, 2025",0 - 0,0,0,3.19,0,0,"['English', 'French', 'German', 'Spanish - Spain', 'Japanese', 'Korean', 'Simplified Chinese']",True,False,False,0,0,0,0,0,0,0,Studio SoSeong,Studio SoSeong,"Single-player,Full controller support,Keyboard Only Option,Family Sharing","Adventure,Casual,Indie",
6th Dimension,"Sep 25, 2020",0 - 20000,0,0,0.0,0,0,['English'],True,False,False,0,0,22,18,0,0,0,Guerilla Media,Guerilla Media,Single-player,"Adventure,Casual,Indie","Casual,Puzzle,Arcade,Exploration,Choose Your Own Adventure,3D,Colorful,First-Person,Realistic,Adventure,Indie,Nature,Sci-fi,Nonlinear,Singleplayer,Free to Play"
Detective Holmes: Trap for the Hunter. Hidden objects. 探し物,"Mar 23, 2018",0 - 20000,1,0,3.99,20,0,"['English', 'French', 'Italian', 'German', 'Spanish - Spain', 'Dutch', 'Japanese', 'Korean', 'Russian', 'Simplified Chinese']",True,True,False,0,0,51,15,5,0,204,Crisp App Studio,Crisp App Studio,"Single-player,Steam Achievements,Steam Trading Cards,Steam Leaderboards,Family Sharing","Adventure,Casual,Indie","Casual,Indie,Adventure,Hidden Object,Detective,Singleplayer,Relaxing,Puzzle,Competitive,Cartoony,Colorful,Family Friendly,Crime,Atmospheric,Point & Click"
The shadow of the cherry trees,"Jul 10, 2025",0 - 20000,0,0,0.99,0,0,"['English', 'French', 'Spanish - Spain']",True,False,False,0,0,0,0,0,0,0,Julien Chiari,Julien Chiari,"Single-player,Playable without Timed Input,Save Anytime,Family Sharing",Adventure,
Haeven,"Aug 4, 2016",20000 - 50000,0,0,0.0,0,0,['English'],True,False,False,0,0,30,17,0,0,213,Cleril Calamity Studios,Cleril Calamity Studios,"Single-player,Steam Trading Cards","Adventure,Indie,RPG,Free To Play","Adventure,RPG,Indie,Free to Play,RPGMaker"
Sidecar Evolution 2024,"Aug 12, 2024",0 - 0,0,0,0.0,0,0,"['English', 'French', 'Italian', 'German', 'Spanish - Spain', 'Czech', 'Dutch', 'Hungarian', 'Portuguese - Brazil', 'Portuguese - Portugal', 'Swedish', 'Danish', 'Finnish', 'Greek', 'Norwegian', 'Polish', 'Romanian', 'Spanish - Latin America', 'Ukrainian']",True,False,False,0,0,0,0,30,0,0,Petr Šimůnek,Petr Šimůnek,"Single-player,Multi-player,MMO,PvP,Online PvP,Steam Achievements,Full controller support,In-App Purchases,Steam Cloud,Stats,Steam Leaderboards","Action,Casual,Indie,Massively Multiplayer,Racing,Simulation,Sports,Free To Play,Early Access",
A Flicker of Light,"Mar 8, 2022",0 - 20000,1,0,4.99,0,0,"['Simplified Chinese', 'English']",True,False,False,0,0,118,21,0,120,0,饺子社,饺子社,"Single-player,Family Sharing",Indie,"Adventure,Visual Novel,Anime,Drama,Story Rich,Singleplayer,Indie,Dystopian,Multiplayer"
Vint: Realtime Video Interpolation and CRT Emulation,"Mar 18, 2025",0 - 20000,0,0,15.0,25,0,['English'],True,False,False,0,0,3,0,0,0,0,William Sokol Erhard,William Sokol Erhard,HDR available,"Animation & Modeling,Utilities,Video Production,Game Development","Utilities,Video Production,Animation & Modeling,Game Development,2D,3D,Software"
War Ender,"Jul 26, 2018",0 - 20000,0,0,0.59,0,1,['English'],True,False,False,0,0,0,0,16,0,0,Infinite Level,Infinite Level,"Single-player,Steam Achievements,Partial Controller Support,Family Sharing",Action,
Ruruka and the Grand Sorcerer's Erotic Trap Dungeon,"Oct 4, 2024",0 - 20000,0,0,4.49,0,0,"['English', 'Japanese', 'Simplified Chinese', 'Traditional Chinese']",True,False,False,0,0,0,0,0,0,0,Sazamekidori,Eroge Japan,"Single-player,Partial Controller Support,Steam Cloud,Family Sharing","Casual,Indie,RPG",
Power Tools VR,"Oct 25, 2017",0 - 20000,0,0,1.99,0,0,['English'],True,False,False,0,0,6,4,0,0,0,"Onteca Ltd,CGA Simulation","Onteca Ltd,CGA Simulation","Single-player,Tracked Controller Support,VR Only,Family Sharing","Casual,Simulation","Casual,Simulation,VR"
Rumours From Elsewhere,"Mar 31, 2021",20000 - 50000,0,0,2.49,50,0,"['English', 'Italian']",True,False,False,0,0,12,0,41,0,0,Notte Studio Games S.R.L.S,Notte Studio Games S.R.L.S,"Single-player,Multi-player,PvP,Shared/Split Screen PvP,Co-op,Shared/Split Screen Co-op,Shared/Split Screen,Full controller support,Family Sharing",Action,"Action,Rogue-lite,Adventure,Platformer,Rogue-like,Side Scroller,2.5D,Lore-Rich,Local Co-Op,Split Screen,Retro,Stylized,Fantasy,Magic,Mystery,Mythology,Hack and Slash,Old School,Class-Based,Foreign"
The Bunny Graveyard,"Sep 22, 2023",100000 - 200000,1,0,3.49,0,0,"['English', 'Spanish - Latin America', 'French', 'Italian', 'Japanese', 'Korean', 'Polish', 'Portuguese - Brazil', 'Swedish']",True,False,False,0,0,1205,57,20,1219,94,Pichon Games,Pichon Games,"Single-player,Steam Achievements,Full controller support,Steam Trading Cards,Custom Volume Controls,Stereo Sound,Steam Cloud,Family Sharing","Action,Adventure,Indie","Action,Pixel Graphics,Horror,Psychological Horror,Action-Adventure,Puzzle,Cute,Top-Down,Point & Click,2D,Survival Horror,Female Protagonist,Adventure,Cartoony,Fantasy,Lore-Rich,Retro,Story Rich,Episodic,Mystery"
Aqua Rally,"Apr 26, 2019",0 - 20000,0,0,3.99,0,0,['English'],True,False,False,0,0,2,4,0,0,0,PixelXYZ,PixelXYZ,"Single-player,Multi-player,PvP,Online PvP,Full controller support,Family Sharing","Action,Indie,Racing,Early Access","Indie,Racing,Action,Early Access"
Voyager-19,"May 19, 2024",100000 - 200000,0,0,2.99,25,0,['English'],True,True,True,0,0,669,81,0,847,63,Deep Root Interactive,Deep Root Interactive,"Single-player,Full controller support,Family Sharing",Indie,"Horror,Space,Sci-fi,Retro,Singleplayer,Exploration,Puzzle,Space Sim,2D,3D,Text-Based,Lovecraftian,Adventure,Aliens,Dark,Futuristic,Linear,Indie"
Sauna of the DEAD,"Feb 3, 2025",0 - 20000,0,0,3.49,50,0,"['English', 'Japanese', 'Simplified Chinese', 'Traditional Chinese']",True,True,True,0,0,35,1,43,0,0,Finger tip,KAMIICHI DIGITAL,"Single-player,Steam Achievements,Full controller support,Steam Cloud,Steam Leaderboards,Family Sharing","Action,Adventure,Indie,RPG","RPG,Action,Adventure,Action RPG,Action-Adventure,Creature Collector,CRPG,2D,Pixel Graphics,Minimalist,Top-Down,1990's,Old School,Comedy,Dark,Dark Comedy,Retro,Funny,Atmospheric,PvE"
Quantum Gravity,"Mar 17, 2023",0 - 20000,0,0,5.99,0,2,['English'],True,False,False,0,0,1,0,10,0,0,Ethernal Studio,Ethernal Studio,"Single-player,Multi-player,PvP,Online PvP,Steam Achievements,Steam Cloud,Family Sharing","Action,Indie,Strategy","Action,Strategy,2D Fighter,Shooter,Combat,Platformer,Beat 'em up,Singleplayer,Sci-fi,Controller,Futuristic,2D,Space,Colorful,Dark,Multiplayer,2D Platformer,Bullet Hell,Shoot 'Em Up,PvP"
Yakuza Undisputed,"Jul 17, 2022",0 - 20000,0,0,1.99,0,0,['English'],True,True,False,0,0,4,4,0,0,0,Flint Okoye,Flint Okoye,"Single-player,Partial Controller Support,Family Sharing","Action,Adventure,Indie","Action,Adventure,Action-Adventure,Beat 'em up,Shoot 'Em Up,2.5D,Cinematic,Crime,Martial Arts,Indie,Underground,Combat,Story Rich,Singleplayer"
Ploc,"Feb 17, 2022",0 - 20000,0,0,2.99,0,0,"['English', 'Portuguese - Brazil']",True,False,False,0,0,4,0,16,0,0,Pau-Brasil Games,Pau-Brasil Games,"Single-player,Steam Achievements,Full controller support,Family Sharing","Adventure,Casual,Indie","Retro,Indie,Minimalist,Casual,Pixel Graphics,2D,Physics,Puzzle-Platformer,Puzzle,Precision Platformer,Action-Adventure,2D Platformer,Platformer,Strategy,Adventure,Action,Linear,Family Friendly,Singleplayer,Controller"
Block Assembly Simulator,"Feb 26, 2020",0 - 20000,0,0,7.99,0,0,['Korean'],True,False,False,0,0,0,0,0,0,0,Lego Amigo,Lego Amigo,"Single-player,Family Sharing","Casual,Simulation",
Model Railway Easily 2,"Oct 30, 2021",0 - 20000,0,0,19.99,0,0,['English'],True,False,False,0,0,12,8,0,0,0,Redbrick Studios Ltd,Redbrick Studios Ltd,"Single-player,Family Sharing","Casual,Simulation","Simulation,Casual,Atmospheric,Relaxing,3D,Immersive Sim,Cute,Funny,Modern,City Builder,Sandbox,Realistic,Colorful,First-Person,Building,Management,Transportation,Base-Building,Open World,Trains"
REALITY,"Oct 30, 2020",0 - 20000,0,0,1.99,0,0,['English'],True,False,False,0,0,13,1,0,0,0,LunaRolexLer,LunaRolexLer,"Single-player,Full controller support,Steam Cloud,Family Sharing","Action,Indie","Adventure,Psychedelic,Action RPG,Action-Adventure,Abstract,Indie,Singleplayer,Mystery,CRPG,Tactical RPG,2D,Action,Cartoon,Comedy,RPGMaker,Memes,Pixel Graphics,Turn-Based Combat,Funny,Female Protagonist"
Steps From Above,"Oct 20, 2021",0 - 20000,0,0,0.99,0,0,['English'],True,False,False,0,0,4,3,0,0,0,Filipsouthstargamestudio,Filipsouthstargamestudio,"Single-player,Family Sharing","Action,Adventure,Indie,Strategy","Strategy,Action,FPS,Adventure,Shooter,Horror,Realistic,Indie,Singleplayer"
Our Darker Purpose,"Jan 29, 2014",50000 - 100000,1,0,14.99,0,1,['English'],True,False,False,74,0,601,131,64,549,170,Avidly Wild Games,Avidly Wild Games,"Single-player,Steam Achievements,Steam Trading Cards,Partial Controller Support,Steam Cloud,Family Sharing","Action,Indie,RPG","Indie,Action Roguelike,Rogue-like,Action,RPG,Rogue-lite,Difficult,Procedural Generation,Female Protagonist,Dark,Perma Death,Gothic,Singleplayer,2D,Kickstarter,Great Soundtrack,Dark Fantasy"
Keystones,"Mar 1, 2019",20000 - 50000,0,0,0.99,0,0,"['English', 'Portuguese - Brazil']",True,False,False,0,0,2,0,2,0,0,Growing Seed Games,Growing Seed Games,"Single-player,Steam Achievements,Family Sharing",Casual,Casual
Brigador: Up-Armored Edition,"Jun 2, 2016",200000 - 500000,8,0,6.49,74,6,"['English', 'French', 'German', 'Spanish - Spain', 'Japanese', 'Portuguese - Brazil', 'Russian', 'Italian', 'Simplified Chinese', 'Traditional Chinese', 'Polish', 'Korean']",True,True,True,0,0,5127,335,65,4377,195,"Stellar Jockeys,Gausswerks",Stellar Jockeys,"Single-player,Steam Achievements,Full controller support,Steam Trading Cards,Color Alternatives,Custom Volume Controls,Adjustable Difficulty,Playable without Timed Input,Stereo Sound,Steam Cloud,Includes level editor,Family Sharing","Action,Indie","Twin Stick Shooter,Action,Top-Down Shooter,Mechs,Difficult,Sci-fi,Destruction,Cyberpunk,Rogue-lite,Isometric,Action Roguelike,Vehicular Combat,Shooter,Top-Down,Indie,Dystopian,Atmospheric,Capitalism,Robots,Soundtrack"
Tactical AR,"Nov 7, 2017",0 - 20000,0,0,12.99,0,0,['English'],True,False,False,0,0,8,1,0,0,0,Tactical AR,Tactical AR,"Single-player,Tracked Controller Support,VR Only,Steam Cloud,Includes level editor,Family Sharing","Action,Simulation,Early Access","Action,Simulation,Early Access,Gore,Violent,VR"
Cosmic Star Lounge,"Aug 19, 2025",0 - 20000,0,0,17.99,0,0,['English'],True,False,False,0,0,0,0,16,0,0,Bax Digital GmbH,BAX Verse SRL,"Multi-player,PvP,Online PvP,LAN PvP,Co-op,Online Co-op,LAN Co-op,Steam Achievements,VR Only,Stats,Steam Leaderboards,Family Sharing","Action,Casual,Sports",
Cosmic Outpost,"Dec 5, 2024",0 - 20000,0,0,2.99,70,0,"['English', 'Simplified Chinese', 'Portuguese - Brazil', 'Japanese', 'Korean', 'Turkish']",True,True,True,0,0,5,0,0,0,0,Gökdeniz Yılmaz,Gökdeniz Yılmaz,"Single-player,Family Sharing","Indie,Simulation,Strategy","Simulation,Strategy,Turn-Based Strategy,City Builder,Turn-Based Tactics,3D,Colorful,Cartoony,Top-Down,Sci-fi,Space,Indie,Aliens,Resource Management,Singleplayer,Space Sim,Exploration"
Lilia: The Fallen Flower in the Prison City,"Mar 21, 2025",0 - 20000,12,0,15.99,20,1,"['English', 'Japanese', 'Simplified Chinese']",True,False,False,0,0,92,22,0,101,1589,Acerola,Kagura Games,"Single-player,Steam Cloud,Family Sharing","Casual,Indie,RPG","Casual,RPG,Sexual Content,Anime,JRPG,Hentai,Cute,Singleplayer,Nudity,Indie,Mature,NSFW,Female Protagonist,RPGMaker"
Lockdown Hero,"Jul 20, 2020",0 - 20000,0,0,4.99,0,0,['English'],True,False,False,0,0,14,4,0,0,0,Brick Geek Games,Brick Geek Games,"Single-player,Family Sharing","Action,Adventure,Casual,Indie","Adventure,Open World,Cute,3D Platformer,Post-apocalyptic,RPG,Character Customization,Survival,Superhero,Action-Adventure,3D,Memes,Choose Your Own Adventure,Open World Survival Craft,Colorful,Funny,Parkour,Relaxing,Driving,Hunting"
Uncle Chuck Incorporated,"May 30, 2025",0 - 20000,0,0,4.99,0,0,['English'],True,False,False,0,0,5,2,0,0,0,RedRockGS,RedRockGS,"Single-player,Family Sharing","Action,Adventure,Indie,Simulation,Strategy","Horror,Survival Horror,First-Person,Psychological Horror,Singleplayer,Dark,Multiplayer,Survival,Adventure,Atmospheric,Walking Simulator,Strategy,Story Rich,Exploration,3D,Realistic,Investigation,Thriller,Action,Simulation"
Special Forces War - Zombie Attack,"Nov 28, 2023",0 - 0,0,0,0.0,0,0,"['English', 'Simplified Chinese', 'Japanese', 'Traditional Chinese', 'Portuguese - Brazil', 'Portuguese - Portugal', 'Korean']",True,False,False,0,0,0,0,0,0,0,Special Forces War - Zombie Attack,FutureGameStudio,"Single-player,In-App Purchases,Family Sharing","Casual,Indie,RPG,Simulation,Strategy,Free To Play",
Radiant Exodus,"May 24, 2025",20000 - 50000,0,0,1.79,55,0,['English'],True,False,False,0,0,16,2,0,0,0,Horrawr,Horrawr,"Single-player,Family Sharing","Action,Adventure,Indie,RPG","FPS,Survival Horror,3D,Action RPG,Action,First-Person,Adventure,Shoot 'Em Up,Shooter,Post-apocalyptic,Action-Adventure,Aliens,Cyberpunk,Demons,Futuristic,Horror,Mars,Sci-fi,Space,Survival"
Kitchen Sync: Aloha! Playtest,"Apr 6, 2023",0 - 0,0,0,0.0,0,0,[],True,False,False,0,0,0,0,30,0,0,,,,,
Submerged: Hidden Depths,"Mar 9, 2022",20000 - 50000,2,0,29.99,0,1,"['English', 'French', 'Italian', 'German', 'Spanish - Spain', 'Japanese', 'Portuguese - Portugal', 'Danish', 'Finnish', 'Korean', 'Norwegian', 'Russian', 'Swedish', 'Polish', 'Portuguese - Brazil', 'Simplified Chinese', 'Traditional Chinese', 'Turkish']",True,False,False,0,0,666,73,14,666,185,Uppercut Games Pty Ltd,Uppercut Games Pty Ltd,"Single-player,Steam Achievements,Full controller support,Steam Cloud,Family Sharing",Adventure,"Exploration,Relaxing,Female Protagonist,Walking Simulator,3D,Open World,Family Friendly,Atmospheric,Colorful,Emotional,Nature,Adventure,Singleplayer,Collectathon,Post-apocalyptic,Third Person,Controller,Multiplayer,Puzzle-Platformer,Epic"
SGS Battle For: Fort Donelson,"Nov 14, 2024",0 - 20000,0,0,12.49,50,0,"['English', 'French', 'Spanish - Spain']",True,True,False,0,0,5,0,0,0,0,"Strategy Game Studio,Vincent Bernard",Avalon Digital,"Single-player,Multi-player,PvP,Co-op,Remote Play Together,Family Sharing",Strategy,"Strategy,Turn-Based Strategy,Grand Strategy,Wargame,Turn-Based Tactics,2D,Colorful,War,Historical,Story Rich,Co-op,Singleplayer,Multiplayer"
Cake Platformer,"Jul 11, 2024",20000 - 50000,0,0,0.49,51,0,['English'],True,False,False,0,0,5,3,5,0,0,Bonittor Games,Bonittor Games,"Single-player,Steam Achievements,Family Sharing","Adventure,Casual","Casual,Adventure,3D Fighter,Platformer,Walking Simulator,3D Platformer,Hidden Object,Runner,Third Person,3D,3D Vision,Cute,Surreal,Fantasy,Linear,Singleplayer,Choose Your Own Adventure,Action-Adventure"
Dark Ride: The Feline Fix,"Dec 2, 2025",0 - 0,0,0,1.99,0,0,['English'],True,False,False,0,0,0,0,0,0,0,Paleozoic,Entermotion,"Single-player,Tracked Controller Support,VR Only,Family Sharing","Adventure,Casual,Indie,Simulation",
Survival Nation,"Feb 2, 2023",0 - 20000,0,0,11.99,60,0,"['English', 'French', 'Italian', 'German', 'Spanish - Spain', 'Traditional Chinese', 'Simplified Chinese', 'Japanese', 'Korean']",True,False,False,0,0,173,67,65,225,50,Wenkly Studio Sp. z o.o.,Wenkly Studio Sp. z o.o.,"Single-player,Multi-player,PvP,Online PvP,Co-op,Online Co-op,Cross-Platform Multiplayer,Tracked Controller Support,VR Only,Family Sharing","Action,Adventure,Indie,RPG","VR,Zombies,Survival,Open World,Multiplayer,Action,Post-apocalyptic,Action RPG,Exploration,Crafting,Adventure,Character Customization,RPG,FPS,First-Person,3D,Fishing,Hunting,America,Story Rich"
SquareWorld Unpixeled,"Oct 26, 2018",0 - 20000,0,0,2.99,70,0,"['English', 'German', 'French', 'Italian', 'Spanish - Spain', 'Bulgarian', 'Czech', 'Danish', 'Dutch', 'Finnish', 'Greek', 'Hungarian', 'Japanese', 'Polish', 'Portuguese - Portugal', 'Romanian', 'Russian', 'Simplified Chinese', 'Swedish', 'Turkish', 'Ukrainian']",True,False,False,0,0,13,4,10,0,0,SnowEagle Entertainment,SnowEagle Entertainment,"Single-player,Multi-player,PvP,Co-op,Online Co-op,Cross-Platform Multiplayer,Steam Achievements,Steam Workshop,Family Sharing","Action,Adventure,Indie","Indie,Adventure,Sandbox,2D,Crafting,Multiplayer,Exploration,Singleplayer,Procedural Generation,Medieval,Co-op,Platformer,Action,Building,Survival,Action-Adventure,Minimalist,2D Platformer,Pixel Graphics,Cute"
Yoshimitsu Hatsumi,"Jul 22, 2021",0 - 20000,0,0,0.49,90,0,"['English', 'French', 'Italian', 'German', 'Spanish - Spain', 'Arabic', 'Bulgarian', 'Portuguese - Brazil', 'Hungarian', 'Vietnamese', 'Greek', 'Danish', 'Spanish - Latin America', 'Traditional Chinese', 'Simplified Chinese', 'Korean', 'Dutch', 'Norwegian', 'Polish', 'Portuguese - Portugal', 'Romanian', 'Russian', 'Thai', 'Turkish', 'Ukrainian', 'Finnish', 'Czech', 'Swedish', 'Japanese', 'Azerbaijani', 'Albanian', 'Amharic', 'Armenian', 'Assamese', 'Afrikaans', 'Basque', 'Belarusian', 'Bangla', 'Bosnian', 'Valencian', 'Welsh', 'Wolof', 'Galician', 'Georgian', 'Gujarati', 'Dari', 'Zulu', 'Hebrew', 'Igbo', 'Indonesian', 'Irish', 'Icelandic', 'Yoruba', 'Kazakh', 'Kannada', 'Catalan', 'Quechua', 'Kinyarwanda', K'iche', 'Konkani', 'Xhosa', 'Khmer', 'Kyrgyz', 'Latvian', 'Lithuanian', 'Luxembourgish', 'Macedonian', 'Malay', 'Malayalam', 'Maltese', 'Maori', 'Marathi', 'Mongolian', 'Nepali', 'Odia', 'Punjabi (Gurmukhi)', 'Punjabi (Shahmukhi)', 'Persian', 'Serbian', 'Sotho', 'Sinhala', 'Sindhi', 'Slovak', 'Slovenian', 'Sorani', 'Swahili', 'Tajik', 'Tamil', 'Tatar', 'Telugu', 'Tigrinya', 'Tswana', 'Turkmen', 'Uzbek', 'Uyghur', 'Urdu', 'Filipino', 'Hausa', 'Hindi', 'Croatian', 'Cherokee', 'Scots', 'Estonian']",True,False,False,0,0,11,7,6,0,0,Amvrella,khukhrovr,"Single-player,Steam Achievements,Family Sharing","Action,Adventure,Indie","Looter Shooter,Side Scroller,Spectacle fighter,Dungeon Crawler,Beat 'em up,Sandbox,3D,Action,Ninja,Hand-drawn,Atmospheric,Combat,3D Vision,Adventure,PvE,3D Fighter,Boxing,Shooter,Indie,Third Person"
P0,"Oct 3, 2021",0 - 20000,0,0,6.99,0,0,['English'],True,False,False,0,0,6,8,5,0,0,Splithead Fungus Studio,Splithead Fungus Studio,"Single-player,Family Sharing","Action,Adventure,Indie","Experimental,Conspiracy,Dark,Puzzle,Political,Action,Story Rich,Minimalist,Grid-Based Movement,Indie,2D,Pixel Graphics,Singleplayer,Exploration,Adventure,Early Access,Abstract,Action-Adventure,Dungeon Crawler"
Gate Breakers Playtest,"Aug 15, 2025",0 - 0,0,0,0.0,0,0,[],True,False,False,0,0,0,0,0,0,0,,,,,
Ys X: Proud Nordics,"Aug 20, 2025",0 - 20000,0,0,47.99,0,59,"['Simplified Chinese', 'Traditional Chinese', 'Korean']",True,False,False,0,0,0,0,56,239,2294,Nihon Falcom,Clouded Leopard Entertainment,"Single-player,Steam Achievements,Full controller support,Steam Cloud,Family Sharing","Action,RPG",
Start Running,"Jul 8, 2024",0 - 20000,0,0,1.49,70,0,['English'],True,False,True,0,0,6,0,15,0,0,beepsoft industries,beepsoft industries,"Single-player,Steam Achievements,Partial Controller Support,Family Sharing","Adventure,Casual","Interactive Fiction,Horror,Visual Novel,Point & Click,Choices Matter,2D,First-Person,Psychological Horror,Surreal,Multiple Endings,Story Rich,Conversation,Narration,Text-Based,Casual,Hand-drawn,Pixel Graphics,Logic,Thriller,Dog"
Where is Paradise ?,"Jun 11, 2024",0 - 20000,0,0,0.99,0,0,"['English', 'French', 'Korean']",True,True,True,0,0,29,7,0,0,0,Spynosa Studio,Spynosa Studio,"Multi-player,PvP,Online PvP,Co-op,Online Co-op,Family Sharing","Casual,Indie","Multiplayer,Online Co-Op,Social Deduction,Mystery Dungeon,Exploration,Puzzle,2D,Colorful,Cute,Mystery,Atmospheric,Team-Based,PvP,Adventure,Top-Down,Party Game,Minigames,Fantasy,Indie,Casual"
Chameleon Man,"Jul 31, 2018",0 - 20000,0,0,1.99,0,0,"['English', 'Korean']",True,False,False,0,0,1,0,6,0,0,Softzen,Softzen,"Single-player,Steam Achievements,Steam Cloud,Family Sharing",Indie,Indie
Cute Suika: Big Watermelon,"Aug 9, 2024",0 - 20000,2,0,2.49,50,0,"['English', 'Japanese', 'Korean', 'Russian', 'Simplified Chinese', 'Traditional Chinese']",True,False,False,0,0,44,5,24,0,88,Tora Creatives,Tora Creatives,"Single-player,Steam Achievements,Camera Comfort,Color Alternatives,Custom Volume Controls,Adjustable Difficulty,Mouse Only Option,Steam Cloud,Family Sharing","Casual,Indie,Simulation,Strategy","Sexual Content,Nudity,Mature,NSFW,Hentai,Strategy,Anime,2D,Clicker,Colorful,Puzzle,Cute,Physics,Funny,Wholesome,Score Attack,Relaxing,Singleplayer,Cozy,Casual"
"Guns, Blocks, and Steel","Dec 20, 2024",20000 - 50000,0,0,0.0,0,1,['English'],True,False,False,0,0,6,2,32,0,0,Silver,Silver,"Single-player,Multi-player,PvP,Online PvP,LAN PvP,Co-op,Online Co-op,LAN Co-op,Steam Achievements","Action,Indie,Free To Play","FPS,Shooter,Voxel,Destruction,Building,PvP,Driving,Military,Mining,PvE,Tactical,Combat,Base-Building,Procedural Generation,Physics,War,Action,3D,First-Person,Stylized"
Puzzle One,"Jul 13, 2017",0 - 20000,0,0,0.99,0,0,['English'],True,False,True,0,0,9,2,0,0,3,Portponky,Shambles Software,"Single-player,Steam Workshop,Steam Leaderboards,Includes level editor,Family Sharing","Casual,Indie","Indie,Casual,Puzzle,Difficult"
With Me: Aquatic Time,"Dec 11, 2025",0 - 20000,0,0,6.99,0,0,"['English', 'Simplified Chinese', 'Traditional Chinese', 'Japanese']",True,True,False,0,0,0,0,20,0,0,Sensory Patch Games,Sensory Patch Games,"Single-player,Multi-player,Steam Achievements,Steam Cloud,Stats,Steam Leaderboards,Family Sharing","Casual,Indie,Simulation,Early Access",
击魂Z / Beat The Soul Z,"Feb 19, 2023",0 - 20000,0,0,1.99,0,0,"['English', 'Simplified Chinese']",True,False,False,0,0,1,1,0,0,0,THETABLE Z,THETABLE Z,"Single-player,Family Sharing","Action,Indie","Action,2D Platformer,Action-Adventure,Action RPG,Pixel Graphics,Platformer,Arcade,Top-Down Shooter,Futuristic,Action Roguelike,Sci-fi,Puzzle-Platformer,Top-Down,Post-apocalyptic,Fantasy,Cyberpunk,Combat,Linear,Singleplayer,2D"
Hunter Legends,"Jun 18, 2024",0 - 20000,0,0,1.59,0,1,"['English', 'Norwegian', 'Japanese', 'Simplified Chinese', 'Traditional Chinese', 'French', 'German', 'Spanish - Spain', 'Danish', 'Indonesian', 'Portuguese - Portugal', 'Korean']",True,False,False,0,0,1,0,0,0,0,GPRO Games,GPRO Games,"Single-player,Family Sharing","Action,Indie,RPG","RPG,Open World,Third Person,Action-Adventure,3D Platformer,Adventure,3D,Realistic,Hunting,Survival,Action,Indie,Nature,Crafting,Combat,Singleplayer"
Imaginary Friend Asylum,"May 19, 2024",0 - 20000,0,0,4.99,0,0,['English'],True,False,False,0,0,51,0,0,0,158,Nightmare Emporium,Nightmare Emporium,"Single-player,Full controller support,Family Sharing","Action,Adventure,Indie,Simulation","Action,Adventure,Simulation,Interactive Fiction,Exploration,3D,Cinematic,First-Person,Realistic,Atmospheric,Conspiracy,Dark,Emotional,Horror,Mystery,Psychological Horror,Retro,Conversation,Story Rich,Walking Simulator"
The Ultimate Box Games,"Sep 2, 2025",0 - 20000,0,0,6.99,0,0,['English'],True,False,False,0,0,0,0,0,0,0,Muddy Creek Games,Muddy Creek Games,"Multi-player,PvP,Online PvP,Shared/Split Screen PvP,Shared/Split Screen,Full controller support,Remote Play Together,Family Sharing","Action,Casual,Indie,Strategy,Early Access",
Miasma 2: Freedom Uprising,"Dec 3, 2021",200000 - 500000,0,0,0.59,0,0,['English'],True,True,True,0,0,2,0,14,0,0,ESP Games,David Addis,"Single-player,Steam Achievements,Full controller support,Steam Cloud,Steam Leaderboards,Family Sharing","Indie,RPG,Strategy","RPG,Strategy,Party-Based RPG,Strategy RPG,Turn-Based Strategy,Tactical RPG,Turn-Based Tactics,3D,Stylized,Third Person,Futuristic,Sci-fi,Tactical,Character Customization,Choices Matter,Female Protagonist,Grid-Based Movement,PvE,Story Rich,Team-Based"
LOVE³ -Love Cube-,"Jul 25, 2019",100000 - 200000,1,0,9.99,0,2,"['English', 'Simplified Chinese', 'Traditional Chinese', 'Japanese']",True,False,False,0,0,2206,122,26,2322,254,NEKO WORK H,"NEKO WORKs,FAKKU","Single-player,Steam Achievements,Steam Cloud,Family Sharing","Casual,Indie","Sexual Content,Nudity,Hentai,Mature,Visual Novel,Anime,Indie,Casual,NSFW,Romance,Dating Sim,Adventure,Cute"
Great Paintings VR,"Jan 14, 2021",20000 - 50000,0,0,0.0,0,1,"['English', 'French', 'Italian', 'Spanish - Spain']",True,False,False,0,0,99,6,0,0,0,hublab,hublab,"Single-player,Tracked Controller Support,VR Only","Casual,Indie","Casual,VR,Education,Exploration,Historical,Family Friendly,Indie,Singleplayer,Violent"
PandaBomber,"May 23, 2025",0 - 0,0,0,0.0,0,0,['English'],True,True,True,0,0,0,0,0,0,0,Kunal Mehta,LANAKU SOFTWARE LLC,"Single-player,Multi-player,PvP,Online PvP,Cross-Platform Multiplayer","Action,Casual,Indie,Free To Play",
One Hard Game Please!,"Aug 1, 2025",0 - 20000,0,0,4.99,0,0,['English'],True,False,False,0,0,0,0,3,0,0,RealGrum4799,RealGrum4799,"Single-player,Steam Achievements,Family Sharing",Strategy,
Fiery catacombs,"Sep 1, 2019",0 - 20000,0,0,0.69,86,0,['English'],True,False,False,0,0,3,8,0,0,0,Metamorpho_SG,Conglomerate 5,"Single-player,Family Sharing","Adventure,Casual,Indie","Indie,Casual,Adventure,Platformer,Puzzle,Singleplayer,Puzzle-Platformer,Underground,Classic,Mystery Dungeon"
Studio System : Guardian Angel,"Feb 4, 2025",0 - 20000,1,0,9.59,20,2,['English'],True,False,False,0,0,196,10,7,287,287,alreti circle,alreti circle,"Single-player,Steam Achievements,Full controller support,Steam Trading Cards,Steam Cloud,Remote Play on TV,Family Sharing","Action,Adventure,Indie","Shooter,3D,Action,Horror,Cute,Third Person,Psychological Horror,Adventure,Surreal,Indie,Linear,Multiple Endings,Abstract,Atmospheric,Dark,Singleplayer,Anime,Survival Horror,Stylized,Action-Adventure"
Conservation Concentration,"May 19, 2025",0 - 20000,0,0,2.99,0,0,['English'],True,False,False,0,0,0,0,0,0,0,Inline Genius Game Studios,Inline Genius Game Studios,"Single-player,Family Sharing","Casual,Indie,Strategy",
A Night On The Farm,"Feb 13, 2024",0 - 20000,0,0,1.24,75,0,['English'],True,False,False,0,0,34,2,10,0,0,Frozen Flame Interactive,Frozen Flame Interactive,"Single-player,Steam Achievements,Full controller support,Family Sharing",Adventure,"Adventure,Walking Simulator,Exploration,First-Person,1990's,Atmospheric,Horror,Investigation,Mystery,Thriller,Multiple Endings,Singleplayer,Retro"
Whispers in the Dark,"Aug 26, 2021",0 - 20000,0,0,1.24,0,0,"['English', 'French', 'German', 'Spanish - Spain', 'Simplified Chinese', 'Russian']",True,False,False,0,0,15,5,10,0,0,SSP Games,SSP Games,"Single-player,Steam Achievements,Family Sharing","Adventure,Indie","Adventure,First-Person,Idler,Dark,Heist,Horror,Linear,Indie,Singleplayer"
Lost Gorga,"Aug 25, 2024",0 - 20000,0,0,0.0,0,0,['English'],True,False,False,0,0,0,1,0,0,0,Posh Sloth Productions,Posh Sloth Productions,Single-player,"Adventure,Casual,Indie,RPG,Free To Play","Short,Cute,Pixel Graphics,Indie,Linear,Adventure,Puzzle,Platformer,2D,2D Platformer,Funny,Relaxing,Casual,Conversation,Cartoony,Family Friendly,Singleplayer,RPG"
BUILD SCRAP,"Aug 7, 2025",0 - 0,0,0,6.99,0,0,"['Japanese', 'English']",True,False,False,0,0,0,0,25,0,0,βearsGame,βearsGame,"Single-player,Steam Achievements,Steam Cloud,Family Sharing","Indie,Strategy",
荣光的见证 Glory's Witness,"Feb 1, 2024",0 - 20000,0,0,4.99,0,0,"['Simplified Chinese', 'Traditional Chinese', 'English']",True,False,False,0,0,8,1,0,0,0,KASADE Studio,KASADE Studio,"Single-player,Family Sharing","Action,Indie,RPG","Action,RPG,Platformer,Rogue-like,Shooter,2D Platformer,Roguevania,Metroidvania,2D,Pixel Graphics,Minimalist,1980s,Old School,Retro,Post-apocalyptic,Robots,Cyberpunk,1990's,Fantasy,Futuristic"
Diablo The Abyss,"Aug 22, 2023",20000 - 50000,1,0,4.79,40,0,"['Simplified Chinese', 'Traditional Chinese', 'English']",True,False,False,0,0,180,35,100,206,0,Friday Night,Friday Night,"Single-player,Steam Achievements,Steam Cloud,Family Sharing","Adventure,Casual,Indie,RPG,Strategy","Rogue-like,Adventure,Strategy,Strategy RPG,Time Management,Exploration,Indie,Tabletop,Rogue-lite,RPG,Procedural Generation,Loot,Open World,Casual,Singleplayer,2D,Fantasy,Resource Management,Cartoony,Party-Based RPG"
Cobalt Core,"Nov 8, 2023",100000 - 200000,36,0,9.99,50,1,"['English', 'French', 'German', 'Spanish - Spain', 'Japanese', 'Korean', 'Portuguese - Brazil', 'Russian', 'Simplified Chinese', 'Traditional Chinese']",True,True,False,94,0,3394,118,15,3654,649,Rocket Rat Games,Brace Yourself Games,"Single-player,Steam Achievements,Full controller support,Steam Trading Cards,Steam Cloud,Family Sharing","Indie,Strategy","Roguelike Deckbuilder,Card Game,Strategy,Rogue-like,Turn-Based Strategy,Sci-fi,Pixel Graphics,Turn-Based Tactics,Tactical RPG,Funny,Space,Logic,Tactical,Deckbuilding,Grid-Based Movement,Combat,Singleplayer,PvE,Turn-Based Combat,Story Rich"
Dung Beetle Strike,"Oct 13, 2020",0 - 20000,0,0,4.99,0,0,"['English', 'Portuguese - Brazil']",True,False,False,0,0,1,0,16,0,0,"Ryan_Carlos,Jhonatan_Brendo",Ryan_Carlos,"Single-player,Multi-player,Co-op,Shared/Split Screen Co-op,Shared/Split Screen,Steam Achievements,Remote Play Together,Family Sharing","Action,Adventure,Casual,Indie,Strategy","Adventure,Strategy,Puzzle,Arcade,Grand Strategy,Puzzle-Platformer,3D,Cartoon,Cartoony,Colorful,Minimalist,1990's,Funny,Relaxing,Team-Based,PvP,Score Attack,Co-op,Local Co-Op,Multiplayer"
Sweet Sailor,"Feb 6, 2025",0 - 0,0,0,0.69,0,0,"['English', 'French', 'Italian', 'German', 'Spanish - Spain', 'Danish', 'Russian', 'Bulgarian', 'Hungarian', 'Indonesian', 'Turkish', 'Greek', 'Norwegian', 'Czech', 'Japanese', 'Polish', 'Thai', 'Ukrainian', 'Swedish', 'Simplified Chinese', 'Traditional Chinese', 'Romanian', 'Finnish', 'Dutch', 'Portuguese - Brazil', 'Portuguese - Portugal', 'Spanish - Latin America', 'Vietnamese', 'Arabic', 'Korean', 'Azerbaijani', 'Armenian', 'Igbo', 'Sindhi', 'Sinhala', 'Quechua', 'Croatian', 'Icelandic', 'Cherokee', 'Galician', 'Catalan', 'Afrikaans', 'Hindi', 'Gujarati', 'Swahili', 'Kyrgyz', 'Kazakh', 'Georgian', 'Turkmen', 'Tamil', K'iche', 'Tajik', 'Serbian', 'Sotho', 'Odia', 'Welsh', 'Konkani', 'Bangla', 'Amharic', 'Nepali', 'Basque', 'Hebrew', 'Kannada', 'Estonian', 'Irish', 'Latvian', 'Tigrinya', 'Slovak', 'Slovenian', 'Punjabi (Gurmukhi)', 'Punjabi (Shahmukhi)', 'Tswana', 'Maori', 'Wolof', 'Bosnian', 'Persian', 'Telugu', 'Urdu', 'Uzbek', 'Valencian', 'Belarusian', 'Kinyarwanda', 'Luxembourgish', 'Zulu', 'Xhosa', 'Lithuanian', 'Yoruba', 'Sorani', 'Uyghur', 'Filipino', 'Mongolian', 'Scots', 'Hausa', 'Dari', 'Albanian', 'Assamese', 'Tatar', 'Malay', 'Macedonian', 'Marathi', 'Malayalam', 'Maltese', 'Khmer']",True,False,False,0,0,0,0,6,0,0,King Kong,King Kong Gaming,"Single-player,Steam Achievements,Family Sharing","Casual,Indie",
La Villa de la Muerte,"Apr 27, 2022",0 - 0,0,0,0.0,0,0,['English'],True,False,False,0,0,0,0,0,0,0,Ottercide Studio,Ottercide Studio,Single-player,Free To Play,
Battletoads,"Aug 20, 2020",100000 - 200000,7,10,4.99,75,0,"['English', 'French', 'Italian', 'German', 'Spanish - Spain', 'Japanese', 'Korean', 'Portuguese - Brazil', 'Russian', 'Simplified Chinese', 'Spanish - Latin America']",True,False,False,0,0,1450,675,61,2049,279,Dlala Studios,"Microsoft Studios,Rare Ltd","Single-player,Multi-player,Co-op,Shared/Split Screen Co-op,Shared/Split Screen,Steam Achievements,Full controller support,Steam Trading Cards,Steam Cloud,Remote Play Together,Family Sharing","Action,Adventure","Action,Adventure,Co-op,Fighting,Beat 'em up,Hand-drawn,Cartoon,2D Platformer,Side Scroller,Combat,Multiplayer,Local Multiplayer,Cartoony,2D Fighter,Retro,Local Co-Op,Arcade,Great Soundtrack,Comedy,Difficult"
She is mad,"May 28, 2022",0 - 20000,0,0,2.99,0,0,"['English', 'French', 'German', 'Spanish - Spain', 'Japanese', 'Korean', 'Polish', 'Portuguese - Brazil', 'Russian', 'Simplified Chinese']",True,False,False,0,0,3,1,1,0,0,Proteinbeer,Proteinbeer,"Single-player,Steam Achievements,Family Sharing","Action,Adventure,Indie","Survival Horror,Action,Hidden Object,Dark,Adventure,Old School,1980s,Singleplayer,Action-Adventure,First-Person,Atmospheric,Dark Fantasy,Dark Humor,Horror,Psychological Horror,Survival,Linear,Stealth,Blood,Demons"
Practisim Designer Playtest,"Jul 21, 2021",0 - 0,0,0,0.0,0,0,[],True,False,False,0,0,0,0,0,0,0,,,,,
Hentai Sudoku,"Jun 12, 2019",0 - 20000,0,0,0.99,0,1,"['English', 'French', 'Italian', 'German', 'Spanish - Spain', 'Danish', 'Ukrainian', 'Russian', 'Bulgarian', 'Hungarian', 'Turkish', 'Greek', 'Norwegian', 'Czech', 'Japanese', 'Polish', 'Thai', 'Swedish', 'Simplified Chinese', 'Traditional Chinese', 'Romanian', 'Finnish', 'Dutch', 'Portuguese - Portugal', 'Portuguese - Brazil', 'Spanish - Latin America', 'Vietnamese', 'Arabic', 'Korean']",True,True,False,0,0,28,18,20,0,0,LeonWaan Games,LeonWaan Games,"Single-player,Steam Achievements,Family Sharing","Casual,Indie,Racing,RPG,Simulation,Strategy","Sexual Content,Nudity,Indie,Casual,Strategy,Simulation,RPG,Anime"
Red Alliance,"Oct 10, 2018",0 - 20000,0,0,5.99,50,0,"['English', 'Russian', 'French', 'Turkish']",True,False,False,0,0,216,60,35,258,979,2ndUp Studios,2ndUp Studios,"Single-player,Steam Achievements,Steam Trading Cards,Captions available,Partial Controller Support,Steam Cloud,Family Sharing","Action,Adventure,Indie","Action,Adventure,Singleplayer,First-Person,Dystopian,Shooter,FPS,Sci-fi,Indie,Atmospheric,Horror,Modern,PvE,Violent,Survival,Nostalgia,Zombies,Linear,Survival Horror,Dark"
Chronicles of Mystery - The Tree of Life,"Jul 13, 2018",0 - 20000,0,0,0.99,80,0,"['English', 'French', 'German', 'Polish']",True,False,False,0,0,48,19,0,0,0,City Interactive S.A.,City Interactive S.A.,"Single-player,Family Sharing",Adventure,"Adventure,Point & Click,Puzzle,Female Protagonist"
Retro Commander,"Nov 24, 2023",20000 - 50000,4,0,0.0,0,1,['English'],True,True,True,0,0,241,74,15,0,222,Noble Master LLC,Noble Master LLC,"Single-player,Multi-player,PvP,Online PvP,LAN PvP,Co-op,Online Co-op,LAN Co-op,Cross-Platform Multiplayer,Steam Achievements,In-App Purchases,Custom Volume Controls,Adjustable Difficulty,Mouse Only Option,Playable without Timed Input,Save Anytime,Touch Only Option,Steam Cloud,Stats,Includes level editor,Remote Play Together","Indie,Strategy,Free To Play","Strategy,RTS,Base-Building,Wargame,Multiplayer,Real Time Tactics,2.5D,Isometric,Futuristic,Alternate History,Mechs,Tanks,Vehicular Combat,Naval Combat,PvP,Submarine,Team-Based,Top-Down,Third Person,Tutorial"
丛林游侠（Jungle Ranger）,"Mar 10, 2024",0 - 20000,0,0,2.99,0,0,['Simplified Chinese'],True,False,False,0,0,0,1,0,0,0,guaanshida,guaanshida,"Single-player,Family Sharing","Action,Casual,Indie","Casual,Action,Adventure,Action-Adventure,Action Roguelike,Action RPG,2D Platformer,Roguevania,2D,Drama,Relaxing,Indie,Funny,Story Rich,Combat,Singleplayer,Pixel Graphics"
封神让我来,"Aug 12, 2025",0 - 0,0,0,0.0,0,0,['Simplified Chinese'],True,False,False,0,0,0,0,0,0,0,封神让我来,封神让我来,"Single-player,Multi-player,PvP,In-App Purchases","Casual,Racing,RPG,Strategy,Free To Play",
PGA TOUR 2K23,"Oct 13, 2022",200000 - 500000,430,0,59.99,0,5,"['English', 'French', 'Italian', 'German', 'Spanish - Spain', 'Japanese', 'Korean', 'Simplified Chinese', 'Traditional Chinese']",True,False,False,0,0,4634,1565,29,4796,2475,HB Studios,2K,"Single-player,Multi-player,PvP,Online PvP,Shared/Split Screen PvP,Co-op,Online Co-op,Shared/Split Screen Co-op,Shared/Split Screen,Steam Achievements,Full controller support,In-App Purchases,Family Sharing","RPG,Simulation,Sports","Sports,Simulation,RPG,Golf,Third Person,PvP,Singleplayer,Local Multiplayer,Local Co-Op,Controller,4 Player Local,Multiplayer"
Miner Open Chests,"Oct 23, 2024",0 - 20000,0,0,4.79,40,0,"['English', 'French', 'German', 'Spanish - Spain', 'Russian', 'Japanese', 'Portuguese - Brazil', 'Italian', 'Turkish', 'Greek', 'Thai', 'Korean', 'Hungarian', 'Czech', 'Polish', 'Ukrainian', 'Simplified Chinese', 'Traditional Chinese', 'Spanish - Latin America', 'Portuguese - Portugal']",True,False,False,0,0,11,0,8,0,0,Flash Engine Studio,Flash Engine Studio,"Single-player,Steam Achievements,Stats,Family Sharing","Action,Adventure,Casual","Action,Platformer,Puzzle,Pixel Graphics,Casual,Relaxing,2D,Loot,Exploration,Puzzle-Platformer,1990's,2D Platformer,Score Attack,Singleplayer,Indie,Adventure,Cartoon,Action-Adventure,1980s,Logic"
死亡编码-Death Code,"Dec 8, 2021",50000 - 100000,0,0,2.99,0,0,['Simplified Chinese'],True,False,False,0,0,9,4,8,0,0,橙光游戏,橙光游戏,"Single-player,Steam Achievements,Family Sharing","Adventure,Casual,Indie,RPG,Strategy","RPG,Interactive Fiction,Visual Novel,Mystery,Detective,Casual,Story Rich,Multiple Endings,Strategy,Puzzle,Word Game,JRPG,2D Platformer,Puzzle-Platformer,2D,Anime,Drama,Singleplayer,Gore,Adventure"
Academy of Magic - A New Beginning,"May 29, 2025",0 - 20000,0,0,5.39,40,0,['English'],True,False,False,0,0,3,1,0,0,0,E-FunSoft Games,HH-Games,"Single-player,Family Sharing","Action,Casual","Casual,Match 3,Action,Hidden Object,Puzzle,2D"
Super Indiemania,"Nov 2, 2022",20000 - 50000,0,0,1.99,50,0,['English'],True,False,False,0,0,7,0,36,0,0,IndiemaniaDev,IndiemaniaDev,"Single-player,Steam Achievements,Full controller support,Family Sharing","Action,Indie","Side Scroller,Old School,Difficult,Indie,Supernatural,Linear,Singleplayer,Pixel Graphics,1990's,2D Platformer,Dark Fantasy,Zombies,Combat,Vampire,Action,Platformer,2D,Retro,Dragons,Medieval"
Card Dungeon,"Jun 2, 2015",0 - 20000,0,0,5.99,0,0,['English'],True,True,False,0,0,31,22,17,0,0,Playtap Games,Playtap Games,"Single-player,Steam Achievements,Steam Trading Cards,Steam Cloud,Family Sharing","Indie,RPG,Strategy","RPG,Strategy,Indie,Card Game"
a nifty game,"Sep 1, 2017",0 - 20000,0,0,6.99,0,0,['English'],True,True,True,0,0,2,1,34,0,0,Pixel with Hat,Pixel with Hat,"Single-player,Steam Achievements,Full controller support,Steam Trading Cards,Steam Cloud,Family Sharing","Action,Indie","Indie,Action,Top-Down,Replay Value,Procedural Generation,Twin Stick Shooter,Singleplayer,Difficult,Rogue-lite,Voxel,Sci-fi,Minimalist,Cyberpunk,Atmospheric,Perma Death,Dark,Abstract,Dungeon Crawler,Survival,Casual"
Varius,"Jun 1, 2018",0 - 20000,0,0,0.99,0,0,['English'],True,False,False,0,0,18,2,32,0,0,Fish Tank Studio,Fish Tank Studio,"Single-player,Steam Achievements,Full controller support,Steam Cloud,Family Sharing","Casual,Indie","Indie,Casual"
Hidden Cats - Easter,"Apr 18, 2025",0 - 20000,0,0,0.79,20,0,"['English', 'French', 'Italian', 'German', 'Spanish - Spain', 'Japanese', 'Korean', 'Portuguese - Portugal', 'Russian', 'Simplified Chinese']",True,False,False,0,0,9,0,100,0,0,Hidden Cats,Hidden Cats,"Single-player,Steam Achievements,Family Sharing",Casual,"Cats,Cute,Hidden Object,Casual,Wholesome,Creature Collector,Point & Click,Puzzle,2D,Cartoon,Cartoony,Colorful,Hand-drawn,Stylized,Family Friendly,Funny,Relaxing,Singleplayer"
Ludo Online: Classic Multiplayer Dice Board Game,"Oct 30, 2019",50000 - 100000,4,0,0.99,0,0,"['English', 'German', 'Bulgarian', 'Spanish - Spain', 'Korean', 'Italian', 'Japanese', 'Simplified Chinese', 'French', 'Russian', 'Turkish']",True,True,True,0,0,344,76,13,314,193,Peter Todorov,Cytec BG Ltd.,"Single-player,Multi-player,PvP,Online PvP,Shared/Split Screen PvP,Shared/Split Screen,Steam Achievements,Remote Play Together,Family Sharing","Casual,Indie","Board Game,Indie,Casual,Tabletop,Multiplayer"
Squash Kings VR,"Mar 12, 2018",0 - 20000,0,0,10.49,30,0,['English'],True,False,False,0,0,3,6,0,0,0,Appnori Inc.,Appnori Inc.,"Single-player,Tracked Controller Support,VR Only,Family Sharing","Action,Casual,Indie,Simulation,Sports,Early Access","Action,Indie,Casual,Simulation,Sports,Early Access"
The Grim Ending,"Dec 31, 2020",0 - 20000,0,0,2.99,0,0,['English'],True,False,False,0,0,20,0,16,0,0,Astroknight Games,SINJEN Studios,"Single-player,Family Sharing","Adventure,Indie","Point & Click,Adventure,Choices Matter,Multiple Endings,Pixel Graphics,Dark Fantasy,Dystopian,Mystery,Violent,Indie,Singleplayer,Exploration,Interactive Fiction,Cartoony,Stylized,Gothic"
Swipe Tennis,"Apr 7, 2023",0 - 20000,0,0,29.99,0,0,['English'],True,False,False,0,0,0,0,0,0,0,Tianyu Celebrity Game Studio,Tianyu Celebrity Game Studio,"Single-player,Family Sharing","Action,Casual",
Simplode Suite,"Sep 29, 2020",0 - 20000,7,0,0.0,0,22,"['English', 'French', 'Italian', 'German', 'Arabic', 'Bulgarian', 'Czech', 'Danish', 'Dutch', 'Finnish', 'Greek', 'Hungarian', 'Japanese', 'Korean', 'Norwegian', 'Polish', 'Portuguese - Brazil', 'Romanian', 'Russian', 'Simplified Chinese', 'Spanish - Latin America', 'Swedish', 'Thai', 'Traditional Chinese', 'Turkish', 'Ukrainian', 'Vietnamese', 'Spanish - Spain', 'Portuguese - Portugal']",True,False,False,0,0,33,17,37,0,0,Simplode LLC,Simplode LLC,Steam Achievements,"Casual,Audio Production,Utilities,Video Production","Casual,Utilities,Audio Production,Video Production,Free to Play,Software,Atmospheric,Stylized,Experimental"
Wraith: The Oblivion - Afterlife,"May 25, 2021",0 - 20000,0,0,0.99,90,0,"['English', 'French', 'Italian', 'German', 'Spanish - Spain', 'Simplified Chinese', 'Japanese', 'Korean', 'Portuguese - Brazil', 'Russian', 'Spanish - Latin America']",True,False,False,76,0,58,38,23,0,28,Fast Travel Games,Fast Travel Games,"Single-player,Steam Achievements,Tracked Controller Support,VR Only,Steam Cloud,Family Sharing",Adventure,"Horror,VR,Adventure,Stealth,Psychological Horror,First-Person,Exploration,Singleplayer"
SCHOOL EXIT CLASS 8,"Aug 7, 2025",0 - 20000,0,0,5.99,0,0,"['English', 'Japanese']",True,False,False,0,0,0,0,0,0,0,"jhoshitarou,Jホシタロウ",J★PRODUCTION,"Single-player,Full controller support,Camera Comfort,Custom Volume Controls,Keyboard Only Option,Mouse Only Option,Family Sharing",Adventure,
Let's Go There And Wander Nowhere,"Jul 5, 2018",0 - 20000,0,0,0.0,0,0,['English'],True,True,True,0,0,26,20,4,0,0,Polychroma Games,Polychroma Games,"Single-player,Steam Achievements",Indie,Indie
Santa's Gift Grab,"Jan 9, 2024",0 - 20000,0,0,1.6,0,0,['English'],True,False,False,0,0,0,0,0,0,0,polycove,polycove,"Single-player,Family Sharing","Casual,Simulation",
Fritz Chess 14,"Sep 22, 2014",20000 - 50000,1,0,39.99,0,5,"['English', 'French', 'Italian', 'German', 'Spanish - Spain', 'Dutch']",True,False,False,0,0,85,34,0,108,0,ChessBase,Viva Media,"Single-player,Multi-player,Family Sharing",Strategy,"Chess,Strategy,Tabletop,Board Game"
Ornament Express,"Jun 6, 2023",0 - 0,0,0,0.0,0,0,['English'],True,False,False,0,0,0,0,21,0,0,Choo Choo Studios,Breda University of Applied Sciences,"Single-player,Tracked Controller Support,VR Only",Adventure,
Chrono Port : Heroes of All Time,"Aug 16, 2025",0 - 0,0,0,0.0,0,0,['English'],True,True,True,0,0,0,0,32,0,0,Enaayah Software Development and Services Private Limited,Enaayah Software Development and Services Private Limited,"Single-player,Steam Achievements,In-App Purchases,Playable without Timed Input,Save Anytime","Action,Adventure,Indie,RPG,Strategy,Free To Play",
Hermes: Rescue Mission,"Nov 20, 2019",0 - 20000,1,0,2.09,0,0,"['English', 'German', 'Korean', 'Russian']",True,False,False,0,0,23,0,27,0,0,Platinum Games,Alawar Casual,"Single-player,Steam Achievements,Steam Cloud,Family Sharing","Adventure,Casual,Indie","Casual,Indie,Adventure,Time Management,Strategy"
Human Apocalypse - Reverse Horror Zombie Indie RPG Adventure,"Feb 28, 2022",0 - 20000,0,0,2.99,0,1,"['English', 'German', 'Spanish - Spain', 'Arabic', 'Japanese', 'Korean', 'Polish', 'Portuguese - Portugal', 'Portuguese - Brazil', 'Russian', 'Simplified Chinese', 'Spanish - Latin America', 'Turkish']",True,True,True,0,0,53,18,29,0,0,Euphoric Brothers,Euphoric Brothers,"Single-player,Steam Achievements,Full controller support,Steam Cloud,Family Sharing","Action,Adventure,Casual,Indie,RPG,Simulation","Story Rich,Choices Matter,Zombies,Multiple Endings,Dark,Drama,Atmospheric,Emotional,Walking Simulator,Point & Click,Mystery,2D,Side Scroller,Pixel Graphics,Exploration,Surreal,Indie,RPG,Singleplayer,Soundtrack"
Omitted,"Jul 29, 2022",0 - 20000,0,0,1.99,60,0,['English'],True,False,False,0,0,26,29,8,0,0,PsychoRavens,PsychoRavens,"Single-player,Steam Achievements,Family Sharing","Action,Adventure,Indie","Psychological Horror,Horror,Psychological,Atmospheric,Thriller,Dark,Mystery,Singleplayer,Gore,3D,Adventure,Action,Cinematic,First-Person,Puzzle,Realistic,Indie,Simulation,Story Rich,Walking Simulator"
Gnomes Playtest,"Aug 16, 2024",0 - 0,0,0,0.0,0,0,[],True,False,False,0,0,0,0,0,0,0,,,,,
Hellcome Playtest,"Oct 2, 2023",0 - 0,0,0,0.0,0,0,[],True,False,False,0,0,0,0,0,0,0,,,,,
Take Care Of Mittens,"May 15, 2025",0 - 20000,0,0,2.09,30,0,['English'],True,False,False,0,0,1,3,0,0,0,"Duck,Chicken",FeatherStudio,"Single-player,Family Sharing","Action,Indie,Simulation","Action,Casual,3D,First-Person,Realistic,Dark,Horror,Indie,Simulation,Modern,Singleplayer"
Training Lucie,"Jan 9, 2023",0 - 20000,0,0,5.49,45,0,"['English', 'French', 'Spanish - Spain', 'Russian', 'Traditional Chinese']",True,True,True,0,0,0,0,11,294,261,SecretGame,SecretGame,"Single-player,Steam Achievements,Family Sharing","Adventure,Indie",
Tower VR,"Aug 9, 2019",20000 - 50000,0,0,0.0,0,0,['English'],True,False,False,0,0,28,14,0,0,0,POLYART STUDIO,POLYART STUDIO,"Single-player,Tracked Controller Support,VR Only","Action,Casual,Free To Play,Strategy","Strategy,Free to Play,Casual,Action,Tower Defense,VR"
Prehistoric Gal,"Apr 9, 2024",0 - 20000,0,0,3.59,40,0,"['English', 'Portuguese - Brazil']",True,False,False,0,0,10,0,20,0,0,lightUP,lightUP,"Single-player,Steam Achievements,Full controller support,Camera Comfort,Custom Volume Controls,Adjustable Difficulty,Keyboard Only Option,Save Anytime,Steam Cloud,Family Sharing","Action,Adventure,Indie,RPG","Side Scroller,Metroidvania,2D Platformer,Platformer,Action RPG,RPG,Action-Adventure,Female Protagonist,2D,Cute,Dinosaurs,Action,Controller,Nonlinear,Colorful,Pixel Graphics,Adventure,Family Friendly,1980s,1990's"
Aground Zero Playtest,"Dec 2, 2021",0 - 0,0,0,0.0,0,0,[],True,False,False,0,0,0,0,0,0,0,,,,,
Helle's Undersea City Project - Bringing Air to The Garden,"Oct 5, 2023",0 - 20000,1,0,11.99,20,1,"['English', 'Simplified Chinese', 'Japanese', 'Traditional Chinese']",True,False,False,0,0,63,12,23,0,0,Caro Builders,Emma Create,"Single-player,Family Sharing","Adventure,Indie,Simulation","Simulation,Pixel Graphics,Female Protagonist,City Builder,Cute,Underwater,Resource Management,Time Management,Sci-fi,Fantasy,Building,Indie,Adventure,Futuristic,Story Rich,Singleplayer,Colorful,Tutorial"
Brawl Tactics: Origins,"Oct 31, 2024",0 - 20000,1,0,9.79,30,0,"['English', 'Spanish - Spain']",True,False,False,0,0,28,6,61,0,0,asraworks,asraworks,"Single-player,Steam Achievements,Steam Cloud,Family Sharing","Indie,Strategy","Turn-Based Combat,Strategy,Deckbuilding,Rogue-lite,Card Game,Card Battler,Rogue-like,Turn-Based Strategy,2D,Fantasy,Indie,Tactical,Turn-Based Tactics,Isometric,Pixel Graphics,Singleplayer,Roguelike Deckbuilder"
Space Gears Playtest,"Mar 31, 2023",0 - 0,0,0,0.0,0,0,[],True,False,False,0,0,0,0,0,0,0,,,,,
Aeon on Mosaic: Anemone 时间碎片：奇迹,"Jul 30, 2020",0 - 20000,0,0,1.09,0,0,"['Simplified Chinese', 'English']",True,True,True,0,0,75,6,12,0,0,Fantasia Studio,Fantasia Studio,"Single-player,Steam Achievements,Partial Controller Support,Steam Cloud,Remote Play on Phone,Remote Play on Tablet,Family Sharing","Adventure,Indie","Adventure,Visual Novel,Romance,Mystery,Anime,Multiple Endings,Drama,Atmospheric,Indie,Emotional,Singleplayer"
Firestone – Idle Clicker Online RPG,"Apr 1, 2024",500000 - 1000000,1785,0,0.0,0,1,"['English', 'German', 'Spanish - Spain', 'Greek', 'Portuguese - Brazil', 'Russian', 'Simplified Chinese', 'French', 'Japanese', 'Korean', 'Polish', 'Traditional Chinese', 'Turkish', 'Danish', 'Finnish', 'Swedish', 'Portuguese - Portugal', 'Spanish - Latin America', 'Dutch', 'Italian', 'Czech', 'Hungarian', 'Norwegian', 'Ukrainian']",True,True,True,0,0,4891,1401,75,0,20787,Holyday Studios,Holyday Studios,"Single-player,Multi-player,Cross-Platform Multiplayer,Steam Achievements,Steam Trading Cards,In-App Purchases,Steam Cloud,Stats,Remote Play on Phone,Remote Play on Tablet","Casual,Indie,RPG,Free To Play","Idler,Clicker,RPG,Free to Play,Action,Simulation,Auto Battler,Co-op,MMORPG,Violent,Multiplayer,Massively Multiplayer,Time Management,Online Co-Op,2D,PvE,Team-Based,Indie,PvP,Gore"
MageWorks,"Mar 28, 2019",0 - 20000,0,0,9.99,0,0,['English'],True,False,False,0,0,9,7,0,0,0,"Earthborn Interactive, LLC","Earthborn Interactive, LLC","Single-player,Tracked Controller Support,VR Only,Family Sharing",Casual,"VR,Action,Adventure,Magic,Medieval,Combat,Exploration,Crafting,Fantasy,Dungeon Crawler,Action-Adventure,PvE,Action RPG,Rogue-like,RPG,Indie,First-Person,Singleplayer,Early Access,Stylized"
Arsilon,"May 26, 2022",20000 - 50000,0,0,5.99,0,0,['English'],True,False,False,0,0,4,0,0,0,0,ArtTrace,ArtTrace,"Single-player,Family Sharing","Action,Adventure,Indie,Early Access","Early Access,Exploration,3D Platformer,Idler,3D,First-Person,Third Person,Relaxing,Open World,Realistic,Adventure,6DOF,Physics,Singleplayer,Sci-fi,Atmospheric,Action-Adventure,Shooter,FPS,Third-Person Shooter"
Helltown,"Sep 27, 2017",20000 - 50000,0,0,7.49,0,0,"['English', 'French']",True,False,False,0,0,73,20,11,0,109,WildArts Games,WildArts Games,"Single-player,Steam Achievements,Full controller support,Steam Cloud,Family Sharing","Adventure,Indie","Horror,Atmospheric,Psychological Horror,Indie,Retro,Multiple Endings,First-Person,Adventure,Lovecraftian,Exploration,Pixel Graphics,Survival Horror,Mystery,Stealth,Violent,Singleplayer,Mature,Walking Simulator,3D,Dark"
Bepuzzled Space Jigsaw Puzzle,"Jun 25, 2019",20000 - 50000,0,0,1.59,0,0,['English'],True,True,True,0,0,0,1,0,0,0,Team Spikkeee,Team Spikkeee,"Single-player,Family Sharing",Casual,"Casual,Puzzle,Space"
Claris the Princess Knight,"May 5, 2022",0 - 20000,0,0,5.59,0,0,"['Traditional Chinese', 'Japanese', 'English', 'Thai']",True,False,False,0,0,0,0,0,0,0,Circle Fairy Flower,"BokiBoki Games,BokiBoki Game","Single-player,Family Sharing","Adventure,Casual,Indie,RPG",
Oil-Manager,"Oct 14, 2022",0 - 20000,0,0,17.99,0,0,"['English', 'German']",True,False,False,0,0,2,5,0,0,0,Josh,Josh,"Single-player,Family Sharing","Casual,Indie,Simulation,Early Access","Casual,Simulation,Sandbox,3D,First-Person,Relaxing,Capitalism,Management,Indie,Early Access,Resource Management,Singleplayer"
Dark Matter,"Feb 27, 2015",0 - 0,0,0,0.99,0,0,['English'],True,False,False,0,0,0,0,0,0,0,,Meridian4,"Single-player,Partial Controller Support,Family Sharing","Action,Casual,Indie",
Radium 2,"Mar 1, 2017",0 - 20000,0,0,2.99,0,1,['English'],True,True,True,0,0,30,1,71,0,202,Develobster,Develobster,"Single-player,Steam Achievements,Full controller support,Steam Trading Cards,Steam Cloud,Steam Leaderboards,Family Sharing","Action,Indie","Indie,Action,Minimalist,Physics,Arcade,Puzzle,Surreal,Difficult,Singleplayer,Controller,Soundtrack,Great Soundtrack"
Robot-X,"Nov 25, 2022",0 - 20000,0,0,0.79,0,0,['English'],True,False,False,0,0,20,0,11,0,0,Isaac Kasdorf,Isaac Kasdorf,"Single-player,Multi-player,Co-op,Shared/Split Screen Co-op,Shared/Split Screen,Steam Achievements,Full controller support,Remote Play Together,Family Sharing","Action,Adventure,Indie","2D Platformer,Shooter,Retro,Action,Adventure,2D,Linear,Platformer,Pixel Graphics,Side Scroller,Sci-fi,Robots,Futuristic,1990's,Local Co-Op,Local Multiplayer,Indie,Difficult,Singleplayer,Co-op"
A Moustache in the House 2,"Feb 21, 2022",0 - 20000,0,0,3.99,0,0,['English'],True,False,False,0,0,2,0,0,0,0,Games On Acidzz,Games On Acidzz,"Single-player,Family Sharing","Action,Adventure","Action,Action-Adventure,FPS,3D Platformer,Puzzle-Platformer,3D,Cartoon,Cartoony,First-Person,Stylized,Funny,Horror,Investigation,Mystery,Survival Horror,Narration,Open World,PvE,Stealth,Story Rich"
Battle Ranch: Pigs vs Plants,"Feb 2, 2015",100000 - 200000,1,0,0.55,72,0,"['English', 'French', 'Italian', 'German', 'Spanish - Spain', 'Dutch', 'Russian']",True,True,True,0,0,520,533,16,902,359,Playboom,Senpai Industrial Studios,"Single-player,Steam Achievements,Steam Trading Cards,Family Sharing","Casual,Indie,Strategy","Indie,Strategy,Casual,Tower Defense,2D,Singleplayer,Shoot 'Em Up,Family Friendly,Comedy,Anime,Funny,Third Person,Story Rich,Great Soundtrack,Shooter,Atmospheric"
Mind of War,"Sep 25, 2024",0 - 20000,0,0,8.24,25,0,"['Spanish - Spain', 'English', 'Catalan']",True,True,True,0,0,19,0,51,0,0,Pi Video games,Pi Video games,"Single-player,Multi-player,PvP,Shared/Split Screen PvP,Shared/Split Screen,Steam Achievements,Steam Cloud,Remote Play Together,Family Sharing","Indie,RPG,Strategy,Early Access","Tactical RPG,Turn-Based Tactics,Fantasy,Turn-Based Strategy,Trading Card Game,Turn-Based Combat,Strategy,Strategy RPG,RPG,Singleplayer,Female Protagonist,2D,Funny,Colorful,Stylized,Mythology,Early Access,PvP,PvE,Multiplayer"
Nordic Storm Solitaire,"Jan 4, 2020",0 - 20000,0,0,1.19,70,0,"['English', 'French', 'Italian', 'German', 'Spanish - Spain', 'Dutch', 'Portuguese - Portugal']",True,False,False,0,0,15,4,0,0,0,Seven Sails,HH-Games,"Single-player,Family Sharing","Action,Casual,Indie,Simulation,Strategy","Indie,Casual,Strategy,Action,Simulation,Card Game,Solitaire"
The Hero We Need,"Feb 23, 2024",0 - 20000,0,0,8.99,0,0,['English'],True,False,False,0,0,13,6,13,0,0,VoDoo Studios,VoDoo Studios,"Single-player,Steam Achievements,Steam Cloud,Steam Leaderboards,Family Sharing","Casual,Indie,Strategy","Tower Defense,Strategy,RTS,Real Time Tactics,Survival,Top-Down,Building,Funny,Colorful,Stylized,Hack and Slash,Fantasy,Management,Tactical,Physics,Combat,Singleplayer,PvE,Action RTS,3D"
Hopward,"Oct 10, 2025",0 - 20000,0,0,3.99,0,0,"['English', 'French', 'German', 'Spanish - Spain', 'Japanese', 'Korean', 'Russian', 'Persian']",True,False,False,0,0,0,0,26,0,0,GoodGhostGames,GoodGhostGames,"Single-player,Steam Achievements,Steam Cloud,Steam Leaderboards,Family Sharing","Adventure,Casual,Indie",
Tales From Space: Mutant Blobs Attack,"Aug 15, 2012",50000 - 100000,1,0,1.99,80,1,"['English', 'German', 'French', 'Italian', 'Spanish - Spain', 'Spanish - Latin America']",True,True,True,83,0,829,77,14,599,131,Drinkbox Studios,Drinkbox Studios,"Single-player,Steam Achievements,Full controller support,Steam Trading Cards,Steam Cloud,Steam Leaderboards,Remote Play on TV,Family Sharing","Action,Indie","Retro,Indie,Singleplayer,Collectathon,Action,Platformer,Adventure,Side Scroller,Physics,Exploration,Puzzle-Platformer,2D,Puzzle,2D Platformer,Funny,Cartoony,Colorful,Hand-drawn,Family Friendly,Comedy"
Rush Rover,"Nov 29, 2017",0 - 20000,0,0,2.49,50,1,"['English', 'Simplified Chinese']",True,False,False,0,0,208,14,42,189,0,radio,"radio,indienova","Single-player,Multi-player,PvP,Shared/Split Screen PvP,Co-op,Shared/Split Screen Co-op,Steam Achievements,Steam Trading Cards,Partial Controller Support,Steam Cloud,Steam Leaderboards,Family Sharing","Action,Adventure,Indie","Action Roguelike,Rogue-lite,Bullet Hell,Pixel Graphics,Indie,Action,Adventure,Top-Down Shooter,2D,Twin Stick Shooter,Shooter,Procedural Generation,Shoot 'Em Up,Dungeon Crawler,Mechs,Sci-fi,Replay Value,Rogue-like,Difficult,Singleplayer"
Legacy,"Feb 3, 2023",100000 - 200000,0,0,4.99,0,0,['English'],True,True,False,0,0,13,2,15,0,0,Firedanger Studio,Firedanger Studio,"Single-player,Family Sharing","Action,Adventure,Indie,RPG,Simulation,Strategy,Early Access","Early Access,Exploration,Fantasy,Medieval,Cartoony,Open World,Survival,RPG,Crafting,Character Customization,City Builder,Economy,Adventure,First-Person,Stylized,Tactical RPG,Action RPG,Action RTS,Loot,PvE"
Shadows of Doubt,"Sep 26, 2024",500000 - 1000000,286,0,12.49,50,2,"['English', 'French', 'German', 'Spanish - Spain', 'Portuguese - Brazil', 'Russian', 'Simplified Chinese', 'Traditional Chinese', 'Japanese']",True,False,False,0,0,12941,2487,35,13695,945,ColePowered Games,Fireshine Games,"Single-player,Steam Achievements,Full controller support,Steam Cloud,Family Sharing","Action,Adventure,Indie,RPG","Detective,Immersive Sim,Sandbox,Noir,Voxel,Procedural Generation,Stealth,Open World,First-Person,Singleplayer,Puzzle,Cyberpunk,Adventure,RPG,Indie,Action,Pixel Graphics,Action RPG,Atmospheric,Hacking"
Break Wolf,"Mar 14, 2025",0 - 20000,1,0,9.59,20,0,"['English', 'Japanese', 'Korean']",True,False,False,0,0,0,0,0,120,0,RE Atelier,RE Atelier,"Single-player,Steam Trading Cards,Family Sharing","Adventure,RPG",
Jinagan,"Nov 19, 2025",0 - 20000,0,0,3.99,0,0,"['English', 'Japanese', 'Korean']",True,False,False,0,0,0,0,0,0,0,Reinfree,Reinfree,"Single-player,Family Sharing","Adventure,Casual,Indie",
Pixelmancer,"Oct 14, 2022",0 - 20000,0,0,4.99,0,0,['English'],True,False,True,0,0,18,0,67,0,0,Gem Bear Games,Gem Bear Games,"Single-player,Steam Achievements,Full controller support,Steam Cloud,Remote Play on TV,Family Sharing","Action,Casual,Indie,Early Access","Casual,Action Roguelike,Action,Pixel Graphics,2D,Singleplayer,Controller,Rogue-lite,Early Access,Cartoony,Indie,Fantasy,Combat,PvE"
Pierrot à la Mode,"Jul 19, 2024",0 - 20000,0,0,0.0,0,0,['English'],True,True,True,0,0,5,0,0,0,0,enzi,enzi,Single-player,"Casual,Indie,Simulation,Free To Play","Choose Your Own Adventure,Visual Novel,Arcade,2D,Cute,Top-Down,Surreal,Casual,Linear,Simulation,Multiple Endings,Colorful,Pixel Graphics,Stylized,Dystopian,Sci-fi,Comedy,Futuristic,Retro,Singleplayer"
Protect My Cheese,"Oct 9, 2022",0 - 20000,0,0,0.0,0,0,"['English', 'Indonesian']",True,False,False,0,0,28,2,41,0,0,Homesick Games,"Homesick Games,MelvinTang Games","Single-player,Steam Achievements","Action,Casual,Indie,Strategy,Early Access","Early Access,Strategy,Action,Turn-Based Strategy,Tower Defense,Stylized,Casual,God Game,RTS,Action RTS,Real Time Tactics,3D,Cartoony,Top-Down,Voxel,Building,Cats,Fantasy,Funny,Tactical"
Cowboy In Space,"Mar 24, 2025",0 - 20000,0,0,0.49,51,0,['English'],True,False,False,0,0,1,0,10,0,0,Da Waffle H8ter,Da Waffle H8ter,"Single-player,Steam Achievements,Partial Controller Support,Family Sharing","Action,Adventure,Indie","Bullet Hell,Shoot 'Em Up,Top-Down Shooter,Mars,Twin Stick Shooter,PvE,Shooter,Arcade,Action-Adventure,2.5D,2D,Top-Down,Controller,Action,Aliens,Zombies,Singleplayer,Pixel Graphics,Sci-fi,Space"
Planeticus,"Nov 1, 2023",0 - 20000,0,0,1.99,0,0,"['English', 'Russian', 'French', 'Italian', 'German', 'Spanish - Spain', 'Bulgarian', 'Portuguese - Brazil', 'Hungarian', 'Vietnamese', 'Greek', 'Danish', 'Indonesian', 'Spanish - Latin America', 'Traditional Chinese', 'Simplified Chinese', 'Korean', 'Dutch', 'Norwegian', 'Polish', 'Portuguese - Portugal', 'Romanian', 'Thai', 'Turkish', 'Ukrainian', 'Finnish', 'Czech', 'Swedish', 'Japanese', 'Arabic']",True,False,False,0,0,1,7,0,0,0,Keshbel Games,Keshbel Games,"Single-player,Multi-player,PvP,Online PvP,Full controller support,Family Sharing","Indie,Massively Multiplayer,Strategy,Early Access","Strategy,4X,Multiplayer,2D,Space,RTS,PvP,Side Scroller,Spectacle fighter,Top-Down,2.5D,Futuristic,Combat,Artificial Intelligence,Team-Based,Early Access,Massively Multiplayer,Indie,Tutorial,Singleplayer"
Netori Knights,"Sep 19, 2025",0 - 20000,0,0,9.59,20,0,"['English', 'Spanish - Spain', 'Simplified Chinese', 'Spanish - Latin America', 'Traditional Chinese']",True,True,True,0,0,0,0,17,0,0,Miel,Cherry Kiss Games,"Single-player,Steam Achievements,Steam Cloud,Family Sharing",Casual,
Who Murdered My Empress?,"Jun 21, 2024",0 - 20000,0,0,12.59,0,0,['English'],True,True,False,0,0,0,0,11,0,0,Little Snake Studio,Little Snake Studio,"Single-player,Steam Achievements,Family Sharing","Adventure,Indie",
Corgi Conquest,"Jun 18, 2025",0 - 0,0,0,3.99,0,0,['English'],True,False,False,0,0,0,0,3,0,0,Roman Nixon,Vermillion,"Single-player,Family Sharing","Action,Casual,Indie",
I am Ball,"Jan 23, 2019",0 - 20000,0,0,1.19,80,0,"['English', 'German', 'Greek', 'Simplified Chinese']",True,False,False,0,0,11,1,11,0,0,Emilios Manolidis,Emilios Manolidis,"Single-player,Steam Achievements,Full controller support,Steam Cloud,Family Sharing","Adventure,Indie","Indie,Adventure,Platformer,Exploration,Puzzle-Platformer"
For Rent: Haunted House,"Jan 18, 2018",0 - 20000,0,0,2.99,0,0,['English'],True,True,True,0,0,4,2,0,0,0,Choice of Games,Choice of Games,"Single-player,Captions available,Steam Cloud,Family Sharing","Adventure,Indie,RPG","Adventure,RPG,Indie,Text-Based"
电竞俱乐部/ESports Club,"Jun 29, 2017",100000 - 200000,4,0,8.99,0,1,"['English', 'Simplified Chinese', 'Russian']",True,False,False,0,0,821,735,10,1390,407,"Hangzhou Xinlan Network Technology Co.,Ltd.","Hangzhou Xinlan Network Technology Co.,Ltd.","Single-player,Steam Achievements,Steam Workshop,Steam Cloud,Family Sharing","Indie,Simulation,Sports,Strategy,Early Access","Simulation,Strategy,Sports,Indie,e-sports,Early Access,Management"
Sudoku Acres,"Jul 31, 2025",0 - 0,0,0,2.49,0,0,['English'],True,False,False,0,0,0,0,14,0,0,ghilliebyte,ghilliebyte,"Single-player,Steam Achievements,Family Sharing",Casual,
Dreaming Blue,"Nov 25, 2025",0 - 0,0,0,1.99,0,0,['English'],True,True,True,0,0,0,0,0,0,0,FebruMar LLC,FebruMar LLC,"Single-player,Playable without Timed Input,Save Anytime,Steam Cloud,Family Sharing",Indie,
Third Power,"Sep 1, 2022",0 - 0,0,0,0.0,0,0,['English'],True,False,False,0,0,0,0,0,0,0,Plot Armor Studios,Plot Armor Studios,"Single-player,Full controller support","Adventure,Free To Play,Indie,RPG",
Doomsday,"Aug 18, 2023",0 - 20000,0,0,1.11,44,0,"['Simplified Chinese', 'English']",True,False,False,0,0,8,7,7,0,0,Mallet Games,赵鸿毓&温翎皓,"Single-player,Multi-player,PvP,Online PvP,LAN PvP,Co-op,Online Co-op,LAN Co-op,Steam Achievements,Family Sharing","Action,Adventure,Casual","Adventure,Action,Action-Adventure,3D Platformer,3D,First-Person,Zombies,Casual,Story Rich,FPS,Third-Person Shooter,Third Person,Post-apocalyptic,Building,PvP,Online Co-Op,Multiplayer,Cinematic,Singleplayer,Co-op"
Estellina,"Jan 18, 2024",0 - 20000,0,0,2.99,0,0,['English'],True,False,True,0,0,0,0,4,0,0,Zulv,Zulv,"Single-player,Steam Achievements,Family Sharing","Casual,Indie,Racing",
Everyone Moves With You,"Jun 27, 2022",0 - 20000,0,0,3.99,0,0,['English'],True,False,False,0,0,1,1,8,0,0,"Murdock Owen,Sharpblade Studios",Murdock Owen,"Single-player,Steam Achievements,Captions available,Partial Controller Support,Steam Cloud,Family Sharing","Action,Adventure,Casual,Indie,Strategy,Early Access","Early Access,Action,Adventure,Singleplayer,2D,Platformer,Pixel Graphics,Strategy,Hack and Slash,Dark Fantasy,Colorful,Dark,Action-Adventure,Atmospheric,Nature,Beat 'em up,Real Time Tactics,Runner,Female Protagonist,Side Scroller"
Gem Tales,"Feb 8, 2025",0 - 20000,0,0,5.49,45,0,"['English', 'French', 'German']",True,True,True,0,0,1,2,14,0,0,Kasual Kode,Ironcode Gaming,"Single-player,Steam Achievements,Family Sharing","Adventure,Casual","Match 3,Minigames,Adventure,Hidden Object,Casual,Puzzle,2D,Colorful,Realistic,Family Friendly,Singleplayer"
The Experiment: Escape Room,"Nov 22, 2018",50000 - 100000,0,0,1.59,0,0,"['English', 'French', 'Italian', 'German', 'Spanish - Spain', 'Japanese', 'Polish', 'Portuguese - Portugal', 'Russian', 'Simplified Chinese']",True,False,False,0,0,142,124,4,235,83,OnSkull Games,OnSkull Games,"Single-player,Multi-player,PvP,Online PvP,Co-op,Online Co-op,Cross-Platform Multiplayer,Steam Achievements,Full controller support,Tracked Controller Support,VR Supported,Family Sharing","Adventure,Casual,Indie","Indie,Adventure,Casual,Multiplayer,Escape Room,Co-op,Puzzle,Horror,VR"
Novus Orbis,"Feb 10, 2025",0 - 20000,0,0,7.49,0,1,"['English', 'Japanese', 'Italian']",True,False,False,0,0,53,1,98,0,0,Seizo Games,2 Left Thumbs,"Single-player,Steam Achievements,Full controller support,Steam Cloud,Family Sharing","Adventure,RPG,Strategy,Early Access","Early Access,Roguelike Deckbuilder,Rogue-like,Deckbuilding,Adventure,Card Battler,Turn-Based,Replay Value,Turn-Based Combat,Card Game,Difficult,Strategy,Dungeon Crawler,Pixel Graphics,Singleplayer,Rogue-lite,Casual,Turn-Based Tactics,RPG,2D"
LaserCat,"Dec 8, 2016",20000 - 50000,0,0,0.49,51,0,['English'],True,False,False,0,0,88,10,0,0,230,Daniel McFarline,Daniel McFarline,"Single-player,Full controller support,Steam Trading Cards,Family Sharing","Adventure,Casual,Indie","Indie,Adventure,Casual,Platformer,Cats,Pixel Graphics"
リアルタイムバトル将棋オンライン,"Nov 2, 2021",0 - 0,0,0,0.0,0,0,['Japanese'],True,False,False,0,0,0,0,0,0,0,株式会社シルバースタージャパン,株式会社シルバースタージャパン,"Single-player,Multi-player,PvP,Online PvP,Shared/Split Screen PvP,Shared/Split Screen","Action,Free To Play,Simulation,Strategy",
Bounce,"Jul 23, 2019",20000 - 50000,0,0,0.99,0,0,"['English', 'Simplified Chinese']",True,False,False,0,0,4,2,0,0,0,Xian'Yu,Xian'Yu,"Single-player,Family Sharing","Casual,Indie","Casual,Indie,Physics,Puzzle,Singleplayer,2D Platformer,Idler,Minimalist,Relaxing,Puzzle-Platformer,2D"
Digimon Story Cyber Sleuth: Complete Edition,"Oct 17, 2019",200000 - 500000,968,0,9.99,80,0,"['English', 'German', 'Korean', 'Traditional Chinese']",True,False,False,0,0,9933,1026,103,10075,4157,"h.a.n.d., Inc.",BANDAI NAMCO Entertainment Inc.,"Single-player,Multi-player,PvP,Online PvP,Steam Achievements,Full controller support,Steam Trading Cards,Steam Cloud,Steam Leaderboards,Family Sharing",RPG,"Creature Collector,JRPG,Anime,Turn-Based Combat,Turn-Based,RPG,Turn-Based Strategy,Visual Novel,PvP,Story Rich,Strategy,Cute,Action,Cyberpunk,Fantasy,Singleplayer,Sci-fi,Adventure,Multiplayer,Detective"
Command: Shifting Sands,"Oct 24, 2017",0 - 20000,0,0,0.0,0,0,['English'],True,False,False,0,0,7,0,0,0,0,WarfareSims,Matrix Games,"Single-player,Family Sharing","Simulation,Strategy","Strategy,Simulation"
I Know Everything,"Jun 7, 2019",0 - 20000,0,0,0.79,0,0,"['English', 'Russian']",True,True,True,0,0,22,6,15,0,0,NLB project,NLB project,"Single-player,Multi-player,PvP,Online PvP,Co-op,Online Co-op,Cross-Platform Multiplayer,Steam Achievements,Full controller support,Steam Leaderboards,Remote Play Together,Family Sharing","Casual,Indie","Indie,Casual,Education,Trivia,Science,Score Attack,Mouse only,Time Attack,Family Friendly,Singleplayer,Competitive,Multiplayer,PvP,Co-op,Replay Value,Choose Your Own Adventure,Logic,Choices Matter,PvE,Gambling"
Dice Guess,"Apr 22, 2024",0 - 20000,0,0,0.59,80,0,"['English', 'French', 'Italian', 'German', 'Spanish - Spain', 'Arabic', 'Finnish', 'Indonesian', 'Japanese', 'Korean', 'Norwegian', 'Portuguese - Brazil', 'Portuguese - Portugal', 'Russian', 'Simplified Chinese', 'Spanish - Latin America', 'Swedish', 'Thai', 'Turkish', 'Ukrainian', 'Vietnamese', 'Traditional Chinese']",True,True,True,0,0,3,0,8,0,0,Indest OÜ,Indest OÜ,"Single-player,Steam Achievements,Full controller support,Steam Cloud,Steam Leaderboards,Family Sharing","Casual,Indie","Casual,Puzzle,Minimalist,Logic,Linear,Singleplayer,Board Game,Indie,2.5D,Isometric"
Records of the Flycatcher,"Oct 17, 2024",0 - 0,0,0,0.0,0,0,['English'],True,False,False,0,0,0,0,0,0,0,Kowloon Drop Bear,Kowloon Drop Bear,Single-player,"Adventure,Indie,Free To Play",
Untold Winter Playtest,"Mar 21, 2025",0 - 0,0,0,0.0,0,0,[],True,False,False,0,0,0,0,0,0,0,,,,,
Tesla vs Lovecraft,"Jan 26, 2018",100000 - 200000,2,0,5.24,65,2,"['English', 'Spanish - Spain', 'Japanese', 'Russian', 'Simplified Chinese', 'Korean', 'French', 'German', 'Portuguese - Brazil']",True,True,True,73,0,1077,121,20,842,320,10tons Ltd,10tons Ltd,"Single-player,Multi-player,Co-op,Shared/Split Screen Co-op,Shared/Split Screen,Steam Achievements,Full controller support,Steam Trading Cards,Steam Cloud,Steam Leaderboards,Remote Play on TV,Remote Play Together,Family Sharing","Action,Indie,RPG","Top-Down Shooter,Lovecraftian,Arena Shooter,Action,Indie,Destruction,Local Co-Op,Top-Down,Shooter,Mechs,Sci-fi,Singleplayer,Twin Stick Shooter,Horror,Science,Futuristic,RPG,Local Multiplayer,Shoot 'Em Up,Atmospheric"
The Shadow People,"Oct 27, 2022",0 - 20000,0,0,0.0,0,0,['English'],True,False,False,0,0,38,5,0,0,0,Roc Studios,Roc Studios,Single-player,"Adventure,Indie,Free To Play","Point & Click,Horror,Retro,Minimalist,Adventure,Atmospheric,Singleplayer,Pixel Graphics,First-Person,Dark,Multiple Endings,Free to Play,Indie,2D,Mystery,Puzzle"
The Sims™ 3,"Jan 27, 2011",2000000 - 5000000,1264,0,19.99,0,19,"['Czech', 'Danish', 'Dutch', 'English', 'Finnish', 'French', 'German', 'Hungarian', 'Italian', 'Korean', 'Norwegian', 'Polish', 'Portuguese - Portugal', 'Russian', 'Spanish - Spain', 'Swedish', 'Traditional Chinese']",True,False,False,86,0,28544,4366,0,30348,4544,"The Sims Studio,Maxis",Electronic Arts,"Single-player,Family Sharing",Simulation,"Life Sim,Simulation,Character Customization,Building,Sandbox,Singleplayer,Casual,Funny,Moddable,Romance,RPG,Family Friendly,Comedy,Adventure,Replay Value,Multiplayer,Nudity,Great Soundtrack,Strategy,Action"
Hopebringers,"May 25, 2020",20000 - 50000,0,0,0.0,0,0,['English'],True,False,False,0,0,38,5,20,0,0,Critical Miss Games,Critical Miss Games,"Single-player,Steam Achievements","Free To Play,Indie,Strategy","Free to Play,Strategy,Indie,Turn-Based Tactics,Tactical RPG,Fantasy,Medieval,Singleplayer,Turn-Based Strategy,Tabletop"
Owe Money Pay Money,"Dec 4, 2024",0 - 0,0,0,0.0,0,0,['English'],True,False,False,0,0,0,0,0,0,0,No Average Joe,No Average Joe,"Single-player,Partial Controller Support","Action,Adventure,Casual,Indie,Free To Play",
Secret Odyssey: Orb of Eternity,"Mar 14, 2024",20000 - 50000,0,0,0.89,70,0,['English'],True,True,False,0,0,3,0,0,0,0,NEXTSQUARESTUDIO,NEXTSQUARESTUDIO,"Single-player,Full controller support,Family Sharing","Adventure,Indie","Exploration,Hidden Object,Puzzle,Interactive Fiction,3D,Third Person,Cyberpunk,Detective,Controller,Story Rich,Colorful,Sci-fi,Mystery,Atmospheric,Adventure,Investigation,Futuristic,Singleplayer,Gaming,Indie"
Vesnith Tapes,"Jun 23, 2025",0 - 0,0,0,2.49,0,0,"['English', 'Simplified Chinese', 'Traditional Chinese']",True,False,False,0,0,0,0,5,0,0,"KY XE,DCKAA",Darks Zone,"Single-player,Steam Achievements,Family Sharing","Action,Adventure,Indie",
Void or Hollow,"Feb 10, 2024",0 - 20000,0,0,0.55,72,0,['English'],True,False,False,0,0,2,0,5,0,0,V.A.H,V.A.H,"Single-player,Family Sharing","Action,Adventure,Indie","Adventure,Action,3D,First-Person,Realistic,Atmospheric,Dark,Horror,Mystery,Indie,Survival Horror,Inventory Management,Singleplayer,Action-Adventure,Combat,Linear,Survival"
SEARCH ALL - CATS,"Feb 9, 2022",20000 - 50000,0,0,0.59,80,0,"['English', 'French', 'Italian', 'German', 'Spanish - Spain', 'Arabic', 'Bulgarian', 'Portuguese - Brazil', 'Hungarian', 'Vietnamese', 'Greek', 'Danish', 'Spanish - Latin America', 'Traditional Chinese', 'Simplified Chinese', 'Korean', 'Dutch', 'Norwegian', 'Polish', 'Portuguese - Portugal', 'Romanian', 'Russian', 'Thai', 'Turkish', 'Ukrainian', 'Finnish', 'Czech', 'Swedish', 'Japanese']",True,False,False,0,0,121,26,10,132,0,Laush Dmitriy Sergeevich,Laush Studio,"Single-player,Steam Achievements,Full controller support,Family Sharing","Casual,Indie","Casual,Puzzle,Point & Click,Education,Exploration,Clicker,Hidden Object,Flight,2D,Minimalist,Hand-drawn,Stylized,Controller,Score Attack,Singleplayer,Family Friendly,Cats,Indie"
Too White Basketball,"Dec 16, 2019",0 - 20000,0,0,0.49,51,0,['English'],True,False,False,0,0,24,9,31,0,0,CSM,W. T. B.,"Single-player,Steam Achievements,Family Sharing","Casual,Indie,Sports","Casual,Indie,Sports,Simulation,Comedy,Early Access,Arcade,Puzzle-Platformer,Precision Platformer,2D,Minimalist,Colorful,Basketball,Skating,Physics,Singleplayer"
Canis Watch,"Nov 21, 2024",0 - 20000,0,0,2.99,25,0,['English'],True,False,False,0,0,0,0,18,0,0,Stuck Inside Games,Stuck Inside Games,"Single-player,Multi-player,Co-op,Online Co-op,LAN Co-op,Steam Achievements,Steam Cloud,Family Sharing","Action,Adventure,Indie,RPG",
Animation Studio Manager,"Apr 8, 2022",0 - 20000,0,0,3.99,0,0,['English'],True,False,False,0,0,9,4,70,0,0,David Estes Creations,David Estes Creations,"Single-player,Steam Achievements,Steam Cloud,Family Sharing","Casual,Indie,RPG,Strategy","Linear,Satire,Capitalism,Time Management,Inventory Management,Comedy,Casual,Minigames,Point & Click,Singleplayer,Tutorial,Character Customization,Cartoony,Strategy,Top-Down,RPG,Choices Matter,Indie,Economy,Strategy RPG"
Demon Lord Tamer,"Mar 6, 2023",0 - 20000,0,0,9.99,0,0,['English'],True,False,False,0,0,0,1,0,0,0,HEG Games,HEG Games,"Single-player,Family Sharing","Casual,Indie,Simulation,Early Access","Casual,Simulation,Platformer,Point & Click,2D Platformer,Singleplayer,Indie,Early Access"
Last Devil,"Mar 15, 2023",0 - 20000,2,0,5.49,50,1,"['Traditional Chinese', 'English', 'Japanese', 'Simplified Chinese', 'Korean', 'Russian']",True,False,False,0,0,0,0,130,737,318,"Sand Traveler,ado",Mango Party,"Single-player,Family Sharing","Action,RPG",
Block Pooper 9,"Dec 4, 2018",0 - 20000,0,0,0.0,0,0,['English'],True,False,False,0,0,17,8,0,0,0,Popcannibal,Popcannibal,"Multi-player,PvP,Shared/Split Screen PvP,Shared/Split Screen,Full controller support,Remote Play Together","Action,Indie","Indie,Action,Local Multiplayer,Funny,2D Fighter,Fighting,Free to Play"
Sakura Knight 3,"Sep 7, 2020",0 - 20000,0,0,2.99,70,0,"['English', 'Simplified Chinese']",True,False,True,0,0,75,17,14,0,429,Winged Cloud,Winged Cloud,"Single-player,Steam Achievements,Steam Trading Cards,Partial Controller Support,Family Sharing",Simulation,"Visual Novel,Anime,Simulation,Dating Sim,Romance,Cute,Conversation,Linear,Colorful,Fantasy,Comedy,Singleplayer,Sexual Content,LGBTQ+,Hentai,Nudity"
CORPSE CARNIVAL Playtest,"Mar 26, 2025",0 - 0,0,0,0.0,0,0,[],True,False,False,0,0,0,0,0,0,0,,,,,
Beyond These Stars Playtest,"Aug 24, 2023",0 - 0,0,0,0.0,0,0,[],True,False,False,0,0,0,0,2,0,0,,,,,
Dead End City,"Oct 13, 2022",0 - 20000,0,0,14.99,0,0,['English'],True,False,False,0,0,36,3,34,0,0,Pixel Licker LLC,Pixel Licker LLC,"Single-player,Steam Achievements,Partial Controller Support,Steam Leaderboards,Family Sharing","Action,Indie","Action,Shoot 'Em Up,Shooter,2D,1980s,Top-Down Shooter,Arcade,Post-apocalyptic,Bullet Hell,Pixel Graphics,Vehicular Combat,Score Attack,Old School,Retro,Top-Down,1990's,Linear,Multiple Endings,Dystopian,Sci-fi"
Alien Insanity,"Mar 16, 2017",0 - 20000,0,0,2.24,25,0,['English'],True,False,False,0,0,40,6,27,0,0,Paul Bird,Marjupi Games,"Single-player,Steam Achievements,Full controller support,Steam Workshop,Includes level editor,Family Sharing","Action,Adventure,Casual,Indie,Strategy","Sexual Content,Casual,Memes,Action,Cold War,Adventure,Indie,Psychological Horror,Strategy,Anime,Nudity,Story Rich,FPS,Cult Classic"
Yuki「清醒梦」,"Oct 24, 2025",0 - 0,0,0,0.0,0,0,['English'],True,False,False,0,0,0,0,8,0,0,visualmemoryunit_,visualmemoryunit_,"Single-player,Steam Achievements,Custom Volume Controls,Keyboard Only Option,Stereo Sound","Adventure,Free To Play",
The Wolf,"Oct 25, 2021",0 - 20000,0,0,9.99,0,0,"['English', 'French', 'Italian', 'German', 'Spanish - Spain', 'Arabic', 'Traditional Chinese', 'Spanish - Latin America', 'Korean', 'Turkish', 'Portuguese - Brazil']",True,True,False,0,0,131,49,0,185,0,Good Luck Games,Good Luck Games,"Single-player,Multi-player,MMO,PvP,Online PvP,Co-op,Online Co-op,Family Sharing","Action,Massively Multiplayer,Simulation","Spectacle fighter,Immersive Sim,PvP,PvE,Party-Based RPG,Action RPG,MMORPG,RPG,3D,Third Person,Action,Team-Based,Nature,Combat,Singleplayer,Co-op,Online Co-Op,Multiplayer,Massively Multiplayer,Local Co-Op"
Command Deck,"Sep 24, 2025",0 - 20000,0,0,14.99,0,0,['English'],True,True,False,0,0,0,0,0,0,0,k-critical,k-critical,"Single-player,Family Sharing","Indie,Strategy,Early Access",
Choice of Life: Wild Islands,"Sep 26, 2024",0 - 20000,3,0,2.79,60,2,"['English', 'Russian', 'German', 'Spanish - Spain', 'Turkish', 'Ukrainian']",True,True,True,0,0,268,14,26,301,163,Blazing Planet Studio,Blazing Planet Studio,"Single-player,Steam Achievements,Full controller support,Steam Trading Cards,Custom Volume Controls,Keyboard Only Option,Mouse Only Option,Playable without Timed Input,Save Anytime,Steam Cloud,Family Sharing","Adventure,Casual,Indie,RPG,Simulation","RPG,Choose Your Own Adventure,Card Game,2D,Funny,Casual,Indie,Multiple Endings,Adventure,Simulation,Singleplayer,Choices Matter,Strategy,Roguelike Deckbuilder,Story Rich,Fantasy,Turn-Based,Turn-Based Strategy,Replay Value,Survival"
Space Rangers HD: A War Apart,"Oct 17, 2013",200000 - 500000,140,0,2.24,85,0,"['Russian', 'English']",True,False,False,68,0,6289,377,82,5598,2259,"SNK Games,Elemental Games,Katauri Interactive",Fulqrum Publishing,"Single-player,Steam Achievements,Steam Trading Cards,Steam Cloud,Stats,Steam Leaderboards,Family Sharing","Action,Adventure,RPG,Simulation,Strategy","Space,RPG,Strategy,Adventure,Simulation,Classic,Open World,Sci-fi,Action,Turn-Based,Atmospheric,Comedy,Nostalgia,Sandbox,Replay Value,Singleplayer,RTS,Arcade,2D,Procedural Generation"
The Jester and the Madman,"Oct 20, 2025",0 - 20000,0,0,3.49,0,0,['English'],True,False,True,0,0,0,0,27,0,0,Tim Rachor,Tim Rachor,"Single-player,Steam Achievements,Custom Volume Controls,Mouse Only Option,Save Anytime,Steam Cloud,Family Sharing",Adventure,
Kill the Twister,"Apr 11, 2025",0 - 0,0,0,0.0,0,0,['English'],True,False,False,0,0,0,0,1,0,0,Jakob Vidal,Jakob Vidal,"Single-player,Steam Achievements,Full controller support","Action,Casual,Indie,Free To Play",
Loot Line - Season 2,"Dec 19, 2025",0 - 0,0,0,10.79,0,0,['English'],True,True,True,0,0,0,0,27,0,0,Candylight Studio,Candylight Studio,"Single-player,Steam Achievements,Family Sharing","Adventure,Casual,Indie,RPG",
Maskonauts: Chat'Attack,"Dec 28, 2023",50000 - 100000,0,0,4.19,30,1,"['English', 'French']",True,False,False,0,0,4,0,30,0,0,quanty bandit,quanty bandit,"Single-player,Multi-player,PvP,Online PvP,Co-op,Online Co-op,Steam Achievements,Steam Cloud,Stats,Family Sharing",Casual,"Bullet Hell,Shoot 'Em Up,Collectathon,PvP,Word Game,Procedural Generation,Asynchronous Multiplayer,Shooter,Arcade,2D,Cute,Team-Based,Casual,Text-Based,Action,Pixel Graphics,Sci-fi,1990's,Retro,Singleplayer"
CrashMetal - Cyberpunk,"Dec 17, 2020",100000 - 200000,0,0,0.49,90,0,['English'],True,True,False,0,0,444,233,23,617,190,JDM4iK Games,"SA Industry,BATYSTORE LTD","Single-player,Multi-player,PvP,Online PvP,Co-op,Online Co-op,Cross-Platform Multiplayer,Steam Achievements,Steam Trading Cards,Partial Controller Support,Family Sharing","Action,Casual,Indie,Massively Multiplayer,Racing,Simulation,Sports","Racing,Cyberpunk,Open World,Multiplayer,Moddable,Sci-fi,PvP,Combat Racing,Driving,Physics,Automobile Sim,Arcade,Action,Simulation,3D,Realistic,Stylized,Cinematic,Dark,Futuristic"
蓝实战队,"Jan 14, 2021",0 - 20000,0,0,6.99,0,0,['Simplified Chinese'],True,False,False,0,0,2,6,0,0,0,清风,清风,"Multi-player,MMO,PvP,Online PvP,Co-op,Online Co-op,Family Sharing","Adventure,Massively Multiplayer,Racing,Strategy,Early Access","Racing,FPS,MOBA,Adventure,Open World,Massively Multiplayer,Battle Royale,Survival,Early Access,Strategy,Online Co-Op,Sniper"
Haunted Hotel: Room 18 Collector's Edition,"Nov 1, 2019",0 - 20000,0,0,4.99,50,0,['English'],True,False,False,0,0,19,6,0,0,162,Elephant Games,BFG Entertainment,"Single-player,Family Sharing","Adventure,Casual","Adventure,Casual,Hidden Object"
Zombie Siege：Room War,"Nov 11, 2024",0 - 20000,0,0,2.99,0,0,"['English', 'Simplified Chinese']",True,False,False,0,0,0,0,0,0,0,gamemixcraft,gamemixcraft,"Single-player,Multi-player,Co-op,Shared/Split Screen Co-op,Shared/Split Screen,Partial Controller Support,Family Sharing","Action,Casual,Indie,Strategy",
BACKFIRE,"Aug 30, 2025",0 - 20000,0,0,9.99,0,0,['English'],True,False,True,0,0,0,0,12,0,0,SQYD.studio,SQYD.studio,"Single-player,Steam Achievements,Full controller support,Custom Volume Controls,Adjustable Difficulty,Mouse Only Option,Touch Only Option,Steam Cloud,Family Sharing","Action,Indie",
Duskpunk,"Nov 19, 2025",0 - 20000,0,0,19.99,0,0,['English'],True,True,True,0,0,0,0,33,0,715,"Clockwork Bird,James Patton",Clockwork Bird,"Single-player,Steam Achievements,Stats,Family Sharing","Adventure,Indie,RPG",
SEX Tentacles [18+],"May 10, 2023",0 - 20000,0,0,1.19,70,0,"['English', 'French', 'Italian', 'German', 'Spanish - Spain', 'Arabic', 'Bulgarian', 'Vietnamese', 'Greek', 'Danish', 'Simplified Chinese', 'Traditional Chinese', 'Korean', 'Norwegian', 'Dutch', 'Polish', 'Portuguese - Brazil', 'Portuguese - Portugal', 'Russian', 'Romanian', 'Thai', 'Turkish', 'Hungarian', 'Ukrainian', 'Finnish', 'Czech', 'Swedish', 'Japanese', 'Spanish - Latin America']",True,False,False,0,0,0,0,25,178,9,Romantic Room,Romantic Room,"Single-player,Steam Achievements,Family Sharing","Action,Adventure",
DRAKE Playtest,"Dec 14, 2023",0 - 0,0,0,0.0,0,0,[],True,False,False,0,0,0,0,0,0,0,,,,,
Gemima,"Apr 20, 2025",0 - 20000,0,0,5.39,40,1,['English'],True,False,False,0,0,3,0,33,0,0,FunLittleGames LTD,FunLittleGames LTD,"Single-player,Multi-player,Co-op,Shared/Split Screen Co-op,Shared/Split Screen,Steam Achievements,Full controller support,Camera Comfort,Custom Volume Controls,Adjustable Difficulty,Keyboard Only Option,Save Anytime,Steam Cloud,Remote Play Together,Family Sharing","Casual,Indie","Sokoban,Puzzle,Co-op,Local Co-Op,Local Multiplayer,Logic,Grid-Based Movement,Family Friendly,Casual,Puzzle-Platformer,2D Platformer,2D,Cartoon,Cute,Hand-drawn,Pixel Graphics,1990's,Old School,Female Protagonist,Controller"
Funeral,"Nov 23, 2022",20000 - 50000,0,0,2.99,0,0,"['English', 'German', 'Spanish - Spain', 'Russian']",True,False,False,0,0,32,11,0,0,0,Sysreb Games,Sysreb Games,"Single-player,Family Sharing","Adventure,Indie","Horror,Female Protagonist,Dark,Atmospheric,Psychological Horror,Exploration,Hidden Object,Psychological,Demons,Mystery,Surreal,Thriller,Indie,Walking Simulator,3D,First-Person,Dark Fantasy,Adventure,Singleplayer"
Knight Squad 2,"Apr 14, 2021",0 - 20000,0,0,3.74,75,0,"['English', 'French', 'Italian', 'German', 'Spanish - Spain', 'Japanese', 'Portuguese - Brazil', 'Russian', 'Simplified Chinese', 'Traditional Chinese']",True,False,False,0,0,194,15,17,166,435,Chainsawesome Games,Chainsawesome Games,"Single-player,Multi-player,PvP,Online PvP,Shared/Split Screen PvP,Co-op,Online Co-op,Shared/Split Screen Co-op,Shared/Split Screen,Cross-Platform Multiplayer,Steam Achievements,Partial Controller Support,Remote Play Together,Family Sharing",Action,"Arcade,Multiplayer,Party Game,4 Player Local,Online Co-Op,Action,PvP,Top-Down,Cartoony,Fantasy,Comedy,Co-op,Local Co-Op,Local Multiplayer"
Nebulock,"Mar 5, 2025",20000 - 50000,15,0,1.94,0,0,['English'],True,False,False,0,0,281,41,4,483,207,LostVolBytes,LostVolBytes,"Single-player,Steam Achievements,Full controller support,Steam Cloud,Family Sharing",Action,"Bullet Hell,Twin Stick Shooter,2D,Space,Arcade,Experimental,Difficult,Arena Shooter,Abstract,Colorful,Singleplayer,Shoot 'Em Up,Destruction,Action,Top-Down,Top-Down Shooter,Shooter,Retro,Indie,Management"
Seek Girl Ⅱ,"Sep 30, 2019",100000 - 200000,0,0,0.99,50,2,"['English', 'Japanese', 'Simplified Chinese', 'Traditional Chinese']",True,False,False,0,0,2087,481,35,2398,33,DSGame,DSGame,"Single-player,Steam Achievements,Steam Cloud,Family Sharing","Casual,Indie","Sexual Content,Nudity,Mature,Hentai,NSFW,Casual,Indie,Anime,Puzzle,Dating Sim,Singleplayer,Female Protagonist,Visual Novel,Cute,Choose Your Own Adventure,Romance,World War II,RPG"
Heileen 3: New Horizons,"Jul 17, 2014",0 - 20000,0,0,5.49,78,1,['English'],True,True,True,0,0,56,32,22,0,335,Winter Wolves,Winter Wolves,"Single-player,Steam Achievements,Steam Trading Cards,Partial Controller Support,Steam Cloud,Family Sharing","Adventure,Casual,Indie,Simulation","Visual Novel,Simulation,Pirates,LGBTQ+,Female Protagonist,Dating Sim,Anime,Singleplayer,Otome,Indie,Casual,Choices Matter,Adventure,Choose Your Own Adventure,Comedy,Romance,Nudity,Interactive Fiction,Point & Click,Life Sim"
DuelVox,"Jul 27, 2020",20000 - 50000,0,0,1.34,0,0,"['English', 'Russian', 'French', 'Italian', 'German', 'Spanish - Spain', 'Bulgarian', 'Danish', 'Simplified Chinese', 'Korean', 'Dutch', 'Norwegian', 'Polish', 'Portuguese - Portugal', 'Turkish', 'Ukrainian', 'Finnish', 'Swedish', 'Japanese']",True,False,False,0,0,27,7,22,0,0,Piece Of Voxel,Piece Of Voxel,"Single-player,Steam Achievements,Family Sharing","Action,Casual,Indie,Strategy","Action,Casual,Western,Survival,Hero Shooter,Arcade,FPS,Action RPG,Stealth,Voxel,Shooter,First-Person,Beat 'em up,Shoot 'Em Up,Atmospheric,Singleplayer,Family Friendly,Sniper,Quick-Time Events,PvE"
Slime Story,"Jul 9, 2021",0 - 20000,0,0,0.99,0,0,"['English', 'French', 'Italian', 'German', 'Spanish - Spain', 'Russian', 'Simplified Chinese']",True,False,False,0,0,6,1,16,0,0,★AlienRus★,Alien's Space,"Single-player,Steam Achievements,Family Sharing","Adventure,Indie","Adventure,Platformer,3D Platformer,Puzzle-Platformer,Runner,Parkour,Precision Platformer,Logic,Perma Death,Idler,3D,Exploration,Arcade,Isometric,Side Scroller,Minimalist,Puzzle,Cute,2D Platformer,2D"
Doodle God: Mighty Trio,"May 4, 2018",50000 - 100000,1,0,0.0,0,1,"['English', 'Russian']",True,False,False,0,0,93,46,0,0,240,JoyBits Ltd.,JoyBits Ltd.,"Single-player,In-App Purchases","Casual,Indie,Free To Play,Early Access","Free to Play,Indie,Early Access,Casual,Match 3,Puzzle,Singleplayer,Action,Crafting,2D,Funny"
Newbinis!,"Feb 28, 2025",0 - 20000,0,0,4.99,0,0,['English'],True,False,False,0,0,1,0,0,0,0,Chris's Games,Chris's Games,"Single-player,Family Sharing","Casual,Indie,Strategy","Casual,Puzzle,Logic,Cute,Cartoon,Old School,Singleplayer,Relaxing,Family Friendly,Education,Point & Click,Choose Your Own Adventure,2D,Colorful,Hand-drawn,Strategy,Fantasy,Funny,Nature,Character Customization"
Best Life Simulator,"Nov 23, 2018",0 - 20000,0,0,0.99,0,0,"['English', 'Russian', 'Ukrainian']",True,False,False,0,0,19,25,0,0,0,"Khramov Serhii,Pohrebnyi Dmytro",Balance,"Single-player,Family Sharing","Indie,Simulation,Strategy","Indie,Strategy,Simulation,Life Sim,Singleplayer,Atmospheric,Classic,Tactical,Real-Time,Puzzle,Clicker,Funny,Casual,Difficult,Family Friendly,Sports,2D,Platformer,Education,Exploration"
Little Witch Academia: VR Broom Racing,"Jul 15, 2021",0 - 20000,0,0,29.99,0,0,"['English', 'Japanese']",True,False,False,0,0,24,2,35,0,0,"UNIVRS, Inc.","UNIVRS, Inc.","Single-player,Multi-player,Tracked Controller Support,VR Only,Family Sharing","Adventure,Casual,Racing,Sports","Racing,VR,Adventure,Sports,Combat Racing,Magic,Anime,Automobile Sim,6DOF,Casual,Singleplayer,Multiplayer"
南瓜餐厅 Playtest,"Feb 28, 2025",0 - 0,0,0,0.0,0,0,[],True,False,False,0,0,0,0,0,0,0,,,,,
Twizzle Puzzle: Dinosaurs,"May 29, 2024",0 - 0,0,0,1.99,0,0,"['English', 'French', 'Italian', 'German', 'Spanish - Spain', 'Arabic', 'Bulgarian', 'Vietnamese', 'Greek', 'Danish', 'Simplified Chinese', 'Traditional Chinese', 'Korean', 'Norwegian', 'Dutch', 'Polish', 'Portuguese - Brazil', 'Portuguese - Portugal', 'Russian', 'Romanian', 'Thai', 'Turkish', 'Hungarian', 'Ukrainian', 'Finnish', 'Czech', 'Swedish', 'Japanese', 'Indonesian', 'Spanish - Latin America', 'Azerbaijani', 'Albanian', 'Amharic', 'Assamese', 'Afrikaans', 'Basque', 'Bangla', 'Bosnian', 'Belarusian', 'Valencian', 'Welsh', 'Wolof', 'Armenian', 'Galician', 'Georgian', 'Gujarati', 'Hindi', 'Dari', 'Estonian', 'Zulu', 'Yoruba', 'Kazakh', 'Kannada', 'Catalan', 'Quechua', 'Kyrgyz', 'Konkani', 'Khmer', 'Xhosa', K'iche', 'Latvian', 'Lithuanian', 'Luxembourgish', 'Macedonian', 'Malay', 'Malayalam', 'Maltese', 'Maori', 'Marathi', 'Mongolian', 'Nepali', 'Odia', 'Punjabi (Shahmukhi)', 'Punjabi (Gurmukhi)', 'Persian', 'Kinyarwanda', 'Serbian', 'Sotho', 'Sinhala', 'Sindhi', 'Scots', 'Slovak', 'Slovenian', 'Sorani', 'Swahili', 'Tajik', 'Tamil', 'Tatar', 'Telugu', 'Tigrinya', 'Tswana', 'Turkmen', 'Uzbek', 'Uyghur', 'Urdu', 'Filipino', 'Hausa', 'Croatian', 'Cherokee', 'Hebrew', 'Irish', 'Icelandic', 'Igbo']",True,False,False,0,0,0,0,100,0,0,Cute Hannah's Games,Cute Hannah's Games,"Single-player,Steam Achievements,Camera Comfort,Mouse Only Option,Playable without Timed Input,Stereo Sound,Steam Cloud,Family Sharing","Casual,Indie",
Ultimate Super Bean,"Mar 16, 2022",0 - 20000,0,0,4.99,0,0,['English'],True,True,False,0,0,9,0,0,0,0,Nugget Games,Nugget Games,"Single-player,Multi-player,PvP,Online PvP,Cross-Platform Multiplayer,Family Sharing","Action,Casual,Indie","Action,Shooter,FPS,3D,First-Person,Casual,Funny,Multiplayer,Indie,Arcade,Cartoony,Comedy,Futuristic,War,PvP,Combat,Physics,Singleplayer,Parkour"
1912 Titanic Mystery,"Jul 17, 2019",0 - 20000,0,0,5.99,0,0,['English'],True,False,False,0,0,21,19,0,0,0,Mad Data,HH-Games,"Single-player,Family Sharing","Adventure,Casual","Adventure,Casual,Hidden Object"
Dorf the Dwarf,"Jul 20, 2024",0 - 20000,0,0,1.99,50,0,"['English', 'Simplified Chinese']",True,False,False,0,0,2,0,11,0,0,utStudio,utStudio,"Single-player,Steam Achievements,Steam Cloud,Family Sharing","Indie,RPG","RPG,Puzzle,2D,Pixel Graphics,Top-Down,Fantasy,Old School,Underground,Grid-Based Movement,Indie,Singleplayer,Sokoban,Dwarf"
Kindergarten 3,"Jun 18, 2025",0 - 20000,0,0,15.99,20,0,"['English', 'Simplified Chinese', 'Russian']",True,True,True,0,0,0,0,21,1458,249,"Con Man Games,Sean Young",SmashGames,"Single-player,Steam Achievements,Full controller support,Color Alternatives,Custom Volume Controls,Keyboard Only Option,Playable without Timed Input,Steam Cloud,Family Sharing","Adventure,Indie",
破晓星辉 Dawn Starlight Playtest,"Nov 3, 2025",0 - 0,0,0,0.0,0,0,[],True,False,False,0,0,0,0,0,0,0,,,,,
Coloring Voxels,"Aug 15, 2025",0 - 0,0,0,0.0,0,6,"['English', 'French', 'Italian', 'German', 'Spanish - Spain', 'Dutch', 'Japanese', 'Korean', 'Portuguese - Portugal', 'Russian', 'Simplified Chinese', 'Traditional Chinese']",True,True,True,0,0,0,0,100,0,0,ToastieLabs,ToastieLabs,"Single-player,Steam Achievements,Custom Volume Controls,Mouse Only Option,Playable without Timed Input,Save Anytime,Steam Cloud","Casual,Indie,Free To Play",
MACROSS -Shooting Insight-,"Mar 27, 2024",0 - 20000,0,0,39.99,0,0,"['Japanese', 'English', 'Traditional Chinese']",True,False,False,0,0,24,23,56,0,0,KAMINARI GAMES Inc.,Bushiroad Inc.,"Single-player,Steam Achievements,Full controller support,Steam Cloud,Family Sharing",Action,"Action,Shooter,Sci-fi,Anime,Bullet Hell,Story Rich,Singleplayer,Mechs,Robots"
Popcorn Popstars,"Aug 15, 2025",0 - 0,0,0,4.99,0,0,['English'],True,False,False,0,0,0,0,0,0,0,ROGUE6,ROGUE6,"Single-player,Family Sharing",Early Access,
Hentai Polka,"Feb 16, 2024",0 - 20000,0,0,0.99,0,0,['English'],True,False,False,0,0,0,0,54,0,0,PinkRecord,PinkRecord,"Single-player,Steam Achievements,Family Sharing","Casual,Indie",
L'Angolo Di Farenz - Avventure Vampiresche,"Jul 17, 2023",0 - 20000,0,0,4.99,0,0,['Italian'],True,True,False,0,0,5,0,2,0,0,Vincenzo Talarico,Birbone Games,"Single-player,Full controller support,Family Sharing","Action,Adventure,Indie","Action,Adventure,Arcade,Action-Adventure,Side Scroller,2D,Pixel Graphics,1980s,Retro,Indie,Combat,Controller,Linear,Singleplayer"
The Last Pirate Adventure: Drake's Treasure,"Feb 12, 2021",0 - 20000,0,0,4.99,0,0,"['Spanish - Spain', 'English']",True,False,False,0,0,0,0,0,0,0,133 Games,133 Games,"Single-player,Family Sharing","Adventure,Indie",
teamtower Playtest,"Aug 18, 2021",0 - 0,0,0,0.0,0,0,[],True,False,False,0,0,0,0,0,0,0,,,,,
Dream Of Salmon,"Aug 19, 2020",20000 - 50000,0,0,1.99,0,0,['English'],True,False,False,0,0,2,0,0,0,0,D.Virus,D.Virus,"Single-player,Family Sharing","Adventure,Casual,Indie","Adventure,Rhythm,Survival,Arcade,Runner,Survival Horror,Choose Your Own Adventure,2D,Cute,Pixel Graphics,Underwater,Thriller,Physics,Choices Matter,Sailing,God Game,Singleplayer,Indie,Casual,Difficult"
Faraway Islands,"Dec 13, 2020",0 - 20000,0,0,3.99,0,0,"['English', 'Czech']",True,False,False,0,0,5,5,30,0,0,bocoboc,bocoboc,"Single-player,Steam Achievements,Full controller support,Steam Cloud,Family Sharing","Action,Adventure,Indie","Crafting,Survival,Exploration,Building,Top-Down,Pixel Graphics,Open World Survival Craft,Procedural Generation,Farming,Nature,Mining,Adventure,2D,Singleplayer,Inventory Management,Sandbox,Open World,Character Customization,Casual,Cooking"
Melancholy Date,"Jun 6, 2023",0 - 20000,0,0,2.24,55,0,['English'],True,False,False,0,0,0,0,0,0,0,Cute Pen Games,Cute Pen Games,"Single-player,Family Sharing","Casual,Indie",
Saihate Station,"Mar 7, 2025",0 - 0,0,0,0.0,0,1,"['Japanese', 'Simplified Chinese', 'Traditional Chinese', 'Korean', 'English', 'Thai', 'Vietnamese', 'Portuguese - Brazil', 'Russian', 'French', 'Italian', 'Spanish - Spain', 'Ukrainian']",True,True,False,0,0,0,0,0,0,0,びぶ/viv,びぶ/viv,Single-player,"Adventure,Indie,RPG,Free To Play",
Phrenetic Shooting Reunion,"Dec 25, 2024",0 - 20000,0,0,2.99,0,0,"['English', 'Japanese']",True,False,False,0,0,2,0,0,0,0,ALU COMPUTER ARTS,ALU COMPUTER ARTS,"Single-player,Full controller support,Custom Volume Controls,Adjustable Difficulty,Family Sharing","Action,Casual,Indie","Action,Casual,2D Fighter,Arcade,2D Platformer,Top-Down Shooter,2D,Pixel Graphics,Top-Down,1980s,1990's,Indie,Old School,Retro,Space,Controller,Singleplayer"
Galaxy Arena,"Apr 3, 2021",0 - 20000,0,0,0.49,72,0,"['English', 'French', 'Italian', 'German', 'Spanish - Spain', 'Arabic', 'Bulgarian', 'Portuguese - Brazil', 'Hungarian', 'Vietnamese', 'Greek', 'Danish', 'Spanish - Latin America', 'Traditional Chinese', 'Simplified Chinese', 'Korean', 'Dutch', 'Norwegian', 'Polish', 'Portuguese - Portugal', 'Romanian', 'Russian', 'Thai', 'Turkish', 'Ukrainian', 'Finnish', 'Czech', 'Swedish', 'Japanese', 'Azerbaijani', 'Albanian', 'Amharic', 'Armenian', 'Assamese', 'Afrikaans', 'Basque', 'Belarusian', 'Bangla', 'Bosnian', 'Valencian', 'Welsh', 'Wolof', 'Galician', 'Georgian', 'Gujarati', 'Dari', 'Zulu', 'Hebrew', 'Igbo', 'Indonesian', 'Irish', 'Icelandic', 'Yoruba', 'Kazakh', 'Kannada', 'Catalan', 'Quechua', 'Kinyarwanda', K'iche', 'Konkani', 'Xhosa', 'Khmer', 'Kyrgyz', 'Latvian', 'Lithuanian', 'Luxembourgish', 'Macedonian', 'Malay', 'Malayalam', 'Maltese', 'Maori', 'Marathi', 'Mongolian', 'Nepali', 'Odia', 'Punjabi (Gurmukhi)', 'Punjabi (Shahmukhi)', 'Persian', 'Serbian', 'Sotho', 'Sinhala', 'Sindhi', 'Slovak', 'Slovenian', 'Sorani', 'Swahili', 'Tajik', 'Tamil', 'Tatar', 'Telugu', 'Tigrinya', 'Tswana', 'Turkmen', 'Uzbek', 'Uyghur', 'Urdu', 'Filipino', 'Hausa', 'Hindi', 'Croatian', 'Cherokee', 'Scots', 'Estonian']",True,False,False,0,0,13,4,0,0,0,CICUN,kovalevviktor,"Single-player,Family Sharing","Action,Indie","3D Fighter,Horror,Action,Shooter,Shoot 'Em Up,Survival,Simulation,Gun Customization,Spectacle fighter,War,Bullet Hell,Tactical,Strategy,Cyberpunk,Indie,Robots,Arcade,3D,First-Person,Destruction"
Grow Wild Playtest,"Jul 16, 2025",0 - 0,0,0,0.0,0,0,[],True,False,False,0,0,0,0,0,0,0,,,,,
Kamimachi Site - Dating story,"Jun 2, 2019",0 - 20000,0,0,17.99,0,0,"['English', 'Japanese', 'Simplified Chinese', 'Traditional Chinese']",True,False,False,0,0,0,0,0,137,47,Lipplen,MB Game Studio,"Single-player,Steam Trading Cards,Family Sharing","Adventure,Indie",
Sword of Rapier,"Nov 16, 2018",0 - 20000,0,0,0.99,80,0,"['English', 'German', 'Simplified Chinese', 'Traditional Chinese', 'Japanese']",True,False,False,0,0,3,1,0,0,0,vDog,vDog,"Single-player,Partial Controller Support,Family Sharing","Action,Indie,RPG","Action,RPG,Indie"
Professional Married Woman Cuckolder,"Feb 2, 2024",0 - 20000,0,0,4.99,0,0,"['English', 'Japanese']",True,False,False,0,0,0,0,0,0,0,INTERHEART glossy,ARTLINK,"Single-player,Family Sharing",Adventure,
LIGHTNING,"Jun 19, 2023",0 - 20000,0,0,9.99,0,0,['English'],True,False,False,0,0,8,2,16,0,0,"AIONWARE LTD,H. Senemar",AIONWARE LTD,"Multi-player,PvP,Online PvP,Co-op,Online Co-op,Steam Achievements,Steam Workshop,In-App Purchases,Steam Cloud,Stats,Includes level editor,Family Sharing","Action,Early Access","First-Person,Multiplayer,Tactical,Hero Shooter,Realistic,Military,FPS,Shooter,Parkour,Competitive,Action,Magic,Team-Based,Sci-fi,Gun Customization,Character Customization,Online Co-Op,PvE,PvP,Early Access"
Suzy Burger,"Jun 6, 2021",0 - 20000,0,0,2.09,0,0,['English'],True,False,False,0,0,0,0,0,0,0,QuickBobber,QuickBobber,"Single-player,Family Sharing","Casual,Indie,Simulation",
Fruit for the Village,"May 22, 2018",0 - 20000,0,0,0.0,0,0,['English'],True,False,False,0,0,3,4,0,0,0,Eerie Bear Games,Eerie Bear Games,"Single-player,Tracked Controller Support,VR Only","Casual,Indie,Free To Play","Indie,Casual,VR,Free to Play,Story Rich,Colorful,Narration,Clicker"
Captain!,"Feb 1, 2023",0 - 20000,0,0,9.99,0,0,['English'],True,False,False,0,0,1,1,0,0,0,Daniel Crandall,Daniel Crandall,"Single-player,Family Sharing","Action,Adventure,Indie,RPG","Adventure,RPG,Action RPG,Action-Adventure,Choose Your Own Adventure,Exploration,3D,Stylized,Third Person,Pirates,Sailing,Swordplay,Character Customization,Combat,Hack and Slash,Naval Combat,Nonlinear,Open World,Singleplayer,Action"
100 Caliber Dash Playtest,"Feb 18, 2025",0 - 0,0,0,0.0,0,0,[],True,False,False,0,0,0,0,0,0,0,,,,,
雛ちゃんブレイカー2ndBreak,"Jul 29, 2022",0 - 0,0,0,0.0,0,0,['Japanese'],True,False,False,0,0,0,0,0,0,0,ISY,ISY,"Multi-player,PvP,Online PvP",Casual,
Sex and the Furry Titty 2: Sins of the City,"Sep 8, 2022",0 - 20000,4,0,2.99,70,3,"['English', 'French', 'Italian', 'German', 'Spanish - Spain', 'Portuguese - Brazil', 'Russian', 'Simplified Chinese']",True,False,False,0,0,0,0,43,684,411,Furlough Games,Furlough Games PBS,"Single-player,Steam Achievements,Steam Trading Cards,Steam Cloud,Family Sharing","Casual,Indie,Strategy",
The Tales of Epicton Kingdom,"Jul 28, 2019",0 - 20000,0,0,3.99,0,0,['English'],True,True,True,0,0,0,1,0,0,0,Common Visual Entertainment,Common Visual Entertainment,"Single-player,Family Sharing","Action,Casual,Indie,Early Access","Action,Indie,Early Access,Casual"
Fish-Click Squad!,"Mar 23, 2025",0 - 20000,0,0,2.09,0,0,"['English', 'Simplified Chinese', 'Spanish - Spain', 'Russian', 'Japanese', 'Traditional Chinese', 'Portuguese - Portugal', 'Korean', 'French', 'Italian', 'German', 'Portuguese - Brazil', 'Spanish - Latin America']",True,False,False,0,0,34,3,0,0,0,Cool Car Studio,Cool Car Studio,"Single-player,Multi-player,Co-op,Online Co-op,Steam Cloud,Family Sharing","Casual,Indie,Simulation","Creature Collector,Multiplayer,Clicker,Idler,Collectathon,Underwater,Relaxing,Casual,2D,Cute,Cartoony,Online Co-Op,Party,Indie,Singleplayer,Simulation,Co-op"
Legends of the Universe - Cosmic Bounty,"Jan 16, 2018",20000 - 50000,0,0,0.69,65,0,"['English', 'French', 'Italian', 'German', 'Spanish - Spain', 'Portuguese - Brazil', 'Portuguese - Portugal']",True,False,False,0,0,22,10,13,0,0,LunarCore Games,LunarCore Games,"Single-player,Steam Achievements,Full controller support,Family Sharing","Action,Indie","Action,Indie,Metroidvania,Platformer,Exploration,2D,Singleplayer,Adventure,RPG,Simulation,Pixel Graphics,1990's,Old School,Retro,Sci-fi,Space,Combat,Controller,Sports,Classic"
Hidden Champion,"Jan 27, 2024",0 - 20000,0,0,15.19,20,0,"['English', 'German', 'Spanish - Spain', 'Italian']",True,False,False,0,0,8,5,0,0,0,infoBoard Europe GmbH,infoBoard Europe GmbH,"Single-player,Steam Cloud,Steam Leaderboards,Family Sharing","Casual,Indie,Simulation,Strategy,Early Access","Strategy,Foreign,Simulation,Management,Choices Matter,Time Management,Transportation,3D,Top-Down,Early Access,Casual,Indie,Education,Resource Management,Turn-Based Tactics,Singleplayer,Sandbox,Turn-Based Strategy,Economy,Trading"
Mind the Clown,"Sep 19, 2025",0 - 0,0,0,3.99,0,0,"['English', 'French', 'Italian', 'German', 'Spanish - Spain', 'Japanese', 'Korean', 'Polish', 'Portuguese - Brazil', 'Russian', 'Simplified Chinese', 'Turkish', 'Ukrainian', 'Bulgarian', 'Czech', 'Danish', 'Dutch', 'Finnish', 'Greek', 'Hungarian', 'Indonesian', 'Norwegian', 'Romanian', 'Swedish', 'Thai', 'Traditional Chinese', 'Vietnamese', 'Spanish - Latin America']",True,False,False,0,0,0,0,7,0,0,Juan Pablo Cardoso,Coast City Games,"Single-player,Steam Achievements,Custom Volume Controls,Adjustable Difficulty,Playable without Timed Input,Stereo Sound,Surround Sound,Family Sharing","Action,Adventure,Indie",
The Ashen Baron,"Nov 6, 2025",0 - 20000,0,0,7.49,25,0,['English'],True,False,False,0,0,0,0,0,0,0,Crow's Perch,Crow's Perch,"Single-player,Full controller support,Family Sharing","Indie,RPG",
Space Calibrator,"Feb 14, 2025",0 - 0,0,0,0.0,0,0,['English'],True,False,False,0,0,0,0,0,0,0,"Hyblocker,Space Calibrator Contributors",Hyblocker,VR Only,"Free To Play,Utilities",
Boop a Cat,"May 14, 2024",0 - 20000,0,0,2.99,0,1,['English'],True,False,False,0,0,1,0,0,0,0,Christopher Holloway,Christopher Holloway,"Single-player,Family Sharing","Casual,Simulation,Free To Play,Early Access","Casual,Simulation,Cats,Cute,Colorful,2D,Point & Click,Clicker,Creature Collector,Character Customization,Early Access,Family Friendly,Free to Play,Relaxing,Singleplayer,Gaming,Cozy"
SmallZ,"Jan 10, 2023",0 - 20000,0,0,0.0,0,0,['English'],True,False,False,0,0,49,50,0,0,0,skins.dog,skins.dog,"Single-player,Multi-player,MMO,PvP,Online PvP,LAN PvP","Action,Adventure,Indie,Massively Multiplayer,RPG,Simulation,Strategy,Free To Play,Early Access","Early Access,Action,Strategy,Shooter,Looter Shooter,Third Person,Building,Cooking,Crafting,Economy,Post-apocalyptic,Survival,Base-Building,Open World,PvE,PvP,Multiplayer,RPG,Adventure,3D"
RAGMONTON,"Nov 30, 2023",0 - 20000,0,0,1.69,0,0,['English'],True,False,False,0,0,5,0,21,0,0,Sinned Games,Sinned Games,"Single-player,Multi-player,Co-op,Shared/Split Screen Co-op,Shared/Split Screen,Steam Achievements,Steam Leaderboards,Remote Play Together,Family Sharing",Action,"Action Roguelike,Roguevania,Rogue-lite,Rogue-like,2D,Lore-Rich,Procedural Generation,Action,Pixel Graphics,Dystopian,Sci-fi,Lovecraftian,Physics,Retro,4 Player Local,Co-op,Local Co-Op,Local Multiplayer,Multiplayer,Singleplayer"
Astraea,"Dec 7, 2024",0 - 20000,0,0,4.99,0,0,"['English', 'French', 'Italian', 'German', 'Portuguese - Brazil', 'Simplified Chinese', 'Spanish - Latin America', 'Japanese', 'Korean', 'Polish', 'Russian']",True,False,False,0,0,5,1,0,0,0,Vizabee Games,Vizabee Games,"Single-player,Captions available,Family Sharing","Action,Indie,RPG","Action,Arcade,Shoot 'Em Up,Pixel Graphics,Action Roguelike,Space,Dragons,Mythology,Emotional,Female Protagonist,Perma Death,RPG,Story Rich,Indie,Singleplayer,Early Access,Fast-Paced,Shooter,Rogue-like"
Barro 22 Playtest,"Mar 23, 2025",0 - 0,0,0,0.0,0,0,[],True,False,False,0,0,0,0,0,0,0,,,,,
Rustil: Eternal Labyrinth Castle,"Apr 25, 2024",0 - 20000,3,0,13.49,10,0,"['English', 'Japanese', 'Simplified Chinese']",True,False,False,0,0,155,71,5,243,450,KTMG LLC.,KIC Games,"Single-player,Steam Achievements,Full controller support,Steam Cloud,Family Sharing","Action,Indie,Early Access","Action,Action Roguelike,Hack and Slash,Creature Collector,Female Protagonist,Spectacle fighter,Loot,Collectathon,Cute,Anime,Fantasy,Swordplay,Magic,3D,PvE,Character Customization,Singleplayer,Indie,Early Access,Rogue-lite"
Lightning: D-Day,"Jul 14, 2017",0 - 20000,0,0,9.99,0,0,['English'],True,True,False,0,0,10,11,19,0,0,HexWar Games,Hunted Cow Games,"Single-player,Multi-player,PvP,Online PvP,Shared/Split Screen,Steam Achievements,Remote Play Together,Family Sharing",Strategy,"Strategy,World War II,Turn-Based Tactics,Singleplayer,Historical,Card Game,War,Tactical,Multiplayer,Local Multiplayer,Turn-Based,Turn-Based Strategy,Wargame,Mouse only,Great Soundtrack,Soundtrack,Music"
"Ready, Set, Block! Playtest","May 20, 2025",0 - 0,0,0,0.0,0,0,[],True,False,False,0,0,0,0,0,0,0,,,,,
Final Zone 「FZ戦記アクシス」,"May 9, 2025",0 - 20000,0,0,5.99,0,0,"['English', 'Japanese']",True,False,False,0,0,1,1,14,0,0,"Ratalaika Games S.L.,Shinyuden","Ratalaika Games S.L.,Shinyuden","Single-player,Steam Achievements,Full controller support,Steam Cloud,Family Sharing",Action,"Retro,Old School,Action,Mechs,Robots,Top-Down Shooter,Top-Down,2D,Military,Futuristic,Adventure,Arcade,Shoot 'Em Up,Pixel Graphics,Third Person,Singleplayer"
Moki,"Nov 17, 2020",0 - 20000,0,0,0.99,0,0,['English'],True,False,False,0,0,22,3,10,0,0,EVEV01,EVEV01,"Single-player,Steam Achievements,Full controller support,Family Sharing","Action,Adventure,Casual,Indie","Casual,Precision Platformer,2D Platformer,Atmospheric,Stylized,Dark,Platformer,Linear,Psychological,Short,Drama,Pixel Graphics,Indie,Singleplayer,Controller,Action,Adventure,Minimalist,Emotional,2D"
Slip &amp; Skid Playtest,"Jul 25, 2025",0 - 0,0,0,0.0,0,0,[],True,False,False,0,0,0,0,0,0,0,,,,,
Ruin or Victory,"May 27, 2022",0 - 20000,0,0,4.94,67,0,['English'],True,False,False,0,0,1,2,0,0,0,Wedge End Games,Wedge End Games,"Single-player,Family Sharing",Strategy,"Action RTS,Real Time Tactics,Base-Building,Strategy,RTS,City Builder,Open World,Procedural Generation,Top-Down,Stylized,Hand-drawn,Historical,Medieval,Economy,Tactical,Military,Management,Building,PvE,3D"
The Perplexing Orb 2,"Nov 16, 2020",0 - 20000,0,0,2.49,75,0,['English'],True,False,False,0,0,2,0,27,0,0,TreeFall Studios L.L.C.,TreeFall Studios L.L.C.,"Single-player,Multi-player,PvP,Shared/Split Screen PvP,Shared/Split Screen,Steam Achievements,Full controller support,Family Sharing","Adventure,Casual,Indie","Adventure,Casual,Platformer,Puzzle,Arcade,Puzzle-Platformer,3D Platformer,Precision Platformer,3D,Cartoon,Colorful,Cute,Split Screen,Atmospheric,Family Friendly,PvP,Physics,Multiplayer,Singleplayer,Retro"
The girl in the clouds,"Jul 2, 2025",0 - 20000,0,0,29.99,0,0,['English'],True,False,False,0,0,0,0,0,0,0,hgmGame,hgmGame,"Single-player,Family Sharing",Casual,
DRAWER,"Jan 27, 2022",0 - 20000,0,0,3.99,0,0,"['English', 'Russian', 'Dutch', 'German', 'Arabic', 'Traditional Chinese', 'Simplified Chinese']",True,False,True,0,0,26,2,12,0,0,"npuKoJI team,Prikol Team",npuKoJI team,"Single-player,Steam Achievements,Family Sharing","Casual,Indie,Racing","Racing,Sports,Driving,Automobile Sim,Arcade,Top-Down,Relaxing,Stylized,Atmospheric,Physics,Singleplayer,Indie,Intentionally Awkward Controls,Casual,3D,Puzzle,Tutorial,Logic,Family Friendly,Colorful"
Sex Play - College Girls,"Oct 10, 2023",0 - 20000,0,0,0.99,50,0,['English'],True,True,True,0,0,0,0,2,0,0,EroticGamesClub,EroticGamesClub,"Single-player,Steam Achievements,Steam Leaderboards,Family Sharing","Casual,Indie,Simulation",
Doomriderz,"Nov 17, 2025",0 - 20000,0,0,6.99,30,0,"['English', 'French', 'Italian', 'German', 'Spanish - Spain', 'Bulgarian', 'Czech', 'Danish', 'Dutch', 'Finnish', 'Greek', 'Hungarian', 'Indonesian', 'Japanese', 'Korean', 'Norwegian', 'Polish', 'Portuguese - Brazil', 'Portuguese - Portugal', 'Romanian', 'Russian', 'Simplified Chinese', 'Swedish', 'Thai', 'Traditional Chinese', 'Turkish', 'Ukrainian', 'Vietnamese', 'Georgian']",True,False,False,0,0,0,0,6,0,0,SlicedBlue 3D,SlicedBlue 3D,"Single-player,Steam Achievements,Full controller support,Camera Comfort,Color Alternatives,Custom Volume Controls,Keyboard Only Option,Playable without Timed Input,Stereo Sound,Steam Cloud,Family Sharing","Action,Indie,Racing",
DEUS EX MACHINA 2,"Mar 11, 2015",20000 - 50000,0,0,6.99,0,0,['English'],True,True,False,0,0,64,48,0,0,20,"Automata Source,Quirkafleeg","Automata Source,Potassium Frog","Single-player,Family Sharing",Indie,"Indie,Surreal"
Poly Memory: Primates,"Aug 9, 2022",0 - 20000,0,0,1.99,0,0,"['English', 'French', 'Italian', 'German', 'Spanish - Spain', 'Arabic', 'Bulgarian', 'Portuguese - Brazil', 'Hungarian', 'Vietnamese', 'Greek', 'Danish', 'Spanish - Latin America', 'Traditional Chinese', 'Simplified Chinese', 'Korean', 'Dutch', 'Norwegian', 'Polish', 'Portuguese - Portugal', 'Romanian', 'Russian', 'Thai', 'Turkish', 'Ukrainian', 'Finnish', 'Czech', 'Swedish', 'Japanese', 'Azerbaijani', 'Albanian', 'Amharic', 'Assamese', 'Afrikaans', 'Basque', 'Bangla', 'Bosnian', 'Belarusian', 'Valencian', 'Welsh', 'Wolof', 'Armenian', 'Galician', 'Georgian', 'Gujarati', 'Hindi', 'Dari', 'Estonian', 'Zulu', 'Yoruba', 'Kazakh', 'Kannada', 'Catalan', 'Quechua', 'Kyrgyz', 'Konkani', 'Khmer', 'Xhosa', K'iche', 'Latvian', 'Lithuanian', 'Luxembourgish', 'Macedonian', 'Malay', 'Malayalam', 'Maltese', 'Maori', 'Marathi', 'Mongolian', 'Nepali', 'Odia', 'Punjabi (Shahmukhi)', 'Punjabi (Gurmukhi)', 'Persian', 'Kinyarwanda', 'Serbian', 'Sotho', 'Sinhala', 'Sindhi', 'Scots', 'Slovak', 'Slovenian', 'Sorani', 'Swahili', 'Tajik', 'Tamil', 'Tatar', 'Telugu', 'Tigrinya', 'Tswana', 'Turkmen', 'Uzbek', 'Uyghur', 'Urdu', 'Filipino', 'Hausa', 'Croatian', 'Cherokee', 'Hebrew', 'Indonesian', 'Irish', 'Icelandic', 'Igbo']",True,False,False,0,0,2,0,100,0,0,Cute Hannah's Games,Cute Hannah's Games,"Single-player,Steam Achievements,Camera Comfort,Mouse Only Option,Playable without Timed Input,Stereo Sound,Steam Cloud,Family Sharing","Adventure,Casual,Indie,Simulation,Strategy","Puzzle,2D,Cute,Singleplayer,Minimalist,Side Scroller,Tabletop,Stylized,Abstract,Old School,Retro,Family Friendly,Strategy,Atmospheric,Creature Collector,Relaxing,Short,Replay Value,Difficult,Adventure"
Battle Bandits,"Feb 25, 2020",0 - 20000,0,0,0.0,0,0,['English'],True,False,False,0,0,14,5,0,0,0,Pirates Bay Studio,Pirates Bay Studio,"Single-player,In-App Purchases","Action,Casual,Free To Play","Free to Play,Action,Casual,Top-Down Shooter,Tanks"
Cemetery Mary,"Dec 29, 2021",0 - 0,0,0,0.0,0,1,['English'],True,True,True,0,0,0,0,0,0,0,arcadekitten,arcadekitten,Single-player,"Free To Play,Indie,RPG",
Superbrothers: Sword & Sworcery EP,"Apr 16, 2012",500000 - 1000000,2,0,3.19,60,0,"['English', 'Japanese']",True,True,True,83,0,2022,590,14,1381,90,"Capybara,Superbrothers,Jim Guthrie",Capybara Games,"Single-player,Steam Achievements,Steam Cloud,Family Sharing","Adventure,Indie","Adventure,Indie,Pixel Graphics,Point & Click,Great Soundtrack,Atmospheric,Female Protagonist,Singleplayer,Fantasy,Puzzle,Relaxing,Beautiful,2D,Casual,Music,Story Rich,Touch-Friendly,Exploration,Retro,Walking Simulator"
Animal Girls Dating Agency,"Oct 28, 2025",0 - 0,0,0,1.99,0,0,['English'],True,False,True,0,0,0,0,0,0,0,NothingRoseGames,NothingRoseGames,"Single-player,Custom Volume Controls,Mouse Only Option,Playable without Timed Input,Save Anytime,Family Sharing","Adventure,Indie",
Glorious Day to Die,"Aug 1, 2022",0 - 20000,0,0,9.99,0,0,['English'],True,False,False,0,0,0,0,0,0,0,Green Can Games,Green Can Games,"Single-player,Family Sharing","Action,Early Access",
SNK VS. CAPCOM: THE MATCH OF THE MILLENNIUM,"Sep 29, 2021",0 - 20000,1,0,7.99,0,0,"['English', 'Japanese']",True,False,False,0,0,162,14,10,176,0,"SNK CORPORATION,Code Mystics",SNK CORPORATION,"Single-player,Multi-player,Steam Achievements,Full controller support,Remote Play Together,Family Sharing","Action,Casual","Action,Casual,2D Fighter,2D,Cute,Anime,Pixel Graphics,1990's,Multiplayer,Singleplayer,Fighting"
Hentai Nekomimi,"Jan 7, 2024",0 - 0,0,0,0.59,0,0,"['English', 'French', 'Italian', 'German', 'Spanish - Spain', 'Danish', 'Russian', 'Bulgarian', 'Hungarian', 'Indonesian', 'Turkish', 'Greek', 'Norwegian', 'Czech', 'Japanese', 'Polish', 'Thai', 'Ukrainian', 'Swedish', 'Simplified Chinese', 'Traditional Chinese', 'Romanian', 'Finnish', 'Dutch', 'Portuguese - Brazil', 'Portuguese - Portugal', 'Spanish - Latin America', 'Vietnamese', 'Arabic', 'Korean', 'Azerbaijani', 'Armenian', 'Igbo', 'Sindhi', 'Sinhala', 'Quechua', 'Croatian', 'Icelandic', 'Cherokee', 'Galician', 'Catalan', 'Afrikaans', 'Hindi', 'Gujarati', 'Swahili', 'Kyrgyz', 'Kazakh', 'Georgian', 'Turkmen', 'Tamil', K'iche', 'Tajik', 'Serbian', 'Sotho', 'Odia', 'Welsh', 'Konkani', 'Bangla', 'Amharic', 'Nepali', 'Basque', 'Hebrew', 'Kannada', 'Estonian', 'Irish', 'Latvian', 'Tigrinya', 'Slovak', 'Slovenian', 'Punjabi (Gurmukhi)', 'Punjabi (Shahmukhi)', 'Tswana', 'Maori', 'Wolof', 'Bosnian', 'Persian', 'Telugu', 'Urdu', 'Uzbek', 'Valencian', 'Belarusian', 'Kinyarwanda', 'Luxembourgish', 'Zulu', 'Xhosa', 'Lithuanian', 'Yoruba', 'Sorani', 'Uyghur', 'Filipino', 'Mongolian', 'Scots', 'Hausa', 'Dari', 'Albanian', 'Assamese', 'Tatar', 'Malay', 'Macedonian', 'Marathi', 'Malayalam', 'Maltese', 'Khmer']",True,False,False,0,0,0,0,9,0,0,htaidisgust,htaidisgust,"Single-player,Steam Achievements,Steam Cloud,Family Sharing","Casual,Indie,Strategy",
Idle Monster Frontier,"Oct 24, 2022",0 - 0,0,0,0.0,0,0,['English'],True,False,False,0,0,0,0,100,0,0,Purple Pwny Studios,Iron Horse Games,"Single-player,In-App Purchases","Free To Play,Indie,RPG",
Unbreaded,"Apr 19, 2024",0 - 0,0,0,0.0,0,0,['English'],True,False,False,0,0,0,0,0,0,0,"Astro Games Studio,Dor Zairi","Astro Games Studio,Dor Zairi","Single-player,Partial Controller Support","Action,Adventure,Casual,Free To Play",
Vampire: The Masquerade® - Bloodlines™ 2,"Oct 21, 2025",0 - 20000,0,17,47.99,20,4,"['English', 'French', 'German', 'Japanese', 'Russian', 'Simplified Chinese', 'Spanish - Latin America', 'Turkish', 'Spanish - Spain', 'Korean', 'Polish', 'Portuguese - Brazil']",True,False,False,0,0,0,0,78,8862,1282,The Chinese Room,Paradox Interactive,"Single-player,Steam Achievements,Steam Trading Cards,Adjustable Text Size,Adjustable Difficulty,Subtitle Options,Partial Controller Support,Steam Cloud,Family Sharing","Action,RPG",
Aurora - Hidden Colors,"Sep 2, 2021",100000 - 200000,0,0,0.79,84,0,"['Portuguese - Brazil', 'English']",True,False,False,0,0,21,2,50,0,0,Aurora - Mídia & Games,Aurora - Mídia & Games,"Single-player,Steam Achievements,Full controller support,Captions available,Color Alternatives,Custom Volume Controls,Keyboard Only Option,Mouse Only Option,Playable without Timed Input,Touch Only Option,Steam Cloud,Stats,Remote Play on Phone,Remote Play on Tablet,Family Sharing","Adventure,Casual,Indie,RPG,Strategy","Exploration,Tactical RPG,Turn-Based Tactics,Turn-Based,Puzzle,Turn-Based Strategy,Strategy RPG,JRPG,Action-Adventure,Female Protagonist,Strategy,RPG,Superhero,Fantasy,Turn-Based Combat,Story Rich,Singleplayer,2D,LGBTQ+,RPGMaker"
To Infinity,"Nov 13, 2023",50000 - 100000,0,0,0.99,50,0,"['English', 'Turkish', 'French', 'Italian', 'German', 'Spanish - Spain']",True,False,False,0,0,1,2,6,0,0,Twisted Universe,Twisted Universe,"Single-player,Steam Achievements,Family Sharing","Adventure,Casual,Indie","Casual,Adventure,Platformer,Space Sim,Walking Simulator,3D Platformer,Runner,3D,3D Vision,Realistic,Colorful,Third Person,Futuristic,Mars,Parkour,Controller,Linear,Singleplayer,Indie"
GunDeck[100],"Oct 15, 2023",0 - 20000,1,0,3.49,30,0,"['English', 'Spanish - Spain']",True,True,True,0,0,32,3,51,0,0,Dos Jamones,Dos Jamones,"Single-player,Multi-player,Co-op,Shared/Split Screen Co-op,Shared/Split Screen,Steam Achievements,Full controller support,Keyboard Only Option,Playable without Timed Input,Save Anytime,Steam Cloud,Remote Play Together,Family Sharing","Action,Indie","Bullet Hell,Twin Stick Shooter,Top-Down Shooter,2D,Arcade,Rogue-lite,Perma Death,Action,Top-Down,Controller,Abstract,Cartoony,Colorful,Minimalist,Retro,Singleplayer,Casual,Indie,Local Multiplayer,Action Roguelike"
Hoplichess,"Jul 8, 2020",50000 - 100000,0,0,1.04,65,0,['English'],True,False,False,0,0,0,1,0,0,0,Warshark Games,Warshark Games,"Single-player,Family Sharing","Casual,Strategy","Strategy,Turn-Based Strategy,Historical,Base-Building,Casual,Stylized,Top-Down,Cartoony,Minimalist,Military,Tactical,War,Resource Management,Tabletop,3D,Turn-Based Combat,Turn-Based Tactics,Singleplayer"
The Spirit Guide,"Oct 14, 2024",0 - 0,0,0,0.0,0,0,['English'],True,False,False,0,0,0,0,0,0,0,"Raasiq Shaikh,Suhas Aditya,Abhilasha Rohi",PixelMoonLabs,Single-player,"Casual,Indie,Free To Play",
Drawing Path,"Jul 11, 2019",0 - 20000,0,0,0.55,72,0,['English'],True,False,False,0,0,11,3,0,0,0,RewindApp,RewindApp,"Single-player,Family Sharing","Casual,Indie,Early Access","Casual,Indie,Early Access,Puzzle,2D,Singleplayer,Short,Family Friendly,Relaxing,Arcade,Pixel Graphics,Cute,Puzzle-Platformer,Hand-drawn,Strategy,Point & Click"
Ruvato: Original Complex,"Nov 19, 2020",20000 - 50000,0,0,4.49,0,0,"['English', 'Japanese', 'Simplified Chinese', 'Korean']",True,False,False,0,0,42,8,20,0,0,REMIMORY,REMIMORY,"Single-player,Steam Achievements,Full controller support,Steam Cloud,Remote Play on TV,Family Sharing","Action,Casual,Indie","Action,Platformer,Experimental,Hack and Slash,Beat 'em up,Character Action Game,3D Platformer,3D,Anime,Casual,Strategy,Arcade,Action-Adventure,Precision Platformer,Top-Down Shooter,Puzzle-Platformer,2.5D,Cartoony,Minimalist,Cinematic"
AnyTime® Organizer Deluxe 15,"Jun 20, 2017",0 - 20000,0,0,0.0,0,0,['English'],True,False,False,0,0,0,1,0,0,0,Individual Software,Individual Software,,Education,Education
Escape Protocol: Hospital,"May 30, 2025",0 - 20000,0,0,3.49,0,0,['English'],True,False,False,0,0,0,0,10,0,0,Majorana Games,Majorana Games,"Single-player,Keyboard Only Option,Playable without Timed Input,Save Anytime,Family Sharing","Adventure,Casual",
난중설화: The Tales of Imjin War,"Nov 30, 2022",20000 - 50000,0,0,19.99,0,0,"['English', 'Korean']",True,False,False,0,0,19,9,0,0,0,Devmaru Inc.,Devmaru Inc.,"Single-player,Multi-player,Co-op,Shared/Split Screen Co-op,Shared/Split Screen,Partial Controller Support,Remote Play Together,Family Sharing","Action,Indie,RPG,Early Access","Early Access,Action,Action RPG,RPG,Anime,Side Scroller,Alternate History,War,Historical,Mythology,Hack and Slash,3D,Emotional,Magic,Retro,Fantasy,PvE,Linear,Combat,Controller"
The Mofflys: Invasion Mayhem,"Mar 10, 2025",0 - 0,0,0,0.0,0,0,['English'],True,False,False,0,0,0,0,10,0,0,Sindria World,Sindria World,"Single-player,Steam Achievements,Tracked Controller Support,VR Only","Action,Casual,Indie",
ASCII Tower Defense,"Jul 21, 2024",0 - 20000,0,0,2.99,0,0,['English'],True,False,False,0,0,4,0,0,0,0,David Segal Games,David Segal Games,"Single-player,Family Sharing",Strategy,"Strategy,Tower Defense,PvE,2D,Singleplayer"
AploVVare Collection,"Sep 15, 2023",0 - 20000,0,0,0.0,0,2,['English'],True,False,False,0,0,0,0,56,0,0,AploveStudio,AploveStudio,"Single-player,Steam Achievements","Adventure,Indie,Simulation,Free To Play",
Dookie Clicker,"Sep 24, 2024",0 - 20000,0,0,1.01,0,0,['English'],True,False,False,0,0,5,0,12,0,0,ZR0H.EXE,ZR0H.EXE,"Single-player,Steam Achievements,Steam Cloud,Stats,Family Sharing","Action,Casual,Simulation,Strategy","Casual,Action,Arcade,Idler,Funny,Comedy,Point & Click,Time Management,Cinematic,Colorful,First-Person,Realistic,Atmospheric,Nature,Surreal,Automation,Choices Matter,Singleplayer,Clicker,Linear"
okey.gg,"May 9, 2025",0 - 20000,0,0,5.99,0,0,"['English', 'Simplified Chinese', 'Turkish', 'German']",True,True,True,0,0,2,1,0,0,0,yilmaz.games,yilmaz.games,"Single-player,Multi-player,PvP,Online PvP,Family Sharing","Casual,Indie,Simulation,Strategy,Early Access","Early Access,Casual,Simulation,Strategy,Board Game,Card Game,Puzzle,Tabletop,Turn-Based Strategy,Time Management,Turn-Based Tactics,3D,First-Person,Realistic,Old School,Relaxing,Tactical,PvP,Deckbuilding,Grid-Based Movement"
Hidden Mysteries: Royal Family Secrets,"Aug 14, 2019",0 - 20000,0,0,5.99,0,0,"['English', 'French', 'Italian', 'German', 'Spanish - Spain', 'Dutch', 'Japanese', 'Portuguese - Brazil']",True,False,False,0,0,8,6,0,0,0,Gunnar Games,Gunnar Games,"Single-player,Family Sharing",Adventure,"Adventure,Puzzle,Hidden Object,Story Rich,Singleplayer,Point & Click"
Arm Ab Bein Ab Playtest,"Sep 27, 2023",0 - 0,0,0,0.0,0,0,[],True,False,False,0,0,0,0,0,0,0,,,,,
ヘライア祭,"Jul 17, 2024",0 - 20000,0,0,3.49,90,0,['Japanese'],True,False,False,0,0,0,0,0,0,0,Gee-kun-soft,Gee-kun-soft,"Single-player,Family Sharing","Racing,Simulation,Sports",
Verify: Please prove that you are human,"Mar 28, 2025",0 - 20000,0,0,1.99,0,0,"['English', 'Simplified Chinese']",True,False,False,0,0,0,0,0,0,0,若小言,若小言,"Single-player,Family Sharing","Casual,Indie,Simulation",
Cosmic Horror Tales Playtest,"Mar 1, 2024",0 - 0,0,0,0.0,0,0,[],True,False,False,0,0,0,0,0,0,0,,,,,
JumpMap,"Nov 7, 2025",0 - 20000,0,0,7.49,50,0,['English'],True,False,False,0,0,0,0,23,0,0,Radiant Bear Games,Radiant Bear Games,"Single-player,Steam Achievements,Full controller support,Camera Comfort,Playable without Timed Input,Steam Cloud,Family Sharing","Action,Casual,Indie",
Game of Dice,"Dec 3, 2025",0 - 0,0,0,0.0,0,0,"['English', 'Japanese', 'Simplified Chinese', 'Traditional Chinese', 'Korean']",True,False,False,0,0,0,0,0,0,0,TRALA LAB,Joycity,"Single-player,Multi-player,PvP,Online PvP,Cross-Platform Multiplayer,In-App Purchases,Custom Volume Controls,Mouse Only Option,Playable without Timed Input,Touch Only Option","Casual,Indie,Simulation,Strategy,Free To Play",
Amnesiac Adventurer,"Mar 26, 2022",0 - 20000,0,0,4.99,0,0,['English'],True,False,False,0,0,0,1,16,0,0,RoundTable Games Studio,RoundTable Games Studio,"Single-player,Steam Achievements,Full controller support,Family Sharing",Casual,"Casual,Singleplayer,Puzzle,Story Rich,Choose Your Own Adventure,Multiple Endings,Mystery Dungeon,2D,Top-Down,Cartoon,Colorful,Dragons,Fantasy,Logic,Medieval,Mystery,Choices Matter,Grid-Based Movement"
Reaper Recon,"Jul 18, 2025",0 - 20000,0,0,5.39,10,0,"['English', 'French', 'German', 'Spanish - Spain', 'Japanese', 'Korean', 'Polish', 'Portuguese - Brazil', 'Russian', 'Simplified Chinese', 'Swedish', 'Traditional Chinese', 'Irish']",True,False,False,0,0,0,0,0,0,0,"Connor Petersen,Adam Moore,Nicole Bickers",Gravebyte Games,"Single-player,Custom Volume Controls,Family Sharing","Action,Adventure,Casual,Indie",
Soviet Survival,"Aug 7, 2025",0 - 20000,0,0,2.49,50,0,"['English', 'Russian']",True,False,False,0,0,0,0,9,0,0,Hunt Studio,Hunt Studio,"Single-player,Multi-player,PvP,Online PvP,LAN PvP,Co-op,Online Co-op,LAN Co-op,Steam Achievements,Custom Volume Controls,Playable without Timed Input,Save Anytime,Stereo Sound,Surround Sound,Partial Controller Support,Family Sharing","Action,Adventure,Early Access",
Gravulse Experimental,"Dec 20, 2020",20000 - 50000,1,0,0.0,0,0,"['English', 'Russian']",True,False,False,0,0,157,53,10,0,0,"illystray,verkme","verkme,illystray","Single-player,Steam Achievements,Full controller support,Steam Cloud","Action,Indie","Action,First-Person,Puzzle-Platformer,3D Platformer,Platformer,Singleplayer,Flight,Futuristic,Indie,Physics,Experimental,Precision Platformer,3D,Atmospheric,Science,Sci-fi,Robots,Dark Humor"
Infection,"Jan 8, 2020",0 - 20000,0,0,0.49,51,0,"['English', 'French', 'Italian', 'German', 'Spanish - Spain', 'Danish', 'Ukrainian', 'Russian', 'Bulgarian', 'Hungarian', 'Turkish', 'Greek', 'Norwegian', 'Czech', 'Japanese', 'Polish', 'Thai', 'Swedish', 'Simplified Chinese', 'Traditional Chinese', 'Romanian', 'Finnish', 'Dutch', 'Portuguese - Portugal', 'Portuguese - Brazil', 'Spanish - Latin America', 'Vietnamese', 'Arabic', 'Korean']",True,False,False,0,0,12,1,8,0,0,ZGame Studio,ZGame Studio,"Single-player,Steam Achievements,Steam Cloud,Family Sharing","Casual,Indie,Strategy","Casual,Indie,Strategy,Puzzle,Minimalist,Relaxing,Singleplayer"
Shy Cats Hidden Orchestra,"Jul 22, 2023",0 - 20000,0,0,2.49,50,1,"['English', 'French', 'Italian', 'German', 'Spanish - Spain', 'Dutch', 'Hungarian', 'Japanese', 'Korean', 'Polish', 'Portuguese - Brazil', 'Russian', 'Simplified Chinese', 'Turkish']",True,False,False,0,0,119,6,26,120,0,Enchant Games,Enchant Games,"Single-player,Steam Achievements,Family Sharing",Casual,"Hidden Object,Cats,Cozy,Cute,Hand-drawn,Cartoon,Audio Production,Music-Based Procedural Generation,Relaxing,Instrumental Music,Point & Click,Clicker,Cartoony,Colorful,Comic Book,Stylized,Casual,Singleplayer,2D"
Bessarabian Nightmares,"Feb 8, 2022",0 - 20000,0,0,1.99,0,0,['English'],True,False,False,0,0,3,0,0,0,0,Balanda,Balanda,"Single-player,Family Sharing","Adventure,Indie","Adventure,Spectacle fighter,Atmospheric,Singleplayer,6DOF,Indie,Gore"
Space Redemption,"Mar 3, 2020",0 - 20000,0,0,0.59,80,0,"['English', 'Russian']",True,False,False,0,0,8,3,8,0,0,SamDee,BekkerDev Studio,"Single-player,Steam Achievements,Family Sharing","Action,Adventure,Casual,Indie","Action,Indie,Casual,Adventure,Action Roguelike,Top-Down Shooter,Rogue-lite,2D,Bullet Hell,Top-Down,Twin Stick Shooter,Shooter,Futuristic,Difficult,Pixel Graphics,Rogue-like"
Liminal Exit Playtest,"Mar 26, 2025",0 - 0,0,0,0.0,0,0,[],True,False,False,0,0,0,0,0,0,0,,,,,
Escape 51,"Nov 27, 2024",0 - 0,0,0,0.0,0,0,['English'],True,False,False,0,0,0,0,0,0,0,51 Goobcells Production,51 Goobcells Production,Single-player,"Adventure,Indie,Strategy,Free To Play",
Mast Up! Seas of Desire,"Feb 5, 2025",0 - 20000,0,0,0.59,0,0,"['English', 'Portuguese - Brazil']",True,True,True,0,0,0,0,41,0,0,Kopon Games,Kopon Games,"Single-player,Steam Achievements,Full controller support,Family Sharing","Casual,Indie,Strategy",
Dance of Death,"Dec 21, 2015",50000 - 100000,1,13,0.67,83,0,"['English', 'French', 'German', 'Spanish - Spain', 'Russian']",True,False,False,0,0,209,119,0,268,329,eight game studio,RunServer,"Single-player,Steam Trading Cards,Family Sharing",Adventure,"Hidden Object,Adventure,Puzzle,Casual,Horror,Point & Click,Supernatural,Crime,Singleplayer,Mystery,Detective,Mouse only,Dark,Atmospheric,Great Soundtrack,Indie,Dark Fantasy,Hand-drawn"
Hypergalactic Psychic Table Tennis 3000,"Mar 3, 2020",20000 - 50000,0,0,0.99,50,1,['English'],True,True,False,77,0,113,11,23,0,0,Blue Wizard Digital,Blue Wizard Digital,"Single-player,Steam Achievements,Partial Controller Support,Steam Cloud,Family Sharing","Action,Adventure,Casual,Indie,RPG","Indie,RPG,Casual,Action,Adventure,Retro,Singleplayer,Arcade,Funny,Great Soundtrack,Pixel Graphics,2D,Tennis,Romance,Story Rich,Cute,1980s,Comedy,Classic,Choices Matter"
spaceBOUND,"Sep 1, 2017",0 - 20000,0,0,4.99,0,1,['English'],True,True,True,0,0,22,7,36,0,0,Gravity Whale Games,Gravity Whale Games,"Single-player,Multi-player,Co-op,Shared/Split Screen Co-op,Shared/Split Screen,Steam Achievements,Full controller support,Remote Play Together,Family Sharing",Indie,"Indie,Puzzle-Platformer,Difficult,Space,Co-op,2D,Early Access,Local Co-Op,Pixel Graphics,Physics,Great Soundtrack,Retro,Time Attack,Crowdfunded"
Horror Prison,"Sep 21, 2024",20000 - 50000,0,0,1.99,0,0,['English'],True,False,False,0,0,11,8,0,0,0,Panzo Games,Downmeadowstreet,"Single-player,Family Sharing","Action,Adventure,Indie","Horror,Psychological Horror,Jump Scare,Singleplayer,Dark,Exploration,Puzzle,Adventure,3D,Realistic,Gore,Violent,Investigation,Atmospheric,Walking Simulator,Thriller,Supernatural,Action,Detective,Mystery"
Rainbow,"Sep 14, 2023",0 - 0,0,0,0.0,0,0,['Korean'],True,False,False,0,0,0,0,0,0,0,studio LeeSangHan,studio LeeSangHan,Single-player,"Casual,Indie,Free To Play",
Reanimation Inc.,"Nov 1, 2019",0 - 20000,1,0,9.99,0,0,"['English', 'French', 'German', 'Russian', 'Ukrainian', 'Italian', 'Spanish - Spain', 'Korean', 'Polish', 'Portuguese - Portugal']",True,False,False,0,0,100,19,0,116,537,Dmitrii Lomakin,Dmitrii Lomakin,"Single-player,Family Sharing","Indie,Simulation","Simulation,Indie,Medical Sim,Gore"
MONOWARS: Red Zone,"Aug 14, 2018",0 - 20000,0,0,0.99,0,0,['English'],True,False,False,0,0,1,0,0,0,0,Conquesoft,Conquesoft,"Single-player,Family Sharing","Action,Indie","Action,Indie"
Mages of Osmea,"Aug 15, 2024",0 - 0,0,0,0.0,0,0,['English'],True,False,True,0,0,0,0,0,0,0,Robin Spiess,Robin Spiess,"Single-player,Multi-player,Co-op,Online Co-op,Steam Cloud","Action,RPG",
Manpower,"Dec 18, 2025",0 - 0,0,0,2.99,0,0,['English'],True,False,False,0,0,0,0,0,0,0,Codex Cataphractarii,Codex Cataphractarii,"Single-player,Family Sharing",Strategy,
FINAL FANTASY XIV Online,"Feb 18, 2014",2000000 - 5000000,19824,13,19.99,0,36,"['English', 'French', 'German', 'Japanese']",True,False,False,83,0,70254,9782,0,75971,38950,Square Enix,Square Enix,"Single-player,Multi-player,MMO,PvP,Online PvP,Co-op,Online Co-op,Cross-Platform Multiplayer,Adjustable Text Size,Custom Volume Controls,Keyboard Only Option,Save Anytime,Stereo Sound,Surround Sound,Partial Controller Support,Remote Play on Tablet,Family Sharing","Massively Multiplayer,RPG","MMORPG,RPG,Massively Multiplayer,Character Customization,Fantasy,JRPG,Open World,Story Rich,Multiplayer,Magic,Adventure,Third Person,Co-op,Online Co-Op,Exploration,Action,Atmospheric,Crafting,Action RPG,Female Protagonist"
Deduction Playtest,"Jan 21, 2022",0 - 0,0,0,0.0,0,0,[],True,False,False,0,0,0,0,0,0,0,,,,,
Please Be Happy,"Nov 21, 2022",0 - 20000,1,0,9.99,50,2,['English'],True,True,True,0,0,322,3,15,319,57,Studio Élan,"Studio Élan,Studio Elan","Single-player,Steam Achievements,Steam Trading Cards,Captions available,Family Sharing",Casual,"LGBTQ+,Visual Novel,Cute,Choices Matter,Female Protagonist,Multiple Endings,Wholesome,Emotional,Story Rich,Dating Sim,Romance,Anime,Fantasy,Casual,Magic,Cozy,Relaxing,Narration,Text-Based,Simulation"
Path of the Zenith Master,"Oct 27, 2025",0 - 20000,0,0,4.99,0,0,"['English', 'French', 'Italian', 'German', 'Spanish - Spain', 'Russian', 'Turkish', 'Japanese', 'Polish', 'Simplified Chinese', 'Portuguese - Brazil', 'Spanish - Latin America', 'Arabic', 'Korean']",True,False,False,0,0,0,0,3,0,0,十年,十年,"Single-player,Steam Achievements,Family Sharing","Action,Adventure,Indie,RPG",
Pumping Simulator 2,"Sep 12, 2023",50000 - 100000,40,0,5.99,50,0,"['English', 'German', 'Turkish', 'Russian', 'French', 'Portuguese - Portugal', 'Spanish - Spain', 'Simplified Chinese', 'Korean', 'Italian', 'Arabic']",True,False,False,0,0,1307,115,60,1488,832,Lance Games,Lance Games,"Single-player,Steam Achievements,Partial Controller Support,Steam Cloud,Remote Play Together,Family Sharing","Casual,Indie,Simulation","Simulation,Casual,Life Sim,Time Management,3D,Economy,Sandbox,Management,First-Person,Realistic,Education,Choices Matter,Building,Resource Management,Choose Your Own Adventure,Trading,Nonlinear,Singleplayer,FPS,Indie"
Lore: Curse Of The Elemental,"May 10, 2023",20000 - 50000,0,0,4.79,0,0,['English'],True,False,False,0,0,9,1,0,0,0,"Fred Grant Studios,Fred Grant",Fred Grant Studios,"Single-player,Full controller support,Family Sharing","Action,Adventure,Casual,Indie","Adventure,Action-Adventure,Horror,Supernatural,Mystery,Cinematic,Realistic,Third-Person Shooter,Third Person,Interactive Fiction,Mythology,Shooter,Comedy,Visual Novel,Hero Shooter,Investigation,Puzzle,Exploration,Atmospheric,Casual"
Jumanji: Wild Adventures,"Nov 3, 2023",0 - 20000,0,0,13.99,65,0,"['English', 'French', 'Italian', 'German', 'Spanish - Spain', 'Arabic', 'Danish', 'Dutch', 'Finnish', 'Japanese', 'Norwegian', 'Polish', 'Portuguese - Brazil', 'Simplified Chinese', 'Spanish - Latin America', 'Swedish', 'Traditional Chinese']",True,False,False,0,0,7,7,41,0,18,Cradle Games,Outright Games Ltd.,"Single-player,Multi-player,Co-op,Shared/Split Screen Co-op,Shared/Split Screen,Steam Achievements,Partial Controller Support,Remote Play Together,Family Sharing","Action,Adventure","Family Friendly,Action,Platformer,Puzzle,Local Multiplayer,Co-op,Adventure,Action-Adventure,Cartoon,Local Co-Op,Multiplayer,Singleplayer,4 Player Local,Combat,RPG,Simulation,Sports,Arcade,Exploration,Comedy"
City VR,"Sep 26, 2016",0 - 20000,0,0,14.99,0,0,['English'],True,False,False,0,0,8,6,0,0,0,"Amber Garage, Inc.","Amber Garage, Inc.","Single-player,Tracked Controller Support,VR Only,Family Sharing","Simulation,Early Access","Early Access,Simulation,VR"
Tales of Rein Ravine,"Oct 11, 2024",0 - 0,0,0,0.0,0,0,['English'],True,False,False,0,0,0,0,0,0,0,Maia the Horsegirl,Maia the Horsegirl,Single-player,"Adventure,Indie,Sports,Free To Play,Early Access",
Gun Game,"Jul 26, 2021",0 - 20000,0,0,0.9,0,0,['English'],True,True,True,0,0,5,0,0,0,0,Fireround,Fireround,"Multi-player,PvP,Shared/Split Screen PvP,Shared/Split Screen,Partial Controller Support,Remote Play Together,Family Sharing","Action,Casual,Indie,Early Access","Early Access,Action,Casual,2D Fighter,Platformer,2D Platformer,Arena Shooter,Bullet Hell,2D,Cartoony,Colorful,Comedy,Futuristic,Retro,Sci-fi,PvP,Combat,Controller,Gun Customization,Multiplayer"
VIRTUAnimator,"May 9, 2016",0 - 20000,0,0,0.0,0,0,['English'],True,False,False,0,0,9,6,0,0,0,Pheonise,Pheonise,"Tracked Controller Support,VR Only,Steam Workshop","Animation & Modeling,Early Access","Animation & Modeling,Early Access,VR"
Nightvision: Drive Forever,"Oct 13, 2020",0 - 20000,0,0,17.99,0,1,['English'],True,False,False,0,0,17,5,48,0,0,Hoodust Enterprises,Hoodust Enterprises,"Single-player,Steam Achievements,Full controller support,Steam Cloud,Includes level editor,Family Sharing","Action,Indie,Racing,Simulation","Immersive Sim,Racing,Rogue-lite,Action,Casual,Driving,Sandbox,Physics,Difficult,Experimental,Automobile Sim,Arcade,First-Person,Procedural Generation,Horror,Choices Matter,Multiple Endings,Narration,Realistic,Simulation"
Legends of Murder Collection,"Oct 1, 2021",50000 - 100000,0,0,2.79,60,0,['English'],True,False,False,0,0,1,0,0,0,0,Softdisk Publishing,Ziggurat,"Single-player,Family Sharing","Adventure,RPG","RPG,Mystery,Adventure,Text-Based,Top-Down,2D,Interactive Fiction,Puzzle,Detective,Exploration,Hidden Object,Minimalist,Investigation,Pixel Graphics,Conspiracy,Crime,Lore-Rich,Dragons,Drama,Fantasy"
Green Hawk Platoon Playtest,"Apr 11, 2024",0 - 0,0,0,0.0,0,0,[],True,False,False,0,0,0,0,0,0,0,,,,,
Grandma's Secret,"Nov 1, 2024",0 - 20000,0,0,0.49,51,0,"['Russian', 'English']",True,False,False,0,0,7,0,13,0,0,40A Game Studio,Dmitriy Bely,"Single-player,Steam Achievements,Steam Cloud,Family Sharing","Adventure,Casual,Indie","Adventure,Casual,Interactive Fiction,Visual Novel,Exploration,2D,Cartoon,Hand-drawn,Stylized,Comic Book,Atmospheric,Dark,Family Friendly,Horror,Relaxing,Conversation,Female Protagonist,Linear,Multiple Endings,Story Rich"
Hippocampus,"Feb 20, 2020",0 - 20000,0,0,0.0,0,0,"['English', 'French', 'Italian', 'German', 'Spanish - Spain', 'Russian', 'Simplified Chinese']",True,False,False,0,0,35,25,10,0,0,Bad Vices Games,Bad Vices Games,"Single-player,Steam Achievements,Full controller support","Action,Adventure,Indie,Free To Play","Free to Play,Souls-like,Hack and Slash,Spectacle fighter,Action,Adventure,Violent,Gore,Singleplayer,Third Person,Difficult,3D Platformer,Atmospheric,Dark Fantasy,Gothic,Controller,Medieval,Character Action Game,Supernatural,Action-Adventure"
Astral Coconut,"Feb 9, 2023",0 - 20000,0,0,0.0,0,0,['English'],True,False,False,0,0,18,3,0,0,0,Team Coconut,Team Coconut,Single-player,"Action,Adventure","3D Platformer,Action,Adventure,Action-Adventure,Atmospheric,Singleplayer,Stylized,Platformer,3D,Third Person,Linear,Fantasy,Sci-fi,Space,Combat"
Illuminaria,"Aug 4, 2022",0 - 20000,0,0,3.74,75,0,"['English', 'Spanish - Latin America', 'French', 'German', 'Japanese', 'Russian', 'Simplified Chinese', 'Korean', 'Polish', 'Portuguese - Brazil', 'Traditional Chinese', 'Turkish']",True,True,True,0,0,61,11,36,0,0,Selva Interactive,Selva Interactive,"Single-player,Steam Achievements,Full controller support,Steam Trading Cards,Steam Cloud,Family Sharing","Indie,Simulation,Strategy","Base-Building,Strategy,Resource Management,Building,Tower Defense,Mining,Crafting,Simulation,Automation,Management,Robots,Colony Sim,Cute,Fantasy,Indie,Family Friendly,Singleplayer,2D,Action RTS,Casual"
Tidy Backpack,"Sep 17, 2024",0 - 20000,2,0,1.99,50,0,"['English', 'German', 'Spanish - Spain', 'Portuguese - Brazil', 'Portuguese - Portugal', 'Russian', 'Turkish', 'Simplified Chinese', 'Spanish - Latin America', 'Traditional Chinese', 'Japanese', 'Polish']",True,False,False,0,0,63,0,16,0,0,BurGum Games,BurGum Games,"Single-player,Steam Achievements,Family Sharing","Casual,Indie","Puzzle,Inventory Management,Wholesome,Cozy,Relaxing,Fantasy,Funny,Hand-drawn,Cute,Cartoony,Parody,Colorful,Family Friendly,Indie,Atmospheric,Comedy,Casual,Loot,2D,Singleplayer"
Infernales: Circles of Hell,"Mar 16, 2018",0 - 20000,0,0,0.71,88,0,"['English', 'Russian']",True,False,False,0,0,8,21,0,0,13,VGstudio,VGstudio,"Single-player,Family Sharing","Violent,Gore,Action,Adventure,Indie","Indie,Action,Adventure,Gore,Violent"
杉木花与风信子 Fir flowers and hyacinths,"Dec 18, 2023",0 - 0,0,0,0.0,0,0,['Simplified Chinese'],True,False,False,0,0,0,0,0,0,0,PYKE,PYKE,Single-player,"Casual,Indie,RPG",
Secret Saga: Xamadeon Stone,"Feb 28, 2019",0 - 20000,0,0,6.99,0,0,"['English', 'Turkish', 'German', 'Polish', 'French', 'Italian', 'Simplified Chinese', 'Portuguese - Brazil', 'Japanese', 'Russian', 'Vietnamese', 'Czech', 'Spanish - Spain', 'Dutch', 'Spanish - Latin America', 'Arabic', 'Traditional Chinese', 'Hungarian', 'Portuguese - Portugal', 'Romanian', 'Thai', 'Ukrainian', 'Korean']",True,True,True,0,0,56,16,13,0,0,"Halit Büyükyılmaz,Kaan Kurtuluş",Halit Büyükyılmaz,"Single-player,Steam Achievements,Steam Cloud,Family Sharing","Adventure,Casual,Indie,Early Access","Casual,Indie,Early Access,Adventure,Design & Illustration,Audio Production,Relaxing,Puzzle,Hidden Object,2D,Singleplayer,Family Friendly,Hand-drawn,Point & Click"
The Adventure of Sunny the hedgehog,"Sep 17, 2025",0 - 0,0,0,6.99,0,0,['English'],True,False,False,0,0,0,0,0,0,0,fuzx45,fuzx45,"Single-player,Playable without Timed Input,Family Sharing",Indie,
Zombies In The Forest,"Mar 29, 2019",0 - 20000,0,0,0.99,0,0,"['English', 'French', 'Italian', 'German', 'Spanish - Spain', 'Traditional Chinese', 'Polish', 'Russian', 'Japanese', 'Turkish']",True,False,False,0,0,9,8,3,0,0,cmert08,Sergo inc,"Single-player,Family Sharing","Action,Adventure,Indie,RPG","Action,RPG,Indie,Adventure"
SnowBrawl,"Jul 17, 2022",0 - 0,0,0,0.0,0,0,['English'],True,False,False,0,0,0,0,0,0,0,"Danreit,Unknown Paraply,Thobias,Sivert,Brage",Group2,"Multi-player,PvP,Online PvP,Co-op,Online Co-op","Action,Casual,Indie,Sports,Free To Play",
修真元界  XiuZhen Metaverse,"Oct 28, 2022",0 - 20000,0,0,5.99,0,0,['Simplified Chinese'],True,False,False,0,0,3,2,0,0,0,个人独立开发,陈亮名,"Single-player,Multi-player,Family Sharing","Action,Casual,RPG,Simulation,Early Access","Casual,Action,Simulation,RPG,Action RPG,MOBA,Action Roguelike,CRPG,Flight,3D,Early Access,Faith,PvP,PvE,Character Customization,Singleplayer,Multiplayer"
BAD SECTOR ³,"Nov 6, 2025",0 - 0,0,0,6.29,0,0,"['English', 'French', 'Italian', 'German', 'Spanish - Spain', 'Bulgarian', 'Simplified Chinese', 'Traditional Chinese', 'Korean', 'Danish', 'Spanish - Latin America', 'Finnish', 'Greek', 'Hungarian', 'Indonesian', 'Japanese', 'Norwegian', 'Dutch', 'Polish', 'Portuguese - Brazil', 'Portuguese - Portugal', 'Romanian', 'Russian', 'Swedish', 'Czech', 'Turkish', 'Ukrainian', 'Vietnamese']",True,False,False,0,0,0,0,18,0,0,Studio Gine,Studio Gine,"Single-player,Steam Achievements,Custom Volume Controls,Adjustable Difficulty,Playable without Timed Input,Save Anytime,Stereo Sound,Steam Cloud,Steam Leaderboards,Family Sharing",Indie,
Minesweeper Classy,"Dec 17, 2020",20000 - 50000,8,0,1.49,0,0,['English'],True,False,False,0,0,167,12,8,179,28,Erlend Kirkeboe,Erlend Kirkeboe,"Single-player,Steam Achievements,Color Alternatives,Mouse Only Option,Playable without Timed Input,Steam Cloud,Steam Leaderboards,Includes level editor,Family Sharing","Casual,Indie","Puzzle,Logic,Level Editor,Mouse only,Stylized,Colorful,Family Friendly,Singleplayer,Indie,Minimalist,Casual,Modern,2D,Score Attack,Time Attack,Procedural Generation"
Cybermotion,"Jul 28, 2017",0 - 20000,0,0,7.99,0,0,['English'],True,False,False,0,0,70,16,12,0,84,Lukayson,Lukayson,"Single-player,Steam Achievements,Partial Controller Support,Family Sharing","Indie,Simulation,Early Access","Simulation,Indie,Early Access,Physics,Sandbox,Side Scroller,Platformer,Casual,Robots,Level Editor,Walking Simulator,2D Platformer,Metroidvania,2.5D,PvE,Singleplayer,2D"
Cliffstone Manor,"Oct 16, 2017",0 - 20000,0,0,1.99,0,0,['English'],True,False,False,0,0,28,7,0,0,152,Sprocket Crash Games,Sprocket Crash Games,"Single-player,Tracked Controller Support,VR Only,Family Sharing","Adventure,Simulation","Adventure,Simulation,VR"
Rogue Invader,"Dec 15, 2021",50000 - 100000,0,0,4.99,0,1,['English'],True,True,False,0,0,58,5,25,0,0,Squishy Games,Squishy Games,"Single-player,Steam Achievements,Steam Trading Cards,Family Sharing","Action,Indie","Action,Singleplayer,Rogue-lite,Sci-fi,Shooter,Pixel Graphics,Stylized,Aliens,Side Scroller,Isometric,Perma Death,Gun Customization,Inventory Management,Multiple Endings,Retro,Minimalist,Arcade,Space,Combat,1980s"
Yandere Goth BDSM 7,"Sep 10, 2025",0 - 20000,0,0,0.99,0,0,"['English', 'French', 'Italian', 'German', 'Spanish - Spain', 'Bulgarian', 'Czech', 'Danish', 'Dutch', 'Finnish', 'Greek', 'Hungarian', 'Indonesian', 'Japanese', 'Korean', 'Norwegian', 'Polish', 'Portuguese - Brazil', 'Romanian', 'Russian', 'Simplified Chinese', 'Swedish', 'Thai', 'Traditional Chinese', 'Turkish', 'Ukrainian', 'Vietnamese']",True,True,True,0,0,0,0,5,0,0,Bully Revenge Studios,Bully Revenge Studios,"Single-player,Custom Volume Controls,Mouse Only Option,Playable without Timed Input,Save Anytime,Family Sharing","Indie,Simulation",
Stories Adrift: Wake - Prologue,"Dec 20, 2025",0 - 0,0,0,0.0,0,0,['English'],True,False,False,0,0,0,0,0,0,0,HIATUS Productions,Jamk Games,"Single-player,Custom Volume Controls,Mouse Only Option,Save Anytime,Touch Only Option","Adventure,Indie,Free To Play",
Soldat 2,"Sep 22, 2020",50000 - 100000,0,0,3.91,51,0,['English'],True,True,True,0,0,359,54,0,389,22,Transhuman Design,Transhuman Design,"Single-player,Multi-player,PvP,Online PvP,Cross-Platform Multiplayer,Steam Cloud,Stats,Includes level editor,Family Sharing","Action,Indie,Early Access","PvP,Shooter,Competitive,Battle Royale,2D Platformer,e-sports,Character Customization,2.5D,Procedural Generation,Team-Based,Side Scroller,Multiplayer,Military,Action,Bullet Time,Stylized,Moddable,Level Editor,Indie,Early Access"
4th & Inches,"Mar 5, 2021",0 - 20000,0,0,2.79,60,0,['English'],True,False,False,0,0,4,0,0,0,0,Accolade,Ziggurat,"Single-player,Multi-player,Family Sharing","Action,Simulation,Sports","Sports,Football (American),Action,Retro,Simulation,1980s,Pixel Graphics,Character Customization,2D,Isometric,Colorful,1990's,Management,Multiplayer,Singleplayer"
Snowman Mo,"Dec 1, 2025",0 - 0,0,0,12.99,0,0,['English'],True,True,False,0,0,0,0,0,0,0,Stickerbush Studios,Stickerbush Studios,"Single-player,Full controller support,Family Sharing","Adventure,Casual,Indie",
UpMove,"Nov 12, 2019",0 - 20000,0,0,4.99,0,0,['English'],True,False,False,0,0,4,0,18,0,0,Perichron Interactive,Perichron Interactive,"Single-player,Steam Achievements,Steam Cloud,Family Sharing","Action,Adventure,Indie,Racing","Indie,Action,Adventure,Racing,Typing,Arcade,Space,Old School,Physics,Experimental"
Painting VR,"Apr 14, 2022",0 - 20000,0,0,19.99,0,1,"['English', 'French', 'Italian', 'German', 'Spanish - Spain', 'Japanese', 'Korean', 'Simplified Chinese']",True,False,False,0,0,44,20,0,0,117,Oisoi,Oisoi Studio,"Single-player,Tracked Controller Support,VR Only,Family Sharing","Casual,Indie,Simulation","Immersive Sim,Design & Illustration,Simulation,Sandbox,Crafting,VR,3D,Indie,First-Person,Relaxing,Realistic,Casual,Atmospheric,Singleplayer,Crowdfunded,Experience"
Luna Abyss Playtest,"May 2, 2023",0 - 0,0,0,0.0,0,0,[],True,False,False,0,0,0,0,0,0,0,,,,,
Empty Skull,"Jan 30, 2024",0 - 20000,0,0,1.19,60,0,"['English', 'German', 'Ukrainian', 'Russian', 'Korean', 'Japanese', 'French', 'Italian', 'Spanish - Spain', 'Turkish']",True,False,False,0,0,8,0,22,0,0,Ironbellys Crew,Ironbellys Crew,"Single-player,Steam Achievements,Full controller support,Steam Cloud,Family Sharing","Adventure,Casual,Indie,Early Access","Early Access,Casual,Adventure,Trivia,Puzzle,Exploration,2D,Top-Down,Cute,Pixel Graphics,Education,Alternate History,Atmospheric,Bikes,Futuristic,Detective,Family Friendly,Aliens,Artificial Intelligence,Space"
Golf VS Zombies,"Sep 15, 2023",0 - 20000,0,0,3.99,60,0,"['English', 'German', 'Spanish - Spain', 'Russian', 'Spanish - Latin America']",True,False,False,0,0,27,7,33,0,23,Sleepwalking Potatoes,"Untold Tales,Hyperstrange","Single-player,Multi-player,PvP,Shared/Split Screen PvP,Shared/Split Screen,Steam Achievements,Partial Controller Support,Remote Play Together,Family Sharing","Action,Casual,Sports","Golf,Zombies,Sports,Dark Humor,Horror,Post-apocalyptic,Action,Casual,Funny,Simulation,Arcade,Shoot 'Em Up,Third-Person Shooter,3D,Comic Book,Third Person,Aliens,America,Comedy,Dark Comedy"
Conquest Dark,"Apr 30, 2025",100000 - 200000,476,0,7.49,25,0,['English'],True,False,False,0,0,1465,115,0,2266,452,Eldritch Sword Games,Mad Mushroom,"Single-player,Full controller support,Steam Cloud,Family Sharing","Action,Indie,RPG,Early Access","Action,Action RPG,Action Roguelike,Rogue-lite,RPG,Rogue-like,Bullet Hell,Isometric,Dark Fantasy,Alternate History,Fantasy,Nudity,Medieval,Early Access,Violent,Indie,Mythology,Dark,Linear,Controller"
Sanctuary Playtest,"Nov 28, 2022",0 - 0,0,0,0.0,0,0,[],True,False,False,0,0,0,0,0,0,0,,,,,
TYRED,"Nov 20, 2017",0 - 20000,0,0,11.99,0,0,['English'],True,False,False,0,0,3,0,0,0,0,Sekrit Games,Sekrit Games,"Multi-player,PvP,Online PvP,Shared/Split Screen PvP,Shared/Split Screen,Full controller support,Remote Play Together,Family Sharing","Action,Casual,Indie,Early Access","Action,Indie,Early Access,Casual"
ShapeVS,"Mar 29, 2024",0 - 20000,0,0,0.59,70,0,['English'],True,False,False,0,0,5,0,0,0,0,Smash Attack Aus,Smash Attack Aus,"Multi-player,PvP,Shared/Split Screen PvP,Co-op,Shared/Split Screen Co-op,Shared/Split Screen,Full controller support,Remote Play Together,Family Sharing","Casual,Indie","Arena Shooter,Side Scroller,2D Platformer,Shoot 'Em Up,PvP,Arcade,Casual,2D,Top-Down,Colorful,Minimalist,Dystopian,Sci-fi,Score Attack,1980s,1990's,Old School,Combat,Co-op,Local Co-Op"
UberSoldier II,"Mar 25, 2014",100000 - 200000,1,0,1.79,80,0,"['English', 'French', 'Italian', 'German', 'Simplified Chinese', 'Polish', 'Russian', 'Czech', 'Hungarian']",True,False,False,62,0,438,135,0,501,202,Burut CT,Strategy First,"Single-player,Family Sharing","Action,Adventure","Action,FPS,World War II,Adventure,Shooter,Singleplayer,First-Person"
东方醉游稽传~Touhou Drunken Rebellion Playtest,"Jul 15, 2025",0 - 0,0,0,0.0,0,0,[],True,False,False,0,0,0,0,0,0,0,,,,,
The Demon Lord Dungeon,"Apr 22, 2024",0 - 20000,0,0,1.99,0,0,['Traditional Chinese'],True,False,False,0,0,0,0,0,0,0,Spade 2 Studio,Spade 2 Studio,"Single-player,Family Sharing",RPG,
A Fistful Of Yankees,"Aug 14, 2025",0 - 20000,0,0,5.24,0,0,"['English', 'French', 'Italian', 'German', 'Spanish - Spain', 'Finnish', 'Japanese', 'Korean', 'Polish', 'Portuguese - Portugal', 'Russian', 'Simplified Chinese', 'Turkish']",True,False,True,0,0,0,0,18,0,0,Pulsar Creation,Pulsar Creation,"Single-player,Family Sharing","Indie,Strategy",
Running in the Y2K,"May 10, 2022",0 - 0,0,0,0.0,0,3,"['English', 'Spanish - Spain', 'French']",True,False,False,0,0,0,0,12,0,0,guilemus,guilemus,"Single-player,Steam Achievements,Full controller support,Custom Volume Controls,Playable without Timed Input,Steam Leaderboards,Remote Play on Phone,Remote Play on Tablet,Remote Play on TV",Adventure,
Gastova: The Witches of Arkana,"Dec 6, 2022",0 - 20000,0,0,7.49,50,1,"['English', 'Portuguese - Brazil', 'Simplified Chinese', 'Traditional Chinese']",True,False,False,0,0,31,0,40,0,0,MechWolf Productions,MechWolf Productions,"Single-player,Steam Achievements,Partial Controller Support,Family Sharing","Action,Adventure,Indie,RPG,Early Access","Early Access,Action,Adventure,RPG,Indie,Platformer,Metroidvania,Female Protagonist,Exploration,2D Platformer,Anime,Retro,Pixel Graphics,Singleplayer,2D,Simulation,Colorful,Sports,Arcade,Cute"
White Day 2: The Flower That Tells Lies - Complete Edition,"Feb 15, 2023",20000 - 50000,1,0,13.49,55,0,"['English', 'French', 'German', 'Russian', 'Japanese', 'Simplified Chinese', 'Traditional Chinese', 'Portuguese - Portugal', 'Korean', 'Spanish - Spain']",True,False,False,0,0,285,344,14,595,1879,Rootnstudio Ltd.,PQube,"Single-player,Full controller support,Family Sharing","Action,Adventure,Indie","Action-Adventure,Sequel,Exploration,Puzzle,Horror,First-Person,Psychological Horror,Choices Matter,Multiple Endings,Story Rich,Action,Stealth,Thriller,Atmospheric,Drama,Investigation,Mystery,Adventure,Dark,Supernatural"
Arcade Attack Anthology,"Dec 23, 2019",0 - 20000,0,0,0.99,90,0,['English'],True,False,False,0,0,0,1,0,0,0,ERMedia,Plug In Digital,"Single-player,Partial Controller Support,Family Sharing","Action,Casual,Indie,Strategy","Action,Casual,Indie,Strategy,Puzzle,Score Attack,Minigames"
Project Druid - 2D Labyrinth Explorer-,"Jul 30, 2015",200000 - 500000,0,0,0.99,50,0,"['English', 'Turkish']",True,False,False,0,0,49,129,0,0,221,Cemil Tasdemir,Back To Basics Gaming,"Single-player,Family Sharing","Casual,Indie","Casual,Indie,RPGMaker"
Construction Runner,"Mar 16, 2025",0 - 0,0,0,0.0,0,0,"['English', 'German', 'Simplified Chinese', 'Polish', 'Russian']",True,False,True,0,0,0,0,0,0,0,Hansa Studio,Hansa Studio,"Single-player,Steam Cloud","Adventure,Casual,Simulation,Free To Play",
YAGZZ!,"Sep 25, 2017",0 - 20000,0,0,0.99,0,0,"['English', 'Spanish - Spain', 'Russian', 'French', 'Italian', 'German', 'Arabic', 'Bulgarian', 'Portuguese - Brazil', 'Hungarian', 'Vietnamese', 'Greek', 'Danish', 'Spanish - Latin America', 'Traditional Chinese', 'Simplified Chinese', 'Korean', 'Dutch', 'Norwegian', 'Polish', 'Portuguese - Portugal', 'Romanian', 'Thai', 'Turkish', 'Ukrainian', 'Finnish', 'Czech', 'Swedish', 'Japanese']",True,False,False,0,0,13,10,47,0,0,Demin Games,Demin Games,"Single-player,Steam Achievements,Family Sharing","Action,Casual","Action,Casual,Adventure,Indie,Platformer,Gaming,Crowdfunded,Short,Singleplayer,Atmospheric,Funny,Difficult,2D,Exploration,Great Soundtrack,Fantasy,Puzzle,Classic,Linear,Word Game"
Hentai Jazz,"Jul 22, 2020",0 - 20000,0,0,0.99,0,0,['English'],True,False,False,0,0,0,0,20,0,0,Lights! Camera! Action!,Lights! Camera! Action!,"Single-player,Steam Achievements,Family Sharing","Casual,Indie,RPG,Simulation",
RetroRealms Arcade,"Oct 18, 2024",0 - 20000,1,0,19.99,0,4,"['English', 'French', 'Italian', 'German', 'Spanish - Spain']",True,False,False,0,0,81,13,74,101,0,Wayforward,Boss Team Games,"Single-player,Steam Achievements,Full controller support,In-App Purchases,Steam Cloud,Steam Leaderboards,Family Sharing","Action,Adventure","Action,Adventure,Platformer,Hack and Slash,2D,Horror,Pixel Graphics,Gore,1990's,Violent,Singleplayer,Retro"
SOUL PARK,"Sep 22, 2025",0 - 20000,0,0,4.99,50,0,"['English', 'French']",True,True,True,0,0,0,0,20,0,0,CLEDU,CLEDU,"Single-player,Steam Achievements,Partial Controller Support,Family Sharing","Casual,Indie,Simulation,Strategy","Early Access,Time Management,Resource Management,City Builder,Sandbox,Building,Management,Economy,Singleplayer,Arcade,Strategy,Relaxing,Base-Building,3D,Funny,Casual,Simulation,Pixel Graphics,Colorful,Demons"
Neko Doll,"Feb 4, 2022",0 - 20000,3,0,0.59,0,1,"['English', 'Russian', 'Japanese', 'Simplified Chinese', 'Traditional Chinese', 'Korean']",True,False,False,0,0,99,27,12,121,0,Neko Game,Neko Game,"Single-player,Steam Achievements,Steam Cloud,Family Sharing","Casual,Indie,Simulation,Strategy","Casual,Simulation,Nudity,Sexual Content,NSFW,Strategy,Relaxing,Puzzle,Cats,Clicker,Hentai,Cute,Anime,Cartoon,3D,Cartoony,First-Person,Funny,Female Protagonist,Singleplayer"
10 Second Year,"Sep 22, 2025",0 - 0,0,0,3.99,0,0,['English'],True,False,False,0,0,0,0,0,0,0,Jonysuise,Jonysuise,"Single-player,Adjustable Difficulty,Keyboard Only Option,Playable without Timed Input,Family Sharing","Casual,Indie,Simulation",
ZomBay,"Oct 30, 2024",0 - 0,0,0,0.0,0,5,"['English', 'Spanish - Spain', 'French', 'Italian']",True,False,False,0,0,0,0,100,0,0,Tegridy Made Games,Tegridy Made Games,"Single-player,Steam Achievements,In-App Purchases,Steam Cloud,Steam Leaderboards","Action,Indie,Free To Play",
Wandshot,"Mar 5, 2025",0 - 20000,0,0,4.49,25,0,['English'],True,False,False,0,0,3,0,20,0,0,BlueSwan4Games,BlueSwan4Games,"Single-player,Steam Achievements,Steam Cloud,Family Sharing",Indie,"Precision Platformer,Arcade,Physics,2D,2D Platformer,Platformer,Casual,Pixel Graphics,Indie,Fantasy,Old School,Singleplayer"
Paradyce,"Nov 9, 2025",0 - 0,0,0,5.99,0,0,['English'],True,False,False,0,0,0,0,0,0,0,SparrowDev,SparrowDev,"Single-player,Family Sharing",Indie,
Aeve:Zero Gravity,"Feb 2, 2018",0 - 20000,0,0,0.59,0,0,['English'],True,True,True,0,0,31,99,11,0,28,EasyGames,EasyGames,"Single-player,Steam Achievements,Partial Controller Support,Family Sharing","Action,Indie","Action,Indie"
Sadness Of Valor,"Dec 30, 2022",0 - 20000,0,0,5.99,0,0,"['English', 'French']",True,False,False,0,0,2,0,16,0,0,One Man Studio for Games,Slordef,"Single-player,Multi-player,PvP,Online PvP,Co-op,Online Co-op,Family Sharing","Action,Strategy","Strategy,RTS,Action RTS,Action,3D,Military,Combat,Singleplayer,Multiplayer,Grand Strategy,Realistic,Top-Down,Building,Destruction,Futuristic,War,Tanks,PvP,Base-Building,PvE"
Now you can't see me,"Jul 20, 2021",0 - 20000,0,0,0.0,0,0,"['English', 'Russian']",True,False,False,0,0,43,12,23,0,0,Lyudvig Vitovskiy,Lyudvig Vitovskiy,"Single-player,Steam Achievements,Partial Controller Support,Steam Cloud,Steam Leaderboards","Action,Indie","Puzzle-Platformer,Puzzle,Comedy,Logic,Indie,Bullet Time,First-Person,Time Manipulation,Action,Singleplayer,FPS,3D Platformer,Walking Simulator,Minimalist,Shooter,Idler,Horror,Souls-like"
Angry Zombies,"Feb 27, 2020",0 - 20000,0,0,1.99,0,0,"['English', 'Simplified Chinese', 'Traditional Chinese', 'Russian']",True,False,False,0,0,30,8,36,0,0,Studio Inward,Studio Inward,"Single-player,Steam Achievements,Steam Leaderboards,Family Sharing","Casual,Indie","Casual,Indie,Zombies,2D,Physics,Early Access,Minigames,Linear,Score Attack,Colorful,Singleplayer,Post-apocalyptic,Side Scroller,Arcade,Relaxing,Minimalist,Addictive,Gaming,Atmospheric,Pixel Graphics"
Football Simulator,"Jun 8, 2022",0 - 20000,5,0,15.99,0,0,['English'],True,False,False,0,0,586,154,14,811,381,Refactor Games,Refactor Games,"Single-player,Multi-player,PvP,Online PvP,Shared/Split Screen PvP,Co-op,Online Co-op,Shared/Split Screen Co-op,Shared/Split Screen,Steam Achievements,Partial Controller Support,Remote Play Together,Family Sharing","Action,Sports,Early Access","Early Access,Mod,Sports,Simulation,Football (American),Local Co-Op,PvP,Physics,Co-op,Moddable,Funny,Local Multiplayer,Party,Controller,Singleplayer,Arcade,Party Game,3D,Stylized,Colorful"
Rabat Protocol:Metal Rhapsody,"Jul 27, 2023",0 - 20000,0,0,1.95,72,0,"['English', 'Simplified Chinese', 'Japanese', 'Korean', 'Traditional Chinese']",True,False,False,0,0,103,12,16,0,21,What‘s Up Labs,What‘s Up Labs,"Single-player,Steam Achievements,Full controller support,Family Sharing","Action,Casual,Indie,Strategy","Looter Shooter,Twin Stick Shooter,Wargame,Shooter,Arcade,Strategy,Rogue-like,Female Protagonist,Action,3D,Gun Customization,Anime,World War II,Comedy,Survival,Combat,Singleplayer,Casual,Indie"
Robot Arena Survivors Playtest,"Apr 22, 2024",0 - 0,0,0,0.0,0,0,[],True,False,False,0,0,0,0,0,0,0,,,,,
Valthirian Arc: Hero School Story 2,"Jun 22, 2023",0 - 20000,0,0,6.59,67,0,"['English', 'Spanish - Spain', 'Korean', 'Simplified Chinese', 'Traditional Chinese', 'Indonesian', 'French', 'German', 'Thai']",True,False,False,0,0,60,43,81,0,473,Agate,PQube,"Single-player,Steam Achievements,Full controller support,Steam Trading Cards,Family Sharing","RPG,Simulation,Strategy","RPG,Simulation,Management,Party-Based RPG,Turn-Based Combat,3D,Anime,Colorful,Fantasy,Resource Management,Singleplayer,Strategy,Sequel,Strategy RPG,JRPG,Isometric,Story Rich,Stylized,Fighting,Adventure"
Sword Hero Playtest,"Apr 27, 2024",0 - 0,0,0,0.0,0,0,[],True,False,False,0,0,0,0,0,0,0,,,,,
How I Flex with AI,"Nov 27, 2025",0 - 20000,0,0,0.99,0,0,['Simplified Chinese'],True,False,False,0,0,0,0,2,304,0,Pandaren,Pandaren,"Single-player,Steam Achievements,Steam Cloud,Family Sharing","Casual,Indie,RPG",
Mahjong Strip Solitaire: Harem Guild,"Jan 25, 2019",0 - 20000,0,0,0.49,51,0,"['English', 'Japanese', 'Simplified Chinese', 'Traditional Chinese', 'Spanish - Spain', 'Spanish - Latin America']",True,False,False,0,0,0,0,8,0,168,Cherry Kiss Games,Cherry Kiss Games,"Single-player,Steam Achievements,Steam Cloud,Family Sharing",Casual,
小坂さん。 - Remaster,"Jan 28, 2024",0 - 20000,0,0,2.39,0,0,['Japanese'],True,False,False,0,0,6,1,0,0,0,斜塔ソンブレロ,斜塔ソンブレロ,"Single-player,Family Sharing","Adventure,Indie","Visual Novel,Text-Based,Indie,Singleplayer,Adventure,Anime,Atmospheric,Romance,Modern,Idler"
The Adventures of Mr. Bobley,"Jul 1, 2015",50000 - 100000,0,0,1.29,35,0,"['English', 'Czech', 'Portuguese - Portugal', 'Spanish - Spain', 'Dutch', 'French', 'German']",True,True,True,0,0,249,143,8,145,204,Jan Zizka,,"Single-player,Steam Achievements,Steam Trading Cards,Partial Controller Support,Steam Leaderboards,Family Sharing","Adventure,Indie","Puzzle-Platformer,3D Platformer,Puzzle,Platformer,Family Friendly,3D,Indie,Physics,Simulation,Driving,Precision Platformer,Side Scroller,Minimalist,Stylized,Linear,Singleplayer,Adventure,Cartoony"
Lemuria: Lost in Space - VR Edition,"Aug 4, 2017",0 - 20000,0,0,1.49,90,0,"['English', 'Polish']",True,False,False,0,0,1,9,21,0,0,EJRGames,EJRGames,"Single-player,Steam Achievements,Full controller support,Tracked Controller Support,VR Supported,Captions available,Steam Cloud,Family Sharing","Action,Adventure,Indie,RPG","Action,Adventure,RPG,Indie,VR"
Sol Cesto,"May 27, 2025",100000 - 200000,210,0,8.99,25,0,"['English', 'French', 'German', 'Spanish - Spain', 'Japanese', 'Korean', 'Polish', 'Portuguese - Brazil', 'Russian', 'Simplified Chinese', 'Italian', 'Traditional Chinese', 'Hungarian', 'Portuguese - Portugal', 'Czech', 'Thai', 'Turkish', 'Ukrainian']",True,False,False,0,0,844,35,0,2023,310,"Tambouille,Géraud Zucchini,Chariospirale","Goblinz Publishing,Maple Whispering Limited","Single-player,Family Sharing","Indie,Strategy,Early Access","Early Access,Dungeon Crawler,Tactical,Rogue-like,Puzzle,Atmospheric,Fantasy,Procedural Generation,Gambling,Mystery,Turn-Based,Strategy,Replay Value,Grid-Based Movement,Indie,Singleplayer,Rogue-lite,Deckbuilding,2D,Choices Matter"
Packmates Playtest,"Aug 25, 2025",0 - 0,0,0,0.0,0,0,[],True,False,False,0,0,0,0,0,0,0,,,,,
Isle of Survival: The New Dawn,"Jun 30, 2025",0 - 20000,0,0,9.99,0,0,['English'],True,False,False,0,0,0,0,0,0,0,BlueSlay3r,BlueSlay3r,"Single-player,Multi-player,PvP,Online PvP,Co-op,Online Co-op,Family Sharing","Action,Adventure,RPG",
Boxing Simulator,"Dec 9, 2025",0 - 20000,7,0,4.79,40,0,"['English', 'French', 'Italian', 'German', 'Spanish - Spain', 'Simplified Chinese', 'Japanese', 'Korean', 'Polish', 'Russian', 'Turkish']",True,False,False,0,0,54,5,22,0,0,Inogames,Inogames,"Single-player,Steam Achievements,Family Sharing","Action,Indie,Simulation,Sports","Simulation,Sports,Sandbox,Boxing,Early Access,Indie,Action,3D,Management,Character Customization,Singleplayer,Time Management,Fighting,Real-Time,3D Fighter,Martial Arts,Strategy RPG,Physics,Realistic,Real Time Tactics"
Super Vili,"Apr 9, 2021",0 - 20000,0,0,4.99,0,0,['English'],True,True,True,0,0,6,0,0,0,0,Affordable Care Games,Affordable Care Games,"Single-player,Family Sharing","Action,Casual,Indie","Action,Casual,Platformer,Arcade,2D Platformer,Metroidvania,2D,Cartoony,Colorful,Cute,Comedy,Indie,Family Friendly,Old School,Political,Score Attack,Singleplayer"
System Invaders,"Mar 27, 2020",0 - 20000,0,0,0.0,0,1,['English'],True,True,False,0,0,41,3,8,0,0,Prisma Games L.L.C.,Prisma Games L.L.C.,"Single-player,Multi-player,Co-op,Shared/Split Screen Co-op,Shared/Split Screen,Steam Achievements,Partial Controller Support,Steam Cloud,Stats,Steam Leaderboards,Remote Play Together","Action,Casual,Indie","Action,Indie,Casual,Shoot 'Em Up,Retro"
Super Bugman Extreme Ultra,"Mar 30, 2018",0 - 20000,0,0,4.99,0,0,['English'],True,False,False,0,0,2,1,18,0,0,SyKoHPaTh,SyKoHPaTh,"Single-player,Steam Achievements,Steam Workshop,Partial Controller Support,Steam Cloud,Includes level editor,Family Sharing","Action,Adventure,Indie","Action,Adventure,Indie"
Dino V. Xeno - Tower Defense,"Feb 23, 2023",0 - 20000,0,0,3.99,0,0,['English'],True,False,False,0,0,8,1,0,0,0,Fun Asylum Studio,Fun Asylum Studio,"Single-player,Family Sharing","Casual,Indie,Strategy","Casual,Tower Defense,Action RTS,Real Time Tactics,Wargame,2D,Aliens,Comedy,Comic Book,Dinosaurs,Fantasy,Nature,Relaxing,Satire,Tactical,PvE,Singleplayer,Indie,Strategy"
Shine's Adventures 6 (Go! Girls),"Nov 26, 2019",0 - 20000,0,0,1.79,0,0,"['English', 'Russian', 'Japanese', 'Simplified Chinese', 'Korean']",True,False,False,0,0,26,4,0,0,0,ShineProject,ShineProject,"Single-player,Multi-player,PvP,Shared/Split Screen PvP,Partial Controller Support,Steam Leaderboards,Remote Play Together,Family Sharing","Action,Adventure,Casual,Indie,Racing,RPG,Simulation,Sports,Strategy","Action,Casual,Indie,Simulation,Sports,Racing,Adventure,RPG,Strategy,Sexual Content,Anime,Nudity"
Geras,"May 20, 2024",0 - 20000,0,0,1.99,0,0,['English'],True,False,False,0,0,12,0,0,0,0,Petros Rozakeas,Petros Rozakeas,"Single-player,Family Sharing",Indie,"Horror,Psychological Horror,Walking Simulator,3D,Realistic,Dark,Story Rich,Indie,Singleplayer"
SHOOT THE BUUUUUUUGS,"Aug 27, 2022",0 - 20000,0,0,0.49,90,0,['English'],True,False,False,0,0,9,5,0,0,0,RealGames Dev,My Way Games,"Single-player,Family Sharing",Action,"Action,Shooter,Arena Shooter,FPS,First-Person,Colorful,Aliens,Combat,Singleplayer"
The SS Destiny Disaster,"Jan 27, 2025",0 - 20000,0,0,5.59,20,0,['English'],True,False,False,0,0,4,0,11,0,0,Mars On Fire,Mars On Fire,"Single-player,Steam Achievements,Full controller support,Stats,Family Sharing",Action,"Horror,Survival Horror,Zombies,First-Person,Shooter,Atmospheric,Action,Retro,Survival,FPS,Adventure,Sci-fi,Space,Exploration,Combat,Violent,Dark,Story Rich,Singleplayer,Stylized"
My Little Cemetery,"May 21, 2024",0 - 0,0,0,0.0,0,0,['English'],True,False,False,0,0,0,0,0,0,0,Resting Place Games,Resting Place Games,Single-player,"Casual,Indie,RPG,Simulation,Free To Play",
Sprint Racer,"Feb 5, 2021",20000 - 50000,0,0,0.79,0,0,['English'],True,False,False,0,0,2,2,10,0,0,Tudou Games,Tudou Games,"Single-player,Steam Achievements,Partial Controller Support,Steam Leaderboards,Family Sharing","Racing,Sports","Racing,Arcade,2D,1980s,Retro,Driving,Sports,Singleplayer"
Save Dash,"Oct 13, 2017",0 - 20000,0,0,2.99,0,0,['English'],True,False,False,0,0,4,0,0,0,0,10ravens s.r.o.,10ravens s.r.o.,"Single-player,Family Sharing","Action,Indie","Action,Indie"
Attack on Inirea,"May 2, 2025",0 - 20000,0,0,3.74,0,0,['English'],True,True,True,0,0,12,0,27,0,0,Seam Entertainment,Seam Entertainment,"Single-player,Steam Achievements,Full controller support,Steam Cloud,Steam Leaderboards,Family Sharing","Action,Adventure,Casual,Indie","Arcade,Casual,Family Friendly,Shooter,Shoot 'Em Up,Action-Adventure,Tower Defense,Adventure,Action,Controller,Clicker,3D,Bullet Hell,Colorful,Stylized,Third Person,Aliens,Atmospheric,Singleplayer,Fantasy"
100 hidden snails,"Nov 6, 2020",0 - 20000,0,0,0.79,60,0,['English'],True,False,False,0,0,512,32,100,512,69,Anatoliy Loginovskikh,Anatoliy Loginovskikh,"Single-player,Steam Achievements,Steam Trading Cards,Family Sharing","Casual,Indie","Casual,2D,Side Scroller,Abstract,Point & Click,Minimalist,Hand-drawn,Psychedelic,Stylized,Indie,Family Friendly,Relaxing,Singleplayer,Surreal,Hidden Object"
The Adventures of Catrick Swayze,"Nov 22, 2025",0 - 20000,0,0,4.99,0,0,['English'],True,False,False,0,0,0,0,0,0,0,KDHD Studios,KDHD Studios,"Single-player,Custom Volume Controls,Playable without Timed Input,Save Anytime,Stereo Sound,Surround Sound,Family Sharing","Adventure,Casual,Indie,RPG",
Endless Racing,"Dec 30, 2025",0 - 0,0,0,1.49,0,0,"['English', 'French', 'Italian', 'German', 'Spanish - Spain', 'Turkish', 'Simplified Chinese', 'Japanese', 'Korean']",True,False,False,0,0,0,0,10,0,0,Fearless Games Studio,Fearless Games Studio,"Single-player,Steam Achievements,Mouse Only Option,Playable without Timed Input,Save Anytime,Touch Only Option,Family Sharing","Casual,Indie,Racing,Sports",
Gunpoint Gambit,"Sep 29, 2025",0 - 20000,0,0,13.59,0,0,['English'],True,False,False,0,0,0,0,0,0,0,Robert Bogdan,Greenforge Games,"Multi-player,PvP,Online PvP,Custom Volume Controls,Playable without Timed Input,Stereo Sound,Stats,Family Sharing","Action,Adventure,Casual,Indie",
Cat Dimension,"Nov 24, 2022",0 - 20000,0,0,1.25,0,0,"['English', 'French', 'Italian']",True,False,False,0,0,3,0,8,0,0,D4F Games,Itamde,"Single-player,Steam Achievements,Partial Controller Support,Family Sharing","Adventure,Indie,Early Access","Adventure,Platformer,Rogue-like,Mystery Dungeon,Exploration,Indie,2D Platformer,2D,Cats,Relaxing,Science,Early Access,Linear,Tabletop,Singleplayer,Pixel Graphics,Metroidvania,Hidden Object,Colorful,Cute"
Lust Knight Lisa,"Feb 27, 2025",0 - 20000,1,0,11.99,20,3,['English'],True,False,False,0,0,0,0,25,0,0,Overlord Empire LLC,Overlord Empire LLC,"Single-player,Steam Achievements,Partial Controller Support,Family Sharing",RPG,
Cave Story's Secret Santa,"Dec 9, 2021",0 - 0,0,0,0.0,0,0,"['English', 'Japanese']",True,False,False,0,0,0,0,10,0,0,"Nicalis, Inc.","Nicalis, Inc.","Single-player,Steam Achievements,Full controller support",Adventure,
Crumble,"Dec 4, 2020",100000 - 200000,4,0,4.49,70,0,"['English', 'French', 'German', 'Spanish - Spain', 'Japanese', 'Russian', 'Simplified Chinese', 'Korean', 'Polish', 'Portuguese - Brazil', 'Portuguese - Portugal', 'Spanish - Latin America', 'Turkish']",True,True,True,0,0,901,121,32,661,105,BRUTE FORCE,BRUTE FORCE,"Single-player,Multi-player,PvP,Shared/Split Screen PvP,Shared/Split Screen,Steam Achievements,Full controller support,Steam Trading Cards,Steam Cloud,Stats,Steam Leaderboards,Remote Play on TV,Remote Play Together,Family Sharing","Action,Adventure,Indie,Racing","3D Platformer,Platformer,Indie,Action,Adventure,Parkour,Physics,Cute,Destruction,Funny,4 Player Local,Casual,Local Co-Op,Singleplayer,Co-op,Split Screen,Party Game,Exploration,Multiplayer,Local Multiplayer"
Financial freedom for the few,"Aug 19, 2022",0 - 20000,0,0,9.99,0,0,"['English', 'Simplified Chinese']",True,False,False,0,0,3,2,0,0,0,SingheWang,SingheWang,"Single-player,Family Sharing","Casual,Indie,Simulation,Strategy,Early Access","Casual,Simulation,Drama,Economy,Singleplayer,Cartoon,Early Access,2D,Indie,Strategy,Life Sim"
Kidnapped! A Royal Birthday,"Aug 20, 2020",20000 - 50000,0,0,2.99,40,0,['English'],True,True,True,0,0,11,11,28,0,0,Choice of Games,Choice of Games,"Single-player,Steam Achievements,Steam Cloud,Family Sharing","Action,Adventure,Casual,Indie,RPG","Casual,Choose Your Own Adventure,Text-Based,RPG,Action,Interactive Fiction,Adventure,Action-Adventure,Singleplayer,Action RPG,Fantasy,Indie,Medieval"
Fantasy Memory: A Relaxing Match Game,"Nov 6, 2024",0 - 20000,0,0,0.55,72,2,['English'],True,False,False,0,0,0,0,0,0,0,Boogygames Studios,Boogygames Studios,"Single-player,Family Sharing","Casual,Indie,Strategy",
ClickBit,"Dec 2, 2017",0 - 20000,0,0,1.99,0,0,['English'],True,False,False,0,0,18,25,23,0,0,NorthernLights Games,NorthernLights Games,"Single-player,Steam Achievements,Family Sharing","Casual,Indie","Indie,Casual,Clicker"
LivingForest Playtest,"Jun 12, 2024",0 - 0,0,0,0.0,0,0,[],True,False,False,0,0,0,0,2,0,0,,,,,
Pipeline Panic,"Nov 10, 2022",0 - 20000,0,0,3.99,0,0,['English'],True,False,False,0,0,0,0,0,0,0,"Pastil Studios,CRX Entertainment Pte. Ltd.",Favour Toys Studios B.V.,"Single-player,Family Sharing","Action,Casual,Indie",
Lustful Professor,"Jul 11, 2022",0 - 20000,0,0,1.49,50,0,"['English', 'Simplified Chinese']",True,False,True,0,0,0,0,0,0,0,FAPTEAM,FAPTEAM,"Single-player,Family Sharing","Casual,Indie",
Hyperspace Invaders II: Pixel Edition,"Sep 4, 2015",50000 - 100000,0,0,0.79,84,0,['English'],True,False,False,0,0,323,75,18,322,55,Entity Medialab,Plug In Digital,"Single-player,Steam Achievements,Partial Controller Support,Steam Leaderboards,Family Sharing","Action,Indie","Action,Indie,Shoot 'Em Up,Bullet Hell,Great Soundtrack,Arcade,Shooter,Rhythm,2D,Music-Based Procedural Generation,Procedural Generation,Pixel Graphics"
Here to There,"Nov 3, 2022",0 - 20000,1,0,0.0,0,0,['English'],True,False,False,0,0,9,3,1,0,0,Mono,Monosoft,Single-player,"Action,Adventure,Simulation,Free To Play","Adventure,Simulation,Action,Singleplayer,Education,Puzzle,Shooter,First-Person,Comedy,Free to Play,Logic,Dark"
Helldorado,"Apr 30, 2009",50000 - 100000,0,0,2.49,75,0,"['English', 'French', 'German', 'Spanish - Spain']",True,False,False,65,0,126,45,0,135,3,Spellbound,THQ Nordic,"Single-player,Family Sharing",Strategy,"Strategy,Western,Action,Stealth,Singleplayer,Tactical,Isometric,Real Time Tactics"
Survival: Fountain of Youth Playtest,"May 9, 2022",0 - 0,0,0,0.0,0,0,[],True,False,False,0,0,0,0,20,0,0,,,,,
Stick Slasher,"Sep 1, 2023",0 - 20000,0,0,0.89,0,0,"['English', 'French', 'Italian', 'German', 'Spanish - Spain', 'Czech', 'Danish', 'Dutch', 'Finnish', 'Hungarian', 'Japanese', 'Korean', 'Norwegian', 'Polish', 'Portuguese - Brazil', 'Portuguese - Portugal', 'Romanian', 'Russian', 'Simplified Chinese', 'Swedish', 'Thai', 'Turkish', 'Ukrainian', 'Vietnamese', 'Greek']",True,False,False,0,0,18,1,42,0,0,Beruke Games,Beruke Games,"Single-player,Steam Achievements,Stats,Steam Leaderboards,Family Sharing","Action,Casual,Indie","Action,Casual,2D Fighter,Hack and Slash,Wargame,2D,Indie,Violent,Gore,Minimalist,Colorful,Old School,Survival,Funny,Medieval,War,Physics,Quick-Time Events,Singleplayer"
白马非马 a white horse is not a horse,"Nov 28, 2021",0 - 20000,0,0,9.99,0,0,['Simplified Chinese'],True,False,False,0,0,34,10,0,0,0,卧熊工作室,卧熊工作室,"Single-player,Family Sharing","Adventure,Casual,Indie,RPG,Early Access","Casual,Adventure,RPG,Action-Adventure,Story Rich,Mythology,Early Access,Indie,Relaxing,Multiple Endings,Building,Singleplayer,Pixel Graphics,Sandbox,Multiplayer,Farming Sim,CRPG,Dungeon Crawler,2D,Top-Down Shooter"
Shadow of the Tomb Raider: Definitive Edition,"Sep 14, 2018",0 - 20000,0,17,4.0,90,0,"['English', 'French', 'Italian', 'German', 'Spanish - Spain', 'Korean', 'Polish', 'Portuguese - Brazil', 'Russian', 'Simplified Chinese', 'Traditional Chinese', 'Arabic']",True,True,True,77,0,12612,4661,99,67050,0,"Eidos-Montréal,Crystal Dynamics,Nixxes,Feral Interactive (Mac),Feral interactive (Linux)","Crystal Dynamics,Feral Interactive (Mac),Feral interactive (Linux)","Single-player,Steam Achievements,Full controller support,Steam Trading Cards,Steam Cloud,Remote Play on Phone,Remote Play on Tablet,Remote Play on TV,Family Sharing","Action,Adventure","Adventure,Lara Croft,Action,Female Protagonist,Third Person,Singleplayer,Story Rich,Open World,Puzzle,Action-Adventure,Stealth,Exploration,Survival,Violent,Atmospheric,Shooter,Gore,Great Soundtrack,Dark,Heist"
Casual Golf,"Aug 16, 2021",200000 - 500000,0,0,0.59,40,0,['English'],True,False,False,0,0,2,2,0,0,0,NikiGames,NikiGames,"Single-player,Family Sharing","Casual,Indie","Casual,Golf,6DOF,Choices Matter,Minimalist,3D,Indie,Singleplayer"
My Faithful and Loyal Wife Would Never Cheat on Me,"Dec 11, 2023",0 - 0,0,0,0.0,0,0,['English'],True,True,True,0,0,0,0,0,0,0,JellyFluff Games,JellyFluff Games,"Single-player,Steam Cloud","Casual,Indie,RPG",
Perky Little Things,"Feb 14, 2020",0 - 20000,2,0,5.84,35,1,"['English', 'German', 'Russian', 'Simplified Chinese', 'French', 'Spanish - Spain', 'Japanese', 'Portuguese - Portugal']",True,True,True,0,0,0,0,10,750,102,Ktulhu Solutions,Ktulhu Solutions,"Single-player,Steam Achievements,Steam Cloud,Family Sharing","Adventure,Casual,Indie",
Adventures of DaKoo the Dragon,"Mar 29, 2023",0 - 20000,0,0,1.49,0,0,['English'],True,False,True,0,0,3,1,0,0,0,Domino Studios,Domino Studios,"Single-player,Full controller support,Steam Cloud,Family Sharing","Action,Adventure,Indie","Cartoon,Platformer,2D,Hand-drawn,Indie,Retro,Cartoony,Action,Side Scroller,Singleplayer,Colorful,Atmospheric,Controller,Combat,Adventure,Family Friendly,Old School,2D Platformer,Difficult,Tactical"
Symphony of Souls,"Jun 19, 2023",100000 - 200000,0,0,0.0,0,0,['English'],True,False,False,0,0,92,6,0,0,0,Team Eonian,Team Eonian,Single-player,"Action,Adventure,Casual,Free To Play,Indie","Action-Adventure,Platformer,Rhythm,Stylized,Action,Runner,Adventure,Parkour,3D Platformer,First-Person,3D,Fantasy,Rome,Linear,FPS,Physics,Narration,Artificial Intelligence,Tutorial,Free to Play"
The PenguinGame -Antarctic Savior-,"Mar 23, 2023",0 - 20000,0,0,4.99,0,0,"['English', 'Korean']",True,False,False,0,0,9,6,26,0,0,Reno Games,Reno Games,"Single-player,Family Sharing","Adventure,Indie","Adventure,3D Platformer,Choose Your Own Adventure,Exploration,Third Person,Family Friendly,Comedy,Parody,Indie,Open World,Singleplayer"
Sherlock Holmes: The Awakened (2008),"Aug 6, 2009",200000 - 500000,2,0,0.99,90,0,"['English', 'French', 'German', 'Italian', 'Polish', 'Russian']",True,False,False,72,0,588,209,0,717,339,Frogwares,Frogwares,"Single-player,Family Sharing",Adventure,"Adventure,Lovecraftian,Detective,Point & Click,Mystery,Puzzle,First-Person,Investigation,Horror,Third Person,Singleplayer"
The Crisis Zone,"Jul 18, 2023",0 - 20000,0,0,3.99,0,0,['English'],True,False,False,0,0,2,0,0,0,0,HALVA Studio,HALVA Studio,"Single-player,Full controller support,Family Sharing","Action,Adventure,Indie,Simulation","Exploration,Adventure,Action,Open World,First-Person,Dystopian,Post-apocalyptic,Choose Your Own Adventure,Simulation,Futuristic,Action-Adventure,Sandbox,Atmospheric,Nature,Snow,3D,Alternate History,Minimalist,Stylized,Fantasy"
Fireflies,"Sep 7, 2015",50000 - 100000,0,0,0.55,72,0,['English'],True,False,False,0,0,29,48,0,0,624,Phanom Games,Phanom Games,"Single-player,Steam Trading Cards,Family Sharing","Adventure,Indie","Adventure,Indie,Horror,Puzzle"
Heal Hitler,"Jul 22, 2021",20000 - 50000,0,0,3.34,0,0,"['English', 'Simplified Chinese']",True,False,False,0,0,151,51,19,185,0,Jon Aegis,Jon Aegis,"Single-player,Steam Achievements,Captions available,Family Sharing","Casual,Indie","Casual,Adventure,Visual Novel,Text-Based,Detective,Mystery,Psychological,Conversation,Indie,Singleplayer,Story Rich,Nudity,Dating Sim"
n-body VR,"Oct 11, 2017",0 - 20000,0,0,5.99,0,0,['English'],True,False,False,0,0,1,0,0,0,0,Idellio,Idellio,"Single-player,Tracked Controller Support,VR Only,Family Sharing","Indie,Simulation","Simulation,Indie,Space,Physics,Science,VR"
Demiurge Sacrifice  - Episode One,"Dec 2, 2025",0 - 20000,0,0,7.99,0,0,['English'],True,False,False,0,0,0,0,0,0,0,Vampy Graveyard,Vampy Graveyard,"Single-player,Full controller support,Family Sharing","Adventure,Indie,RPG,Simulation",
Time Titans VR,"Mar 31, 2023",0 - 20000,0,0,19.99,0,0,"['English', 'Spanish - Spain', 'Russian', 'Simplified Chinese']",True,False,False,0,0,0,0,2,0,0,Phocore Inc.,Phocore Inc.,"Single-player,Tracked Controller Support,VR Only,Family Sharing","Action,Adventure",
The Ouroboros Express,"Dec 12, 2024",0 - 0,0,0,0.0,0,0,['English'],True,True,True,0,0,0,0,0,0,0,Small Loan Studio,Small Loan Studio,Single-player,"Casual,Indie,RPG,Free To Play",
USB-BOT,"Jul 24, 2025",0 - 0,0,0,5.39,0,0,"['English', 'Spanish - Latin America']",True,False,False,0,0,0,0,17,0,0,King Kelpo,King Kelpo,"Single-player,Steam Achievements,Custom Volume Controls,Playable without Timed Input,Stereo Sound,Partial Controller Support,Family Sharing","Adventure,Casual,Indie",
Card Collector And Card Girls,"Sep 22, 2023",0 - 20000,0,0,1.99,0,0,"['English', 'French', 'Italian', 'German', 'Spanish - Spain', 'Greek', 'Dutch', 'Norwegian', 'Danish', 'Russian', 'Romanian', 'Vietnamese', 'Bulgarian', 'Swedish', 'Spanish - Latin America', 'Arabic', 'Ukrainian', 'Indonesian', 'Japanese', 'Simplified Chinese', 'Traditional Chinese', 'Czech', 'Thai', 'Turkish', 'Portuguese - Brazil', 'Portuguese - Portugal', 'Polish', 'Finnish', 'Korean', 'Hungarian', 'Galician', 'Gujarati', K'iche', 'Nepali', 'Dari', 'Latvian', 'Luxembourgish', 'Lithuanian', 'Marathi', 'Maori', 'Macedonian', 'Malayalam', 'Malay', 'Maltese', 'Mongolian', 'Basque', 'Valencian', 'Bangla', 'Belarusian', 'Bosnian', 'Serbian', 'Sorani', 'Sotho', 'Swahili', 'Scots', 'Slovak', 'Slovenian', 'Sindhi', 'Sinhala', 'Armenian', 'Assamese', 'Icelandic', 'Irish', 'Azerbaijani', 'Afrikaans', 'Albanian', 'Amharic', 'Estonian', 'Odia', 'Yoruba', 'Urdu', 'Uzbek', 'Welsh', 'Uyghur', 'Wolof', 'Igbo', 'Georgian', 'Zulu', 'Cherokee', 'Tswana', 'Kazakh', 'Catalan', 'Kannada', 'Quechua', 'Xhosa', 'Konkani', 'Croatian', 'Khmer', 'Kinyarwanda', 'Kyrgyz', 'Tamil', 'Tajik', 'Tatar', 'Telugu', 'Turkmen', 'Tigrinya', 'Punjabi (Gurmukhi)', 'Punjabi (Shahmukhi)', 'Persian', 'Filipino', 'Hausa', 'Hebrew', 'Hindi']",True,False,False,0,0,0,0,0,0,0,Pixel,Pixel,"Single-player,Partial Controller Support,Family Sharing","Indie,RPG",
Apocalyptic Playtest,"Jun 16, 2022",0 - 0,0,0,0.0,0,0,[],True,False,False,0,0,0,0,0,0,0,,,,,
Seeds of Friendship,"Mar 16, 2021",0 - 20000,0,0,4.99,50,1,['English'],True,False,False,0,0,6,3,0,0,0,Adam DeLease,Adam DeLease,"Single-player,Steam Achievements,Family Sharing","Casual,Simulation,Early Access","Casual,Life Sim,Open World,Management,Nature,Romance,Building,Crafting,Character Customization,3D,Cute,Third Person,Simulation,Relaxing,Early Access,Colorful,Farming Sim,Singleplayer,Sandbox,Indie"
Evenicle 2 - Clinical Trial Edition,"Aug 17, 2020",0 - 20000,0,0,0.0,0,0,['English'],True,False,False,0,0,0,0,0,0,0,Alicesoft,Alicesoft,Single-player,RPG,
Arrows and Antiquity,"Aug 28, 2025",0 - 20000,0,0,4.99,0,0,"['English', 'Spanish - Spain', 'Simplified Chinese', 'French', 'German', 'Portuguese - Brazil', 'Russian']",True,False,False,0,0,0,0,18,0,0,True Neutral Studios,True Neutral Studios,"Single-player,Steam Achievements,Full controller support,Camera Comfort,Custom Volume Controls,Stereo Sound,Steam Cloud,Steam Leaderboards,Family Sharing","Action,Indie",
Shut Eye,"Sep 30, 2016",50000 - 100000,0,0,2.49,50,0,['English'],True,True,True,0,0,72,55,16,0,235,HUSH Interactive,Forever Entertainment S. A.,"Single-player,Steam Achievements,Full controller support,Steam Trading Cards,Steam Cloud,Family Sharing","Action,Adventure,Casual,Indie","Action,Adventure,Indie,Casual,Horror"
Fire Safety VR Training,"Mar 20, 2022",0 - 20000,0,0,0.0,0,0,"['English', 'Spanish - Spain', 'Italian', 'Bangla', 'Gujarati', 'Malay', 'Punjabi (Gurmukhi)', 'Russian', 'French', 'German', 'Arabic', 'Portuguese - Brazil', 'Vietnamese', 'Korean', 'Turkish', 'Japanese']",True,False,False,0,0,0,0,0,0,0,GVR Training Computer Software,GVR Training Computer Software,"Single-player,Tracked Controller Support,VR Only,In-App Purchases",Simulation,
REPTILE CHRONICLES,"Nov 23, 2023",0 - 0,0,0,0.0,0,0,['English'],True,False,False,0,0,0,0,0,0,0,REPTILE CHRONICLES,REPTILE CHRONICLES,"Multi-player,PvP,Online PvP","Action,Free To Play",
Cat Home,"Nov 12, 2025",0 - 20000,0,0,9.99,0,0,"['English', 'French', 'Italian', 'German', 'Spanish - Spain', 'Russian', 'Turkish', 'Japanese', 'Polish', 'Simplified Chinese', 'Traditional Chinese', 'Portuguese - Brazil', 'Korean']",True,False,False,0,0,0,0,10,0,0,Yaokemon,Yaokemon,"Single-player,Steam Achievements,Steam Cloud,Family Sharing","Casual,Simulation",
Ocean Fishooter,"Dec 9, 2025",0 - 0,0,0,0.0,0,0,"['English', 'Italian', 'Simplified Chinese', 'Portuguese - Brazil', 'Spanish - Latin America']",True,False,False,0,0,0,0,34,0,0,FALA PTE. LTD.,FALA PTE. LTD.,"Single-player,Multi-player,Co-op,Steam Achievements,In-App Purchases","Adventure,Casual,Strategy,Free To Play",
Sweven,"Apr 22, 2017",0 - 20000,0,0,1.99,0,0,['English'],True,True,False,0,0,27,13,6,0,0,CG-Interactive,CG-Interactive,"Single-player,Steam Achievements,Steam Trading Cards,Partial Controller Support,Stats,Family Sharing","Violent,Adventure,Indie","Violent,Indie,Adventure"
Necrosmith 2,"Mar 27, 2024",200000 - 500000,21,0,3.19,60,1,"['English', 'French', 'German', 'Spanish - Spain', 'Portuguese - Brazil', 'Traditional Chinese', 'Simplified Chinese', 'Korean', 'Polish', 'Russian', 'Japanese']",True,True,False,0,0,932,259,38,1194,530,Alawar,Alawar,"Single-player,Steam Achievements,Steam Trading Cards,Partial Controller Support,Steam Cloud,Family Sharing","Adventure,Indie,Simulation,Strategy","Tower Defense,Strategy,Rogue-lite,Bullet Hell,Real-Time,Management,Simulation,Action,Top-Down,Exploration,Dark Fantasy,Pixel Graphics,Zombies,Combat,Vampire,2D,Tactical,Old School,Rogue-like,Magic"
Neko Beach,"Jun 11, 2021",20000 - 50000,0,0,0.49,51,1,"['English', 'French', 'German', 'Spanish - Spain', 'Portuguese - Brazil', 'Spanish - Latin America', 'Traditional Chinese', 'Simplified Chinese', 'Korean', 'Polish', 'Portuguese - Portugal', 'Russian', 'Japanese']",True,False,False,0,0,169,39,39,219,13,Yummy Yummy Studio,Hunny Bunny Studio,"Single-player,Steam Achievements,Steam Trading Cards,Family Sharing","Casual,Indie","Sexual Content,Nudity,Mature,Anime,Puzzle,NSFW,Cute,Hand-drawn,FMV,Cats,Casual,Sailing,2D,Idler,Colorful,Atmospheric,Logic,Underwater,Singleplayer,Nature"
Nonestory P1,"Feb 15, 2021",0 - 20000,0,0,1.99,0,0,"['English', 'Russian']",True,False,False,0,0,2,1,0,0,0,anotherGD,anotherCompany,"Single-player,Family Sharing","Adventure,Indie,RPG","RPG,Adventure,Funny,Choices Matter,Multiple Endings,Story Rich,Exploration,2D,Indie,Relaxing,Pixel Graphics,Singleplayer"
Who's Your Daddy?!,"May 13, 2016",2000000 - 5000000,75,0,3.09,69,1,"['English', 'Simplified Chinese', 'French', 'German', 'Spanish - Spain', 'Danish', 'Polish', 'Portuguese - Portugal', 'Russian', 'Traditional Chinese', 'Ukrainian']",True,True,False,0,0,24318,6091,36,25056,211,Evil Tortilla Games,Evil Tortilla Games,"Multi-player,PvP,Online PvP,Shared/Split Screen PvP,Shared/Split Screen,Cross-Platform Multiplayer,Steam Achievements,Steam Trading Cards,Partial Controller Support,Remote Play Together,Family Sharing","Action,Casual,Indie","Funny,Multiplayer,First-Person,Comedy,Simulation,Online Co-Op,Strategy,Dark Humor,Co-op,Casual,Indie,Split Screen,Action,Early Access,Difficult,Sandbox,Third Person,Survival,Adventure,Singleplayer"
Jetpack Kiwi,"Aug 24, 2023",20000 - 50000,0,0,5.99,0,0,['English'],True,False,False,0,0,2,0,0,0,0,Pitigamedev,Pitigamedev,"Single-player,Multi-player,Co-op,Shared/Split Screen Co-op,Shared/Split Screen,Full controller support,Remote Play Together,Family Sharing","Action,Adventure,Casual","Action,Arcade,Action-Adventure,Shooter,Side Scroller,Bullet Hell,Shoot 'Em Up,2D,Cute,Colorful,Pixel Graphics,Aliens,1990's,Comedy,Jet,Retro,Flight,Vehicular Combat,Controller,Character Customization"
Cirrata Playtest,"May 4, 2025",0 - 0,0,0,0.0,0,0,[],True,False,False,0,0,0,0,0,0,0,,,,,
CESSPOOL,"Oct 28, 2022",0 - 20000,0,0,3.99,0,0,"['English', 'French']",True,False,False,0,0,16,3,52,0,0,Guillaume Tryton Collignon,Radio Cloaque,"Single-player,Full controller support,Family Sharing",RPG,"RPG,CRPG,Turn-Based Tactics,JRPG,2D,Top-Down,Post-apocalyptic,Psychedelic,Surreal,Turn-Based Combat,Controller,Open World,Pixel Graphics,Minimalist,Capitalism,Dystopian,Fantasy,Western,Zombies,Action RPG"
Tasty Planet,"Nov 2, 2017",20000 - 50000,3,0,2.99,50,0,['English'],True,True,False,0,0,287,57,24,394,233,Dingo Games,Dingo Games,"Single-player,Steam Achievements,Partial Controller Support,Steam Leaderboards,Family Sharing","Action,Adventure,Casual,Indie","Casual,Action,Adventure,Indie,Funny,Singleplayer,Villain Protagonist,Strategy,Simulation,Arcade,Sandbox,Cute,2D,Post-apocalyptic,Relaxing,Comedy,Controller,Replay Value,Top-Down Shooter,Addictive"
Farm Under Fire,"Apr 8, 2023",0 - 20000,0,0,0.99,0,0,['English'],True,False,False,0,0,11,0,0,0,0,Furious Production LTD,Furious Production LTD,"Single-player,Multi-player,PvP,Online PvP,Co-op,Online Co-op,Family Sharing","Action,Casual,Indie","Action,Team-Based,PvP,Co-op,Satire,Online Co-Op,Old School,Casual,Multiplayer,Beat 'em up,Shooter,Arena Shooter,Shoot 'Em Up,Third-Person Shooter,3D,Stylized,Colorful,Third Person,Funny,Parody"
Mad Murder's Mystery Pie Shop,"Apr 11, 2022",0 - 20000,0,0,0.99,0,0,['English'],True,False,False,0,0,11,1,3,0,0,Bry Guy Studios,Bry Guy Studios,"Single-player,Steam Achievements,Family Sharing","Action,Adventure,Indie","Action,Adventure,Shooter,FPS,First-Person,Horror,Combat,Indie,Gore,Violent,Singleplayer"
Sin Slayers: Meat & Greed,"Sep 25, 2025",0 - 20000,0,0,1.49,0,0,"['English', 'Russian', 'French', 'Italian', 'German', 'Spanish - Spain', 'Bulgarian', 'Czech', 'Danish', 'Dutch', 'Finnish', 'Greek', 'Hungarian', 'Indonesian', 'Japanese', 'Korean', 'Norwegian', 'Polish', 'Portuguese - Brazil', 'Romanian', 'Simplified Chinese', 'Swedish', 'Thai', 'Traditional Chinese', 'Turkish', 'Ukrainian', 'Vietnamese']",True,False,False,0,0,0,0,50,0,0,Goonswarm Games,Goonswarm Games,"Single-player,Steam Achievements,Custom Volume Controls,Mouse Only Option,Save Anytime,Steam Cloud,Family Sharing","Indie,RPG,Simulation",
District Zero,"Sep 24, 2025",0 - 0,0,0,0.0,0,0,['English'],True,False,False,0,0,0,0,0,0,0,Contrail Productions,Contrail Productions,Single-player,"Action,Indie,Free To Play",
Tomomon Little,"Jul 11, 2025",0 - 20000,0,0,2.24,0,0,"['English', 'Simplified Chinese', 'French', 'German', 'Japanese', 'Traditional Chinese', 'Korean']",True,False,False,0,0,0,0,18,0,0,ManicBuild,ManicBuild,"Single-player,Steam Achievements,Custom Volume Controls,Mouse Only Option,Playable without Timed Input,Save Anytime,Steam Cloud,Family Sharing","Casual,Indie,Simulation,Strategy",
群名兵册 Weapons,"Oct 2, 2025",0 - 0,0,0,13.59,0,0,['Simplified Chinese'],True,False,False,0,0,0,0,0,0,0,CHANG LE,CHANG LE,"Single-player,Full controller support,Custom Volume Controls,Keyboard Only Option,Mouse Only Option,Playable without Timed Input,Save Anytime,Touch Only Option,Steam Cloud,Family Sharing","Adventure,Indie,RPG",
Jazz Age,"Dec 2, 2019",0 - 20000,0,0,2.99,0,0,['English'],True,True,True,0,0,6,5,19,0,0,Heart's Choice,Heart's Choice,"Single-player,Steam Achievements,Steam Cloud,Family Sharing","Adventure,Casual,Indie,RPG","Indie,Adventure,RPG,Casual,Text-Based,Interactive Fiction"
KNIGHT SLAVE -The Dark Valkyrie of Depravity-,"Jul 1, 2021",0 - 20000,0,0,5.59,60,1,"['Japanese', 'English', 'Simplified Chinese']",True,False,False,0,0,12,7,0,0,13,dorgel,WASABI entertainment,"Single-player,Full controller support,Steam Cloud,Family Sharing",RPG,"RPG,Sexual Content,Anime,Cute,Nudity,Female Protagonist,JRPG,Turn-Based Tactics,2D,Singleplayer,Fantasy,RPGMaker,Hentai,Mature,Indie"
Everyone's Happy Place,"Feb 28, 2023",0 - 20000,0,0,8.99,0,0,['English'],True,False,False,0,0,1,0,0,0,0,Robo Jacob,Nicola Rignall,"Single-player,Family Sharing",Simulation,"Collectathon,Tutorial,Life Sim,3D,Third Person,Simulation,Funny,Open World,Singleplayer,Minigames,Casual,Indie,Relaxing,Soundtrack,Adventure,Sandbox,Exploration,Anime,Cartoony,Controller"
Unpossess Playtest,"Nov 8, 2024",0 - 0,0,0,0.0,0,0,[],True,False,False,0,0,0,0,0,0,0,,,,,
TIS-100,"Jul 20, 2015",200000 - 500000,18,0,3.49,50,0,['English'],True,True,True,0,0,3750,126,10,3278,343,Zachtronics,Zachtronics,"Single-player,Steam Achievements,Steam Cloud,Steam Leaderboards,Includes level editor,Family Sharing","Indie,Simulation","Programming,Puzzle,Indie,Simulation,Difficult,Hacking,Logic,Singleplayer,Education,Automation,Psychological Horror,Coding"
Call of Boba,"Mar 10, 2025",0 - 20000,1,0,9.09,30,0,"['English', 'Simplified Chinese']",True,False,False,0,0,103,35,44,115,55,"Tomatoast,Tomatoast",Tomatoast,"Single-player,Full controller support,Family Sharing","Action,Adventure,Casual,Indie,RPG,Simulation,Early Access","Early Access,Casual,Simulation,Cute,Farming Sim,Life Sim,Pixel Graphics,Management,Rogue-lite,RPG,Romance,Fishing,2D,Cooking,Relaxing,Story Rich,Singleplayer,Procedural Generation,Indie,Action"
Universe Sandbox,"Aug 24, 2015",1000000 - 2000000,357,0,20.09,33,0,"['English', 'French', 'Italian', 'German', 'Spanish - Spain', 'Czech', 'Danish', 'Dutch', 'Finnish', 'Hungarian', 'Japanese', 'Korean', 'Norwegian', 'Polish', 'Portuguese - Portugal', 'Russian', 'Swedish', 'Thai', 'Turkish', 'Simplified Chinese', 'Traditional Chinese', 'Bulgarian', 'Greek', 'Romanian', 'Ukrainian', 'Vietnamese', 'Filipino', 'Indonesian']",True,True,False,0,0,26456,992,0,25391,646,Giant Army,Giant Army,"Single-player,Steam Workshop,Adjustable Text Size,Custom Volume Controls,Mouse Only Option,Playable without Timed Input,Save Anytime,Touch Only Option,Partial Controller Support,Steam Cloud,Family Sharing","Casual,Indie,Simulation,Early Access","Sandbox,Space,Simulation,Physics,Science,Destruction,Realistic,God Game,Education,Singleplayer,Early Access,Relaxing,Family Friendly,Open World,Space Sim,Casual,Sci-fi,Indie,Atmospheric,Exploration"
The Haunting of Ptolemy,"Apr 22, 2025",0 - 20000,0,0,3.99,0,0,['English'],True,False,False,0,0,0,0,0,0,0,Lee E. Powell,3 Beams Studio,"Single-player,Family Sharing","Action,Adventure,Indie",
Scoot,"Dec 28, 2020",200000 - 500000,21,0,11.04,0,0,['English'],True,False,False,0,0,1117,125,0,1316,942,Seafront Games,Seafront Games,"Single-player,Multi-player,Co-op,Online Co-op,Full controller support,Family Sharing","Action,Casual,Indie,Simulation,Sports,Early Access","Action,Sports,3D,Realistic,Family Friendly,Relaxing,Physics,Simulation,Early Access,Singleplayer,Indie,Multiplayer"
My Free Farm,"Aug 26, 2019",20000 - 50000,11,0,0.0,0,0,"['English', 'French', 'German', 'Spanish - Spain', 'Bulgarian', 'Dutch', 'Polish', 'Russian', 'Hungarian']",True,False,False,0,0,27,18,0,0,10,upjers,upjers,"Single-player,In-App Purchases","Casual,Simulation,Free To Play","Free to Play,Building,City Builder,Casual,Simulation,Agriculture,Economy,2D,Resource Management,Retro,Puzzle,Open World,Farming Sim,Cute,Relaxing,Crafting,Singleplayer,Colorful,Nature,Clicker"
岛与工厂 Island And Factories,"Apr 19, 2024",0 - 20000,0,0,4.99,50,0,['Simplified Chinese'],True,False,False,0,0,17,7,0,0,0,攀爬者工作室,Gamirror Games,"Single-player,Family Sharing","Indie,Simulation","Simulation,Strategy,Building,Sandbox,Management,Open World,City Builder,Life Sim,Automation,Agriculture,Time Management,Creature Collector,Science,Trading,Base-Building,2D,Modern,Cute,Drama,Singleplayer"
Polaris Sector,"Mar 22, 2016",100000 - 200000,6,0,7.99,80,1,"['English', 'Russian', 'Spanish - Spain']",True,False,False,76,0,325,130,0,406,696,SoftWarWare,Slitherine Ltd.,"Single-player,Family Sharing","Simulation,Strategy","Strategy,Simulation,4X,Space,Real-Time with Pause,Grand Strategy,Real Time Tactics,Resource Management,Real-Time,Singleplayer,Aliens,Replay Value,Tactical,Sci-fi,Wargame,Strategy RPG"
Dungeon Origins,"Jan 23, 2020",0 - 20000,0,0,2.99,0,0,['English'],True,False,False,0,0,17,6,20,0,0,Kraken Ink.,Kraken Ink.,"Single-player,Steam Achievements,Family Sharing","Action,Adventure,Casual,Indie,Strategy","Action,Casual,Strategy,Indie,Adventure,Tower Defense,Pixel Graphics,Base-Building,2D,Singleplayer,Management"
Bone Appetit,"May 8, 2020",0 - 20000,0,0,7.99,0,0,['English'],True,False,False,0,0,62,12,21,0,0,DXF Games,DXF Games,"Single-player,Steam Achievements,Partial Controller Support,Family Sharing",Action,"Action,Pixel Graphics,Metroidvania,Retro,Indie,Adventure"
Hope is in 23,"Oct 20, 2017",0 - 20000,0,0,11.99,0,0,['English'],True,False,False,0,0,1,0,0,0,0,True Legacy Games,True Legacy Games,"Single-player,Partial Controller Support,Family Sharing","Action,Indie,Early Access","Action,Indie,Early Access,Horror,Shooter,Supernatural"
Holiday Jigsaw Easter,"Sep 9, 2021",0 - 20000,0,0,4.99,0,0,"['English', 'French', 'German', 'Russian']",True,False,False,0,0,5,3,0,0,0,Creobit,8floor,"Single-player,Family Sharing",Casual,"Casual,Adventure,Indie,Puzzle,Singleplayer"
Strawberry Chocolate: Miner 8AD 4SS,"Aug 27, 2021",0 - 20000,0,0,0.99,80,0,['English'],True,False,False,0,0,3,1,0,0,0,Critoniuum,Dd Games,"Single-player,Partial Controller Support,Family Sharing","Action,Adventure,Casual,Indie,RPG","Action,Adventure,Casual,Indie,RPG,RPGMaker,Action-Adventure,Arcade,Comedy,Retro,Female Protagonist,Singleplayer,Cute,Crafting,Space,Resource Management,Action RPG,1990's,Exploration,Survival"
Snow White Solitaire. Legacy of Dwarves,"Apr 20, 2018",0 - 20000,0,0,1.79,0,0,"['English', 'German', 'French', 'Italian', 'Spanish - Spain', 'Spanish - Latin America', 'Dutch', 'Russian']",True,True,False,0,0,13,10,14,0,0,DigiMight,DigiMight,"Single-player,Steam Achievements,Family Sharing","Adventure,Casual,Indie","Indie,Casual,Adventure,Card Game,Solitaire,Singleplayer,Relaxing,Fantasy,Addictive,Deckbuilding"
Failed Adventurer,"Jul 24, 2021",0 - 20000,0,0,4.99,0,0,"['Traditional Chinese', 'English', 'Simplified Chinese', 'Korean']",True,False,False,0,0,0,0,4,225,54,Srloop,"Srloop,Lewd Formosa","Single-player,Family Sharing","Adventure,Casual,Indie,RPG,Strategy",
Butchers Don't Surf!,"Jun 1, 2023",0 - 20000,0,0,14.99,0,0,"['English', 'Spanish - Spain', 'Portuguese - Brazil', 'Simplified Chinese', 'Japanese', 'Korean', 'French', 'German', 'Russian']",True,False,False,0,0,7,1,21,0,0,Ike,Ike,"Single-player,Steam Achievements,Full controller support,Family Sharing","Action,Adventure,Casual,Indie","2D Platformer,3D Platformer,Platformer,Action-Adventure,3D,Action,Colorful,Comedy,Physics,Adventure,Aliens,Singleplayer,Indie,Casual"
Oil Wars,"Mar 21, 2020",0 - 20000,0,0,0.0,0,1,['English'],True,False,False,0,0,26,8,10,0,0,Oil Wars Team,Free Initiative Games,"Single-player,Multi-player,PvP,LAN PvP,Steam Achievements,Includes level editor","Free To Play,Simulation,Strategy","Free to Play,Strategy,Simulation,Adventure,Casual,Real Time Tactics,Early Access"
Super Smash Asteroids,"Apr 10, 2023",0 - 20000,0,0,4.99,0,0,['English'],True,False,False,0,0,5,0,39,0,0,Switchback,Switchback,"Single-player,Steam Achievements,Full controller support,Family Sharing","Action,Indie,Early Access","Action,Arcade,Rogue-like,Action Roguelike,Shoot 'Em Up,Top-Down Shooter,Twin Stick Shooter,2D,Pixel Graphics,Top-Down,1990's,Retro,Sci-fi,Bullet Time,Choices Matter,Combat,Score Attack,Singleplayer,Early Access,Indie"
Relentless Expanse,"Jan 14, 2025",20000 - 50000,0,0,0.0,0,0,['English'],True,False,False,0,0,70,7,37,0,0,Cowmera Games,Cowmera Games,"Single-player,Multi-player,PvP,Online PvP","Indie,Strategy,Free To Play,Early Access","Strategy,RTS,Multiplayer,Sci-fi,Space,Grand Strategy,Real Time Tactics,PvP,2D,Top-Down,Diplomacy,Economy,Futuristic,Tactical,War,Trading,PvE,Singleplayer,Management,Early Access"
Millennium 2 - Take Me Higher,"Jul 10, 2014",20000 - 50000,0,0,0.99,0,1,['English'],True,False,False,0,0,59,19,32,0,331,Aldorlea Games,Aldorlea Games,"Single-player,Steam Achievements,Full controller support,Steam Trading Cards,Steam Cloud,Family Sharing","Adventure,Casual,Indie,RPG","RPG,Indie,Female Protagonist,RPGMaker,Adventure,Casual,JRPG,Story Rich,Exploration,Episodic,Great Soundtrack,Replay Value,Fantasy,Singleplayer,Funny,Turn-Based"
Alchemist Tris's Desire,"Oct 26, 2022",0 - 20000,1,0,13.29,0,0,"['Simplified Chinese', 'English']",True,False,False,0,0,0,0,0,0,0,kagurado,Dieselmine,"Single-player,Family Sharing","Adventure,RPG",
Fight Crab 2,"Feb 13, 2024",200000 - 500000,1,0,10.49,30,0,"['Japanese', 'English', 'Simplified Chinese', 'Traditional Chinese']",True,False,False,0,0,130,7,0,113,29,Calappa Games,PLAYISM,"Single-player,Multi-player,PvP,Online PvP,Shared/Split Screen PvP,Co-op,Online Co-op,Shared/Split Screen Co-op,Shared/Split Screen,Partial Controller Support,Steam Cloud,Remote Play Together,Family Sharing","Action,Indie,Sports,Early Access","Early Access,PvP,Comedy,Sports,Spectacle fighter,3D,Surreal,Third-Person Shooter,Arcade,e-sports,3D Fighter,Third Person,Underwater,Realistic,Funny,Action,Moddable,Physics,Combat,Co-op"
Content Creator's Internet Adventure Playtest,"Jan 30, 2023",0 - 0,0,0,0.0,0,0,[],True,False,False,0,0,0,0,0,0,0,,,,,
New adventures of Robercleiton The Turbo Rebirth Complete and Remande Edition,"Nov 20, 2025",0 - 20000,0,0,7.99,20,0,"['English', 'Spanish - Latin America', 'Portuguese - Brazil', 'Spanish - Spain']",True,False,False,0,0,0,0,0,0,0,Rafael Mori Neiva,Roberamigos,"Single-player,Keyboard Only Option,Steam Cloud,Family Sharing",RPG,
Bit Odyssey,"Jan 20, 2015",0 - 20000,0,0,0.99,80,0,['English'],True,False,False,0,0,18,24,0,0,0,Gamesare,Clickteam,"Single-player,Steam Achievements,Full controller support,Steam Leaderboards,Family Sharing","Action,Adventure,Indie,RPG,Early Access","Indie,Adventure,RPG,Action,Early Access"
Racing Glider,"Feb 27, 2020",0 - 20000,0,0,2.79,0,0,['English'],True,False,False,0,0,37,14,0,0,0,Mystik'art,Mystik'art,"Single-player,Full controller support,Family Sharing","Casual,Indie,Racing,Sports","Racing,Indie,Sports,Casual,Physics,Early Access"
Rorys Restaurant Origins,"Jan 26, 2022",0 - 20000,0,0,5.99,0,0,['English'],True,False,False,0,0,6,2,0,0,0,MadData Games,HH-Games,"Single-player,Family Sharing","Casual,Strategy","Casual,Strategy,Match 3,Arcade,Singleplayer"
Rilla Shotgun,"Aug 31, 2023",0 - 20000,0,0,7.99,0,0,['English'],True,False,False,0,0,16,2,0,0,0,Burnt Tomato Studio,Burnt Tomato Studio,"Single-player,Tracked Controller Support,VR Only,Family Sharing","Action,Indie,Early Access","Early Access,VR,Shooter,Pixel Graphics,Parkour,Bullet Time,Bullet Hell,Demons,Physics,Time Manipulation,Action,Retro,Medieval,Dark Fantasy,Lovecraftian,Atmospheric,Colorful,Hero Shooter,Shoot 'Em Up,6DOF"
Bobok,"Nov 11, 2021",0 - 20000,0,0,2.89,42,0,"['English', 'Russian']",True,True,True,0,0,89,4,3,0,0,Secta,Secta,"Single-player,Steam Achievements,Steam Workshop,Custom Volume Controls,Mouse Only Option,Narrated Game Menus,Playable without Timed Input,Save Anytime,Touch Only Option,Steam Cloud,Family Sharing","Adventure,Casual,Indie","Visual Novel,Based On A Novel,Psychological Horror,Dark Humor,Dark Comedy,Horror,Satire,Story Rich,Interactive Fiction,Narration,Short,Linear,Indie,Text-Based,2D,Point & Click,Singleplayer,Conversation,Hand-drawn,Casual"
Oreborn Playtest,"Sep 25, 2025",0 - 0,0,0,0.0,0,0,[],True,False,False,0,0,0,0,0,0,0,,,,,
Sex Game - Naughty Girls - Episode 9,"Oct 31, 2025",0 - 20000,0,0,4.99,0,0,['English'],True,True,True,0,0,0,0,2,0,0,EroticGamesClub,EroticGamesClub,"Single-player,Steam Achievements,Steam Leaderboards,Family Sharing","Adventure,Casual,Simulation",
Interactive Sex - BDSM,"Dec 16, 2024",0 - 20000,0,0,1.24,75,0,['English'],True,True,True,0,0,0,0,2,0,0,EroticGamesClub,EroticGamesClub,"Single-player,Steam Achievements,Steam Leaderboards,Family Sharing","Casual,Indie,Simulation",
Dune Strider,"Jun 21, 2022",0 - 0,0,0,0.0,0,0,['English'],True,False,False,0,0,0,0,9,0,0,Dust Bunnies,Breda University of Applied Sciences,"Single-player,Full controller support","Adventure,Strategy",
Go Duck Yourself Playtest,"Dec 3, 2023",0 - 0,0,0,0.0,0,0,[],True,False,False,0,0,0,0,0,0,0,,,,,
Highway Madness,"Feb 1, 2018",50000 - 100000,0,0,0.0,0,0,['English'],True,False,False,0,0,33,14,0,0,24,Game Cooks,Game Cooks,"Single-player,Multi-player,Tracked Controller Support,VR Only","Casual,Free To Play,Early Access","Free to Play,Casual,Early Access,VR,Multiplayer"
RitualSummon,"May 17, 2022",0 - 20000,2,0,5.49,50,0,"['English', 'Japanese', 'Simplified Chinese']",True,False,False,0,0,0,0,0,246,83,WhitePeach,WhitePeach,"Single-player,Family Sharing","Action,Adventure,Indie,RPG",
Undead World Order,"Sep 25, 2025",0 - 0,0,0,0.49,0,0,['English'],True,False,False,0,0,0,0,0,0,0,MFG Studio,MFG Studio,"Single-player,Custom Volume Controls,Playable without Timed Input,Family Sharing","Action,Casual,Indie",
Lucidity™,"Oct 7, 2009",20000 - 50000,0,0,2.99,50,0,"['English', 'French', 'German']",True,False,False,59,0,45,20,12,0,27,LucasArts,"LucasArts,Lucasfilm,Disney","Single-player,Steam Achievements,Partial Controller Support,Steam Leaderboards,Family Sharing",Casual,"Casual,Platformer,Puzzle,Female Protagonist,Indie"
Bomb Royale,"Dec 2, 2024",20000 - 50000,0,0,0.49,0,0,"['English', 'Turkish']",True,False,False,0,0,100,62,17,119,0,Onur Doğan,Onur Doğan,"Single-player,Multi-player,PvP,Online PvP,Co-op,Online Co-op,Steam Achievements,Steam Trading Cards,Family Sharing","Casual,Indie,Strategy","Casual,Indie,Strategy,Arcade,3D Platformer,Trading Card Game,Early Access,3D,3D Vision,Top-Down,Third Person,Comic Book,PvP,Co-op,Singleplayer,Online Co-Op,Multiplayer,4 Player Local,Local Co-Op,Local Multiplayer"
Bear Haven Nights 2,"Mar 22, 2021",0 - 20000,0,0,2.39,70,0,"['English', 'Russian']",True,True,True,0,0,11,0,0,0,0,SunRay Games,SunRay Games,"Single-player,Family Sharing","Action,Indie,Simulation","Horror,Singleplayer,Survival Horror,Psychological Horror,Difficult,Survival,Point & Click,Time Management,Life Sim,Action-Adventure,Atmospheric,Story Rich,Strategy,2.5D,Funny,Simulation,Time Manipulation,Action,Stylized,Colorful"
Neko Puzzle,"Jul 26, 2021",0 - 20000,0,0,0.99,0,0,"['English', 'French', 'Italian', 'German', 'Spanish - Spain', 'Arabic', 'Bulgarian', 'Portuguese - Brazil', 'Hungarian', 'Vietnamese', 'Greek', 'Danish', 'Spanish - Latin America', 'Traditional Chinese', 'Simplified Chinese', 'Korean', 'Dutch', 'Norwegian', 'Polish', 'Portuguese - Portugal', 'Romanian', 'Russian', 'Thai', 'Turkish', 'Ukrainian', 'Finnish', 'Czech', 'Swedish', 'Japanese']",True,False,False,0,0,0,0,11,0,0,Horny69Team,Horny69Team,"Single-player,Steam Achievements,Family Sharing",Indie,
Chronicles of the Witches and Warlocks,"Nov 18, 2015",0 - 0,0,0,4.49,0,0,"['English', 'Russian']",True,False,False,0,0,0,0,13,163,0,8Floor,8Floor,"Single-player,Steam Achievements,Steam Trading Cards,Family Sharing","Adventure,Casual",
TheWraithTrails,"Apr 3, 2018",0 - 20000,0,0,1.31,88,0,['English'],True,False,False,0,0,4,14,0,0,0,wraithgames,wraithgames,"Single-player,Family Sharing","Adventure,Casual,Indie","Adventure,Indie,Casual"
Splasher,"Feb 7, 2017",50000 - 100000,4,0,1.49,90,1,"['English', 'French', 'Italian', 'German', 'Spanish - Spain', 'Portuguese - Brazil', 'Russian', 'Simplified Chinese', 'Japanese']",True,True,True,79,0,1038,81,47,580,217,Splashteam,Dear Villagers,"Single-player,Steam Achievements,Full controller support,Steam Cloud,Steam Leaderboards,Remote Play on TV,Family Sharing","Action,Indie","Indie,Action,Platformer,Controller,Cartoon,2D,Difficult,Singleplayer,Great Soundtrack,Funny,Precision Platformer,2D Platformer"
Let's Go Nuts! 2,"Mar 3, 2025",0 - 20000,0,0,0.69,0,0,['English'],True,False,False,0,0,1,1,22,0,0,Raccoons Studio,astragon Entertainment,"Single-player,Full controller support,Family Sharing","Action,Casual","Runner,2D Platformer,Cute,Collectathon,2D,Parkour,Platformer,Relaxing,Colorful,Family Friendly,Arcade,2.5D,Funny,Controller,Casual,Linear,Singleplayer,Action,Adventure,Puzzle-Platformer"
Builder Simulator Playtest,"Mar 23, 2022",0 - 0,0,0,0.0,0,0,[],True,False,False,0,0,0,0,0,0,0,,,,,
Kings and Catapults,"Sep 12, 2022",50000 - 100000,0,0,3.99,20,0,['English'],True,False,False,0,0,2,0,0,0,0,Kings and Catapults,Kings and Catapults,"Single-player,Multi-player,PvP,Shared/Split Screen PvP,Shared/Split Screen,Remote Play Together,Family Sharing","Adventure,Indie,Strategy","Adventure,Strategy,Arcade,Board Game,Turn-Based Strategy,Hack and Slash,2D,Colorful,Dragons,Medieval,Mythology,Swordplay,PvP,Grid-Based Movement,Turn-Based Combat,Turn-Based Tactics,Singleplayer,Local Multiplayer,Fantasy,Indie"
Nomad Fleet,"Apr 19, 2016",20000 - 50000,0,0,0.79,0,0,"['English', 'Spanish - Spain']",True,True,True,0,0,140,69,15,197,139,Autarca,Autarca,"Single-player,Steam Achievements,Steam Trading Cards,Family Sharing","Indie,Strategy","Strategy,Indie,Space,Sci-fi,RTS,Real-Time,Singleplayer,Replay Value,Atmospheric,Rogue-lite"
Grim Facade: The Artist and The Pretender Collector's Edition,"Oct 17, 2018",0 - 20000,0,0,4.99,0,0,['English'],True,False,False,0,0,3,1,0,0,0,AMAX Interactive,BFG Entertainment,"Single-player,Family Sharing","Adventure,Casual","Adventure,Casual,Hidden Object"
Daycare Descent,"Jul 16, 2023",0 - 0,0,0,0.0,0,0,['English'],True,False,False,0,0,0,0,0,0,0,"Isaiah Rivera,Josh Cole,Peter Ouzts,Zach Peterson,Brandon Mann",Neumont College of Computer Science,"Single-player,Multi-player,Co-op,Online Co-op","Action,Free To Play,Early Access",
Builder Simulator,"Jun 9, 2022",100000 - 200000,37,0,3.99,80,0,"['English', 'Polish', 'French', 'Italian', 'German', 'Spanish - Spain', 'Simplified Chinese', 'Japanese', 'Portuguese - Portugal', 'Russian', 'Turkish']",True,False,False,0,0,1422,514,58,1449,316,"Live Motion Games,Frozen Way","Live Motion Games,Frozen Way,Frozen District","Single-player,Steam Achievements,Steam Workshop,Partial Controller Support,Family Sharing","Adventure,Casual,Indie,Simulation","Simulation,Building,Singleplayer,Design & Illustration,Sandbox,Education,Relaxing,Replay Value,Immersive Sim,Family Friendly,Economy,Management,First-Person,Base-Building,3D,Realistic,Indie,Destruction,Controller,Adventure"
Powder Runners: Maze Quest,"Feb 22, 2025",0 - 20000,0,0,1.79,0,2,"['English', 'Portuguese - Brazil', 'French', 'Italian', 'German', 'Spanish - Spain', 'Traditional Chinese', 'Korean', 'Japanese']",True,False,False,0,0,0,0,0,0,0,Clovek Games,Clovek Games,"Single-player,Multi-player,PvP,Online PvP,Co-op,Online Co-op,Partial Controller Support,Family Sharing","Action,Adventure,Indie,Early Access",
RagDoll MadDoll,"Oct 19, 2020",0 - 20000,0,0,4.99,0,0,['English'],True,True,True,0,0,1,1,0,0,0,Team Booky,Dystopian Edge Publishing,"Single-player,Family Sharing","Action,Adventure,Casual,Indie,Simulation,Sports,Strategy","Action,Adventure,Casual,Simulation,Sports,Strategy,Arcade,Board Game,Exploration,Pinball,Platformer,3D Platformer,Point & Click,Collectathon,Puzzle-Platformer,Side Scroller,2D,3D,Isometric,Stylized"
SokoMelody,"Dec 18, 2022",0 - 20000,0,0,0.99,0,0,['English'],True,True,False,0,0,14,1,93,0,0,XD Games Studio,XD Games Studio,"Single-player,Steam Achievements,Full controller support,Steam Cloud,Family Sharing",Casual,"Sokoban,Music,Casual,Relaxing,Pixel Graphics,Puzzle,2D,Top-Down,Controller,Linear,Colorful,Logic,Retro,Singleplayer,Grid-Based Movement"
Leon's crusade (La cruzada de León),"Aug 11, 2017",0 - 20000,0,0,0.99,0,1,"['English', 'Spanish - Spain']",True,True,True,0,0,6,7,0,0,0,Molosoft,Molosoft,"Single-player,Full controller support,Steam Cloud,Family Sharing","Action,Adventure,Indie","Action,Adventure,Indie,Horror,Exploration,Metroidvania"
Run4YourLight,"Jun 14, 2022",0 - 20000,0,0,3.99,0,0,['English'],True,False,False,0,0,2,0,0,0,0,Styles Studio,Styles Studio,"Multi-player,PvP,Shared/Split Screen PvP,Shared/Split Screen,Remote Play Together,Family Sharing","Action,Casual,Indie,Early Access","Early Access,Spectacle fighter,Local Multiplayer,Family Friendly,Action,Mystery,Colorful,Casual,Physics,Relaxing,PvP,PvE,Magic,Mythology,3D,Top-Down,Combat,Arcade,Quick-Time Events,Survival"
Flesh Made Fear,"Oct 31, 2025",0 - 20000,0,0,14.39,20,4,['English'],True,False,False,0,0,0,0,26,156,180,Tainted Pact,Assemble Entertainment,"Single-player,Steam Achievements,Custom Volume Controls,Adjustable Difficulty,Stereo Sound,Surround Sound,Partial Controller Support,Steam Cloud,Family Sharing","Action,Indie",
Fantasy Mosaics 22: Summer Vacation,"Mar 5, 2018",0 - 20000,0,0,2.09,70,0,['English'],True,False,False,0,0,5,0,0,0,0,Andy Jurko,Andy Jurko,"Single-player,Family Sharing","Casual,Indie,Strategy","Casual,Strategy,Indie"
ANIME STANDING,"Jul 14, 2020",50000 - 100000,0,0,0.49,51,3,['English'],True,False,False,0,0,1472,207,100,1417,51,Konnichiwa Games,Konnichiwa Games,"Single-player,Steam Achievements,Full controller support,Family Sharing","Action,Adventure","Action,Anime,Adventure,Walking Simulator,Memes,Third Person,Open World,Singleplayer,Story Rich,Post-apocalyptic,Psychological Horror,Exploration,Parody,Sci-fi,Atmospheric,Simulation,Cinematic,Inventory Management,Sexual Content,Female Protagonist"
Sky Hunter,"Nov 9, 2017",0 - 20000,0,0,10.99,0,2,"['English', 'French', 'Italian', 'German', 'Spanish - Spain', 'Russian', 'Turkish', 'Japanese', 'Simplified Chinese', 'Traditional Chinese', 'Portuguese - Brazil', 'Korean']",True,False,False,0,0,16,23,103,0,0,Codex7,Codex7,"Multi-player,PvP,Online PvP,Co-op,Online Co-op,Cross-Platform Multiplayer,Steam Achievements,Full controller support,Steam Trading Cards,Steam Workshop,Family Sharing","Action,Massively Multiplayer","Action,Massively Multiplayer,Shooter,Flight,Co-op,Multiplayer,War,Online Co-Op,Competitive,PvP,Third-Person Shooter,Military,MOBA"
Red Death: 8Feet,"Aug 5, 2019",0 - 20000,0,0,2.99,0,0,['English'],True,False,False,0,0,3,0,23,0,0,"Vg,White Pig",Vg,"Single-player,Steam Achievements,Family Sharing","Action,Indie,RPG,Early Access","Early Access,Action,Indie,RPG"
PRiO,"Mar 18, 2016",0 - 20000,0,0,5.99,0,0,['English'],True,False,False,0,0,27,2,9,0,3,DanielDavisGames,DanielDavisGames,"Single-player,Steam Achievements,Full controller support,Includes level editor,Family Sharing","Action,Adventure,Indie","Action,Indie,Adventure,Platformer"
Cave Explorers,"Oct 8, 2021",0 - 20000,0,0,1.99,0,0,"['English', 'Italian', 'Japanese', 'Korean', 'Simplified Chinese', 'German', 'Spanish - Spain', 'French', 'Traditional Chinese']",True,False,False,0,0,1,1,7,0,0,MarkV,MarkV,"Single-player,Steam Achievements,Family Sharing","Adventure,Indie","Adventure,Puzzle,Exploration,Investigation,Realistic,Logic,First-Person,Singleplayer,Quick-Time Events,3D,Indie,Colorful,Alternate History,Underground,Linear,Cinematic"
0Gravity,"Jul 26, 2019",0 - 20000,0,0,0.0,0,0,['English'],True,False,False,0,0,14,7,0,0,0,Viktor Kunshin,KvaKoon Team,"Multi-player,PvP,Shared/Split Screen PvP,Shared/Split Screen,Partial Controller Support,Remote Play Together","Action,Casual,Indie,Massively Multiplayer,Free To Play,Early Access","Indie,Early Access,Casual,Action,Violent,Gore,Free to Play,Massively Multiplayer,Platformer,Local Multiplayer,4 Player Local,Controller,Difficult,Retro,Pixel Graphics,2D,Multiplayer,Arcade,Space,Fighting"
Burnout™ Paradise Remastered,"Jun 4, 2020",500000 - 1000000,33,0,4.99,75,0,"['English', 'French', 'Spanish - Spain', 'German', 'Japanese', 'Polish', 'Russian']",True,False,False,0,0,4592,2795,56,6702,539,"Stellar Entertainment,Criterion Games",Electronic Arts,"Single-player,Multi-player,PvP,Online PvP,Co-op,Online Co-op,Steam Achievements,Full controller support,Steam Trading Cards","Action,Adventure,Racing","Racing,Action,Multiplayer,Arcade,Adventure,Driving,Automobile Sim,Destruction,Third Person,Co-op,Open World,Singleplayer,First-Person,Combat Racing,Remake,Great Soundtrack"
How to Build a Magnificent Kingdom,"Aug 26, 2022",0 - 20000,4,0,17.49,0,0,"['English', 'Japanese', 'Simplified Chinese']",True,False,False,0,0,310,73,0,369,867,Irisfield,Kagura Games,"Single-player,Steam Cloud,Family Sharing","Indie,RPG,Strategy","Strategy,RPG,Indie,Sexual Content,Anime,Nudity,Hentai,Simulation,Multiple Endings,JRPG,Adventure,Mature,Memes,NSFW,Visual Novel,Female Protagonist"
Breaking Fast,"Jun 8, 2017",0 - 20000,0,0,9.99,0,0,"['English', 'French', 'Italian', 'German', 'Spanish - Spain', 'Traditional Chinese', 'Korean', 'Japanese', 'Portuguese - Brazil', 'Russian']",True,True,True,0,0,34,6,35,0,323,Tale Studios,Tale Studios,"Single-player,Multi-player,PvP,Online PvP,Shared/Split Screen PvP,Shared/Split Screen,Cross-Platform Multiplayer,Steam Achievements,Full controller support,Steam Trading Cards,Steam Cloud,Remote Play Together,Family Sharing","Action,Casual,Indie,Racing","Racing,Indie,Action,Casual,Cute,Controller,Fighting"
Kingdom of Cards,"Sep 22, 2025",0 - 20000,3,0,8.39,30,0,"['English', 'Simplified Chinese', 'Traditional Chinese', 'German', 'Portuguese - Brazil', 'Spanish - Latin America', 'Japanese']",True,False,False,0,0,63,14,46,0,83,Rubber Duck Games,Gamirror Games,"Single-player,Steam Achievements,Steam Trading Cards,Steam Cloud,Family Sharing","Casual,Indie,RPG,Strategy","Strategy,RPG,Card Game,Board Game,Strategy RPG,Rogue-like,Rogue-lite,2D,Top-Down,Early Access,Pixel Graphics,Indie,Casual,Management,Tabletop,Resource Management,Singleplayer"
Demon Knives Playtest,"Nov 14, 2024",0 - 0,0,0,0.0,0,0,[],True,False,False,0,0,0,0,0,0,0,,,,,
Animal Coloring Books for Kids & Toddlers - Dinosaurs,"Nov 11, 2025",0 - 0,0,0,4.49,0,0,"['English', 'French', 'Italian', 'German', 'Spanish - Spain', 'Arabic', 'Bulgarian', 'Czech', 'Danish', 'Dutch', 'Finnish', 'Greek', 'Hungarian', 'Indonesian', 'Japanese', 'Korean', 'Norwegian', 'Polish', 'Portuguese - Brazil', 'Portuguese - Portugal', 'Romanian', 'Russian', 'Simplified Chinese', 'Spanish - Latin America', 'Swedish', 'Thai', 'Traditional Chinese', 'Turkish', 'Ukrainian', 'Vietnamese', 'Afrikaans', 'Albanian', 'Amharic', 'Armenian', 'Assamese', 'Azerbaijani', 'Bangla', 'Basque', 'Belarusian', 'Bosnian', 'Catalan', 'Cherokee', 'Croatian', 'Dari', 'Estonian', 'Filipino', 'Galician', 'Georgian', 'Gujarati', 'Hausa', 'Hebrew', 'Hindi', 'Icelandic', 'Igbo', 'Irish', K'iche', 'Kannada', 'Kazakh', 'Khmer', 'Kinyarwanda', 'Konkani', 'Kyrgyz', 'Latvian', 'Lithuanian', 'Luxembourgish', 'Macedonian', 'Malay', 'Malayalam', 'Maltese', 'Maori', 'Marathi', 'Mongolian', 'Nepali', 'Odia', 'Persian', 'Punjabi (Gurmukhi)', 'Punjabi (Shahmukhi)', 'Quechua', 'Scots', 'Serbian', 'Sindhi', 'Sinhala', 'Slovak', 'Slovenian', 'Sorani', 'Sotho', 'Swahili', 'Tajik', 'Tamil', 'Tatar', 'Telugu', 'Tigrinya', 'Tswana', 'Turkmen', 'Urdu', 'Uyghur', 'Uzbek', 'Valencian', 'Welsh', 'Wolof', 'Xhosa', 'Yoruba', 'Zulu']",True,False,False,0,0,0,0,0,0,0,McPeppergames,McPeppergames,"Single-player,Family Sharing","Casual,Indie,Simulation",
Incursion Red River,"Apr 10, 2024",100000 - 200000,52,0,15.19,20,1,['English'],True,False,False,0,0,3900,1317,0,6147,722,Games Of Tomorrow GmbH,Games Of Tomorrow GmbH,"Single-player,Multi-player,Co-op,Online Co-op,Family Sharing","Action,Early Access","Extraction Shooter,Realistic,FPS,Shooter,Action,PvE,Tactical,Military,Co-op,Singleplayer,Looter Shooter,Early Access,3D,Dark,Combat,Multiplayer,First-Person,Controller,Gun Customization,PvP"
Steam: Rails to Riches,"Mar 25, 2017",0 - 20000,0,0,4.49,55,5,"['English', 'French', 'Italian', 'German', 'Spanish - Spain', 'Traditional Chinese', 'Simplified Chinese', 'Dutch', 'Japanese', 'Korean', 'Polish', 'Portuguese - Portugal']",True,True,True,0,0,92,24,0,110,60,Acram Digital,Acram Digital,"Single-player,Multi-player,PvP,Online PvP,Shared/Split Screen PvP,Shared/Split Screen,Cross-Platform Multiplayer,Steam Trading Cards,Remote Play Together,Family Sharing","Casual,Indie,Strategy","Strategy,Board Game,Casual,Indie,Hex Grid,Trains,4 Player Local,Turn-Based,Multiplayer,Singleplayer,Turn-Based Strategy,Family Friendly,Asynchronous Multiplayer,Local Multiplayer,Touch-Friendly,Short,Colorful,Relaxing,2D,Simulation"
Coloring Pixel - Fantasy Characters,"Sep 25, 2021",0 - 20000,0,0,0.55,0,0,['English'],True,False,False,0,0,4,0,0,0,0,Boogygames Studios,Boogygames Studios,"Single-player,Family Sharing","Adventure,Casual,Indie,RPG,Simulation,Sports,Strategy","Pixel Graphics,Relaxing,Fantasy,Action,Board Game,Adventure,Tabletop,Minimalist,Casual,Puzzle,RPG,Retro,Simulation,Sports,Strategy,Design & Illustration,Point & Click,2D,Singleplayer,Indie"
Synced Warriors,"Jan 17, 2018",20000 - 50000,0,0,1.99,0,0,['English'],True,False,False,0,0,1,0,0,0,0,Zack Garrett,TallShrimp,"Single-player,Includes level editor,Family Sharing","Casual,Indie,Strategy","Strategy,Indie,Casual"
Cope Island: Adrift,"Apr 30, 2019",0 - 20000,0,0,1.74,65,0,['English'],True,False,False,0,0,6,0,9,0,0,zDS,zDS,"Single-player,Steam Achievements,Family Sharing",RPG,"RPG,RPGMaker"
Cubicus,"Sep 23, 2021",0 - 20000,0,0,0.79,60,0,"['English', 'Russian']",True,False,False,0,0,2,3,0,0,0,Louie Inc,Louie Inc,"Single-player,Family Sharing","Casual,Indie","Casual,Arcade,Puzzle,Puzzle-Platformer,3D,Atmospheric,Physics,Indie,Singleplayer"
Hyperhell,"Apr 21, 2023",0 - 0,0,0,0.0,0,0,['English'],True,False,False,0,0,0,0,9,0,0,Diency games,Diency games,Single-player,"Action,Adventure,Free To Play,Indie",
Ordnance Inc - An Explosive VR Throwing Game,"Jan 1, 2025",0 - 20000,0,0,4.99,50,0,['English'],True,False,False,0,0,1,0,58,0,0,Danny Mather,Danny Mather,"Single-player,Steam Achievements,Tracked Controller Support,VR Only,VR Support,Family Sharing","Action,Casual,Indie","Action,VR,Singleplayer,Physics,Arcade,Funny,3D,Cartoony,3D Platformer,Puzzle-Platformer,First-Person,Stylized,Capitalism,Logic,Casual,Choices Matter,Puzzle,3D Vision,Immersive,Indie"
Neon Fuga,"Feb 23, 2024",0 - 20000,0,0,0.59,0,0,"['English', 'Russian']",True,False,False,0,0,0,0,0,0,0,Abyss in Stars,Abyss in Stars,"Single-player,Family Sharing",Action,
Arcana: Heat and Cold. Season 2,"Oct 13, 2021",0 - 20000,0,0,3.49,30,0,"['English', 'Russian', 'Polish']",True,False,True,0,0,0,0,18,105,348,"PixelGreeds,HarDDeer",PixelGreeds,"Single-player,Steam Achievements,Steam Trading Cards,Steam Cloud,Family Sharing","Adventure,Casual",
Striker Manager 3 - Online Football Manager,"May 23, 2024",0 - 0,0,0,0.0,0,0,"['English', 'French', 'Italian', 'German', 'Spanish - Spain', 'Portuguese - Portugal', 'Turkish', 'Arabic', 'Traditional Chinese']",True,False,False,0,0,0,0,5,0,0,UPLAY Online,UPLAY Online,"Multi-player,MMO,PvP,Online PvP,Cross-Platform Multiplayer,Steam Achievements,In-App Purchases","Massively Multiplayer,Simulation,Sports,Strategy",
ZIC – Zombies in City,"May 23, 2019",0 - 20000,0,0,1.49,70,0,"['English', 'Russian']",True,False,False,0,0,82,10,74,111,0,Megame LLC,Megame LLC,"Single-player,Multi-player,Co-op,Online Co-op,Steam Achievements,Steam Cloud,Family Sharing","Action,Indie","Shooter,Multiplayer,FPS,Action,Zombies,Co-op Campaign,Online Co-Op,Co-op,First-Person,Adventure,Post-apocalyptic,Voxel,Action-Adventure,Story Rich,Violent,Survival,Horror,Indie,Singleplayer,Blood"
December 24th Playtest,"Nov 30, 2021",0 - 0,0,0,0.0,0,0,[],True,False,False,0,0,0,0,0,0,0,,,,,
Intense! Miyu-chan and Teacher's Rock-Paper-Scissors battle!,"Sep 13, 2024",0 - 20000,0,0,3.19,20,0,"['Japanese', 'English', 'Simplified Chinese', 'Traditional Chinese']",True,False,False,0,0,21,2,0,0,0,ぽんこん堂,"072 Project,072 News","Single-player,Steam Cloud,Family Sharing","Casual,Indie,RPG,Strategy","Casual,Strategy,RPG,Turn-Based Strategy,Turn-Based Tactics,Cartoony,Cute,Anime,Comic Book,Indie,Funny,Turn-Based Combat,Singleplayer,RPGMaker,Sexual Content"
Xenomycology Playtest,"May 2, 2025",0 - 0,0,0,0.0,0,0,[],True,False,False,0,0,0,0,0,0,0,,,,,
"Angel, Devil, Elf and Me!","Nov 7, 2018",0 - 20000,0,0,11.99,0,0,"['English', 'Spanish - Latin America', 'Spanish - Spain']",True,True,True,0,0,0,0,9,0,6,Norn,Cherry Kiss Games,"Single-player,Steam Achievements,Full controller support,Remote Play on Phone,Remote Play on Tablet,Remote Play on TV,Family Sharing",Casual,
Thirsty Suitors,"Nov 2, 2023",0 - 20000,0,0,14.99,0,1,"['English', 'French', 'Italian', 'German', 'Spanish - Spain', 'Japanese', 'Korean', 'Polish', 'Portuguese - Brazil', 'Russian', 'Simplified Chinese', 'Traditional Chinese', 'Spanish - Latin America', 'Portuguese - Portugal']",True,False,False,80,0,210,6,26,202,721,Outerloop Games,Annapurna Interactive,"Single-player,Steam Achievements,Full controller support,Steam Trading Cards,Steam Cloud,Family Sharing","Action,Adventure,RPG","Adventure,RPG,Action,Action-Adventure,Dating Sim,Action RPG,LGBTQ+,Female Protagonist,3D,Funny,Choices Matter,Skateboarding,Combat,Turn-Based Combat,3D Platformer,Story Rich,Singleplayer,Cooking,Stylized,Indie"
Feed the Cups,"Feb 20, 2024",500000 - 1000000,1161,0,14.39,10,0,"['English', 'Simplified Chinese', 'Japanese']",True,True,False,0,0,3922,9286,65,10714,2380,Vambear Games,IndieArk,"Single-player,Multi-player,Co-op,Online Co-op,Shared/Split Screen Co-op,Shared/Split Screen,Steam Achievements,Full controller support,Steam Cloud,Remote Play Together,Family Sharing","Casual,Indie,Simulation,Early Access","Early Access,Cute,Simulation,Cooking,Online Co-Op,Crafting,2D,Management,Co-op,Local Co-Op,Multiplayer,Singleplayer,Rogue-lite,Immersive Sim,Local Multiplayer,Action Roguelike,Funny,Action,Job Simulator,Cartoon"
Dragon Attack Mythologies: A Night Wolf Revenge,"Apr 4, 2025",0 - 20000,0,0,2.99,0,0,"['English', 'French', 'Italian', 'German', 'Spanish - Latin America', 'Portuguese - Brazil']",True,False,False,0,0,3,0,0,0,0,Mate Frio Studios,Mate Frio Studios,"Single-player,Full controller support,Family Sharing","Action,Adventure,Indie","Side Scroller,Action,2D Platformer,Platformer,Adventure,Arcade,Action-Adventure,2D,Gun Customization,Colorful,Fantasy,Indie,1990's,Retro,Old School,Combat,Singleplayer"
Next Earth: The Journey Trilogy™,"Oct 15, 2020",0 - 20000,0,0,0.99,0,0,['English'],True,False,False,0,0,0,0,0,0,0,Minsan,Minsan,"Single-player,Full controller support,Family Sharing","Action,Adventure,Indie,Strategy",
The Field Between,"Oct 3, 2025",0 - 0,0,0,5.39,0,0,['English'],True,False,False,0,0,0,0,42,0,0,Isaac Brewster,Isaac Brewster,"Single-player,Steam Achievements,Color Alternatives,Custom Volume Controls,Playable without Timed Input,Stereo Sound,Steam Cloud,Family Sharing","Casual,Indie,Simulation",
LAN Party,"Jun 19, 2025",0 - 0,0,0,0.0,0,0,['English'],True,False,False,0,0,0,0,0,0,0,"LAN Party Technologies, Inc.","LAN Party Technologies, Inc.","Multi-player,Co-op,Online Co-op,Includes level editor","Casual,Early Access",
Colourise,"Apr 21, 2017",0 - 20000,0,0,7.99,0,0,"['English', 'German', 'Spanish - Spain']",True,False,False,0,0,4,0,10,0,0,Field Tested,Field Tested,"Single-player,Steam Achievements,Tracked Controller Support,VR Only,Steam Trading Cards,Steam Cloud,Family Sharing","Casual,Indie","Indie,Casual,VR,Puzzle,Abstract"
Jacob,"Jul 18, 2016",20000 - 50000,1,0,0.0,0,0,['English'],True,False,False,0,0,36,66,0,0,0,Duck Duck Zeus,Centre For Longitudinal Studies,Single-player,"Casual,Free To Play,Indie,Strategy","Free to Play,Indie,Strategy,Casual,Puzzle"
Granny: Escape Together,"Dec 6, 2024",20000 - 50000,38,0,4.99,50,0,['English'],True,False,False,0,0,607,147,10,1006,120,CreepyToad,CreepyToad,"Single-player,Multi-player,PvP,Online PvP,Co-op,Online Co-op,Steam Achievements,Steam Trading Cards,Partial Controller Support,Family Sharing","Action,Adventure,Indie","Horror,Survival Horror,Atmospheric,Hidden Object,Puzzle,PvP,Stealth,Logic,3D,First-Person,Psychological Horror,Action,Multiple Endings,Multiplayer,Realistic,Loot,Thriller,Adventure,Survival,Cinematic"
Rise,"Jul 26, 2016",0 - 20000,0,0,14.99,0,0,['English'],True,False,False,0,0,0,0,0,0,0,Creative Assembly,War Child Gaming,"Single-player,Family Sharing","Casual,Indie",
Tentacle Tango,"Nov 20, 2025",0 - 20000,0,0,14.99,0,0,['English'],True,True,True,0,0,0,0,20,0,0,Cable Nest,Cable Nest,"Single-player,Multi-player,Co-op,Shared/Split Screen Co-op,Shared/Split Screen,Steam Achievements,Full controller support,Steam Cloud,Steam Leaderboards,Remote Play Together,Family Sharing","Action,Adventure,Casual,Indie",
Robinsons Simulations World,"Oct 1, 2025",0 - 20000,0,0,9.99,0,0,['English'],True,False,False,0,0,0,0,45,0,0,GameChangeKiller,GameChangeKiller,"Single-player,Steam Achievements,Family Sharing","Adventure,RPG,Simulation",
SpaceTek Playtest,"Aug 13, 2021",0 - 0,0,0,0.0,0,0,[],True,False,False,0,0,0,0,0,0,0,,,,,
The Coma: Recut,"Sep 22, 2017",100000 - 200000,3,0,1.49,90,1,"['English', 'French', 'Japanese', 'Korean', 'Russian', 'Simplified Chinese', 'Thai', 'Turkish', 'Spanish - Spain', 'German', 'Ukrainian']",True,True,True,0,0,2304,430,0,2515,215,"Dvora Studio Co., Ltd.",Headup,"Single-player,Steam Trading Cards,Partial Controller Support,Remote Play on TV,Family Sharing","Action,Adventure,Indie","Adventure,Indie,Horror,Action,Anime,Violent,2D,Visual Novel,Survival Horror,Psychological Horror,Mystery,Survival,Multiple Endings,Singleplayer,Sexual Content,Story Rich,Side Scroller,Female Protagonist,Nudity,Great Soundtrack"
城堡与冒险,"Jan 16, 2022",0 - 20000,0,0,1.99,0,0,['Simplified Chinese'],True,False,False,0,0,10,5,0,0,0,辣香蕉工作室,辣香蕉工作室,"Single-player,Steam Cloud,Family Sharing","Adventure,Casual,Indie,Simulation,Strategy","Casual,Simulation,Turn-Based Tactics,Farming Sim,City Builder,Medieval,Cartoon,3D Platformer,Cartoony,Strategy,Relaxing,Indie,Adventure,Psychedelic,Singleplayer,3D Vision,God Game"
Reknum Cheri Dreamland,"Apr 29, 2021",0 - 20000,0,0,6.99,0,0,['English'],True,False,False,0,0,14,4,0,0,0,NAPE GAMES,NAPE GAMES,"Single-player,Full controller support,Family Sharing","Action,Adventure,Indie","Action,Adventure,Action-Adventure,Arcade,Platformer,Metroidvania,2D Platformer,Precision Platformer,1980s,Fantasy,Indie,Dark Fantasy,Story Rich,Combat,Singleplayer,2D"
Just Roll,"Feb 8, 2024",0 - 20000,0,0,0.99,0,0,"['English', 'Spanish - Spain']",True,False,False,0,0,2,0,4,0,0,Loro Studios,Loro Studios,"Single-player,Steam Achievements,Steam Leaderboards,Family Sharing","Adventure,Casual,Indie","Adventure,Casual,Story Rich,Action-Adventure,3D,Atmospheric,Physics,Indie,Singleplayer,Exploration"
The Little Witch and The Lost Memories,"Jul 24, 2024",0 - 20000,0,0,8.44,35,0,"['English', 'Japanese', 'Simplified Chinese', 'Traditional Chinese']",True,False,False,0,0,16,0,10,0,0,Studio Asahi,DAS,"Single-player,Steam Achievements,Partial Controller Support,Steam Cloud,Family Sharing","Adventure,Indie,RPG","Pixel Graphics,Puzzle,Story Rich,Relaxing,Female Protagonist,Cute,Visual Novel,Point & Click,Top-Down,Exploration,2D,Emotional,RPG,Stylized,Fantasy,Magic,Medieval,Adventure,Singleplayer,Indie"
The Light at the End of the Ocean,"Aug 31, 2020",0 - 20000,0,0,7.99,0,0,['English'],True,False,False,0,0,5,0,5,0,0,Jane Titor,Jane Titor,"Single-player,Family Sharing","Adventure,Casual,Indie","Adventure,Casual,Point & Click,Visual Novel,Investigation,2D,Stylized,LGBTQ+,Mystery,Mythology,Story Rich,Supernatural,Choices Matter,Conversation,Multiple Endings,Narration,Singleplayer,Indie"
Stack,"May 18, 2017",50000 - 100000,2,0,0.49,90,0,['English'],True,False,False,0,0,42,15,0,0,342,AeroLab Studios,Volens Nolens Games,"Single-player,Tracked Controller Support,VR Only,Steam Trading Cards,Family Sharing","Casual,Indie,Strategy","3D Platformer,Puzzle,Sandbox,Strategy,3D,First-Person,VR,Casual,Colorful,Pixel Graphics,Physics,Memes,Singleplayer,Fast-Paced,Indie,FPS,Open World,Crafting,Difficult,Futuristic"
Chinese overtime,"Dec 31, 2024",0 - 20000,0,0,1.99,0,0,"['English', 'Japanese', 'Simplified Chinese', 'Traditional Chinese']",True,False,False,0,0,5,4,0,0,0,LIU HAO,LIU HAO,"Single-player,Steam Cloud,Family Sharing","Indie,Simulation","Simulation,Life Sim,Visual Novel,2D Platformer,2D,Drama,Multiple Endings,Indie,Choices Matter,Singleplayer"
Snowbreak: Containment Zone,"Dec 24, 2023",0 - 0,0,0,0.0,0,0,"['English', 'Japanese', 'Simplified Chinese', 'Korean', 'Traditional Chinese']",True,False,False,0,0,0,0,0,0,0,Amazing Seasun Games,Amazing Seasun Games,"Single-player,Multi-player,Co-op,Online Co-op,Cross-Platform Multiplayer,In-App Purchases,Steam Timeline","Action,Adventure,RPG",
Gauntlet™ Slayer Edition,"Sep 23, 2014",1000000 - 2000000,37,0,2.99,85,1,"['English', 'French', 'German', 'Spanish - Spain', 'Polish', 'Portuguese - Brazil', 'Russian', 'Italian']",True,False,False,0,0,8079,1808,46,6552,415,Arrowhead Game Studios,WB Games,"Single-player,Multi-player,Co-op,Shared/Split Screen,Steam Achievements,Full controller support,Steam Trading Cards,Steam Cloud,Stats,Steam Leaderboards,Remote Play on Phone,Remote Play on Tablet,Remote Play on TV,Remote Play Together,Family Sharing","Action,Adventure,RPG","Co-op,Dungeon Crawler,Hack and Slash,Local Co-Op,Action,RPG,Multiplayer,Adventure,Top-Down,4 Player Local,Online Co-Op,Arcade,Remake,Local Multiplayer,Fantasy,Classic,Action RPG,Isometric,Old School,Casual"
VR Nudity Camping,"May 27, 2021",0 - 20000,0,0,6.29,30,0,"['English', 'French', 'Italian', 'German', 'Spanish - Spain', 'Arabic', 'Ukrainian', 'Dutch', 'Greek', 'Swedish', 'Spanish - Latin America', 'Thai', 'Czech', 'Danish', 'Turkish', 'Norwegian', 'Hungarian', 'Finnish', 'Bulgarian', 'Vietnamese', 'Portuguese - Portugal', 'Portuguese - Brazil', 'Polish', 'Romanian', 'Russian', 'Simplified Chinese', 'Traditional Chinese', 'Japanese', 'Korean']",True,False,False,0,0,0,0,0,0,0,VR Game Studios,VR Game Studios,"Single-player,Tracked Controller Support,VR Only,Family Sharing",Simulation,
Concept Destruction,"May 22, 2020",0 - 20000,0,0,1.99,60,0,"['English', 'Spanish - Spain', 'Spanish - Latin America', 'Japanese', 'Russian', 'French', 'German', 'Simplified Chinese', 'Traditional Chinese', 'Italian', 'Portuguese - Brazil', 'Portuguese - Portugal']",True,False,False,0,0,133,32,16,135,373,Thinice Games,Ratalaika Games S.L.,"Single-player,Multi-player,PvP,Shared/Split Screen PvP,Shared/Split Screen,Steam Achievements,Full controller support,Remote Play Together,Family Sharing","Action,Indie,Racing","Combat Racing,Racing,Sports,Sandbox,Driving,PvE,PvP,Automobile Sim,Arcade,Third Person,Funny,Controller,Open World,Vehicular Combat,Casual,Action,Realistic,Cartoony,Colorful,Family Friendly"
Monsterium,"Aug 19, 2024",0 - 20000,0,0,54.99,0,0,['English'],True,False,False,0,0,1,0,0,0,0,RedBrickStone Games,RedBrickStone Games,"Single-player,Family Sharing","Casual,Indie","Side Scroller,Casual,2D Platformer,PvE,Platformer,Indie,Arcade,2D,Third Person,Pixel Graphics,Magic,1990's,Singleplayer"
Walk with the Living,"Jan 20, 2022",0 - 0,0,0,0.0,0,0,['English'],True,False,False,0,0,0,0,28,0,0,Cole Brayfield,Cole Brayfield,"Single-player,Steam Achievements,Partial Controller Support","Indie,RPG,Strategy",
The Backrooms: Liminal Reality,"Feb 15, 2023",0 - 20000,0,0,4.99,50,0,['English'],True,False,True,0,0,16,11,0,0,0,CoffeeCupz Games,CoffeeCupz Games,"Single-player,Full controller support,Stats,Family Sharing","Action,Adventure,Indie","Exploration,Hidden Object,Puzzle,Pool,Walking Simulator,Action-Adventure,3D,First-Person,Horror,Psychological Horror,Surreal,Action,Linear,Realistic,Stealth,Atmospheric,Adventure,Psychological,Cinematic,1980s"
Hentai Fetishes: Yuri,"Oct 15, 2024",0 - 20000,0,0,1.99,0,0,"['English', 'French', 'Italian', 'German', 'Spanish - Spain', 'Arabic', 'Bulgarian', 'Czech', 'Danish', 'Dutch', 'Finnish', 'Greek', 'Hungarian', 'Indonesian', 'Japanese', 'Korean', 'Norwegian', 'Polish', 'Portuguese - Brazil', 'Portuguese - Portugal', 'Romanian', 'Russian', 'Simplified Chinese', 'Spanish - Latin America', 'Swedish', 'Thai', 'Turkish', 'Ukrainian', 'Vietnamese', 'Traditional Chinese']",True,True,True,0,0,0,0,100,0,0,Kink Labs,Kink Labs,"Single-player,Steam Achievements,Steam Cloud,Family Sharing","Action,Casual,Indie",
Among Ass,"Dec 4, 2020",0 - 20000,1,0,0.49,90,0,['English'],True,False,False,0,0,0,0,17,355,200,Volens Nolens Games,Volens Nolens Games,"Single-player,Multi-player,PvP,Shared/Split Screen PvP,Co-op,Shared/Split Screen Co-op,Shared/Split Screen,Steam Achievements,Steam Trading Cards,Partial Controller Support,Remote Play Together,Family Sharing","Action,Casual,Indie,Sports",
Crazy Jump,"Jun 19, 2021",0 - 20000,0,0,1.99,0,0,"['English', 'Simplified Chinese']",True,False,False,0,0,16,3,6,0,0,Aoga Games,Aoga Games,"Single-player,Family Sharing","Adventure,Casual,Indie","Indie,Casual,Adventure,2D Platformer,Platformer,Cartoon,Cute,Dungeon Crawler,Pinball"
Heroes of Hellas Origins: Part Two,"Sep 28, 2022",0 - 20000,3,0,2.09,70,0,"['English', 'German']",True,False,False,0,0,28,0,52,0,0,Jaibo Games,Alawar Casual,"Single-player,Steam Achievements,Steam Cloud,Family Sharing","Adventure,Casual,Indie,Strategy","Casual,Adventure,Strategy,Puzzle,Match 3,Indie,2D,Cute,Colorful,Family Friendly,Logic,Mythology,Tutorial,Grid-Based Movement,Singleplayer"
Memory Puzzle - Futanari Massage,"Aug 26, 2022",0 - 20000,0,0,0.99,70,0,['English'],True,False,False,0,0,0,0,3,0,0,EroticGamesClub,EroticGamesClub,"Single-player,Steam Achievements,Steam Leaderboards,Family Sharing","Casual,Indie",
Skyformer,"Nov 10, 2025",0 - 20000,0,0,13.49,25,0,"['English', 'Japanese', 'Simplified Chinese', 'Russian', 'French', 'German', 'Portuguese - Brazil']",True,False,False,0,0,0,0,18,0,0,Weatherfused,Weatherfused,"Single-player,Steam Achievements,Adjustable Text Size,Camera Comfort,Custom Volume Controls,Playable without Timed Input,Save Anytime,Stereo Sound,Steam Cloud,Family Sharing","Adventure,Indie,Simulation,Strategy,Early Access",
Corpse Party 2: Dead Patient,"Oct 23, 2019",20000 - 50000,0,0,6.99,30,0,"['English', 'Japanese']",True,False,False,67,0,264,110,10,354,231,GrisGris,"XSEED Games,Marvelous USA, Inc.","Single-player,Steam Achievements,Steam Trading Cards,Partial Controller Support,Family Sharing","Indie,RPG","RPG,Indie,Gore,Violent,Horror,Anime,Nudity,Visual Novel"
TUNNEL BIRD,"Mar 26, 2020",0 - 20000,0,0,0.99,0,0,['English'],True,False,False,0,0,9,2,0,0,0,Tx 工作室,Tx 工作室,"Single-player,Family Sharing","Action,Casual,Indie,Racing","Action,Indie,Casual,Racing,Fast-Paced"
Stunt Simulator Multiplayer,"Dec 7, 2018",0 - 20000,0,0,0.99,0,0,"['English', 'Russian', 'Simplified Chinese']",True,False,False,0,0,73,4,10,0,0,FreezeNova,FreezeNova,"Multi-player,PvP,Online PvP,Steam Achievements,Stats,Steam Leaderboards,Family Sharing","Indie,Simulation","Automobile Sim,Indie,Simulation,Driving,Multiplayer"
PetShop,"Dec 14, 2022",0 - 20000,0,0,49.99,50,0,"['English', 'Japanese']",True,False,False,0,0,1,1,0,0,0,Suzuki Cecil,"Dream Factoty co., Ltd.",,"Animation & Modeling,Utilities,Game Development","Utilities,Animation & Modeling,Game Development"
Relic Odyssey : Ruins Of Xantao,"Jan 27, 2024",0 - 20000,0,0,8.99,40,0,"['English', 'French', 'Italian', 'German', 'Spanish - Spain', 'Arabic', 'Bulgarian', 'Czech', 'Danish', 'Dutch', 'Finnish', 'Greek', 'Hungarian', 'Indonesian', 'Japanese', 'Korean', 'Norwegian', 'Polish', 'Portuguese - Brazil', 'Portuguese - Portugal', 'Romanian', 'Russian', 'Simplified Chinese', 'Spanish - Latin America', 'Swedish', 'Thai', 'Traditional Chinese', 'Turkish', 'Ukrainian', 'Vietnamese']",True,False,False,0,0,108,5,24,0,0,Honour Bound Game Studios Inc.,Honour Bound Game Studios Inc.,"Single-player,Steam Achievements,Partial Controller Support,Family Sharing","Action,Adventure,Casual,Indie,RPG,Early Access","Early Access,Controller,FPS,3D,Exploration,Fantasy,First-Person,Realistic,Sci-fi,Action Roguelike,Action-Adventure,Combat,Atmospheric,Action,Adventure,Robots,Survival,Transportation,Space,Gun Customization"
Charta Dungeon - Ambidextrous (Playtest),"Jan 23, 2025",0 - 0,0,0,0.0,0,0,[],True,False,False,0,0,0,0,0,0,0,,,,,
Bionite: Origins,"Aug 13, 2021",0 - 20000,0,0,11.99,0,0,['English'],True,False,False,0,0,1,6,0,0,0,Platoon Studios,Platoon Studios,"Single-player,Multi-player,PvP,Online PvP,Family Sharing","Action,Adventure,Indie,RPG,Simulation,Strategy","Tactical,FPS,Multiplayer,Indie,Singleplayer,Real Time Tactics,Driving,RTS,Strategy RPG,Mars,Tanks,Strategy,First-Person,Management,Space,War,Action,Simulation,Tactical RPG,Shooter"
The Fall of Lazarus,"Oct 4, 2017",50000 - 100000,0,0,0.0,0,0,"['English', 'Spanish - Spain']",True,False,False,0,0,72,42,9,0,0,No Wand Studios,No Wand Studios,"Single-player,Steam Achievements,Full controller support,Steam Trading Cards,Captions available,Steam Cloud","Adventure,Indie","Adventure,Sci-fi,Indie,Space,Exploration,Mystery,Female Protagonist,Story Rich,First-Person,Singleplayer,Walking Simulator,Puzzle,Atmospheric,Artificial Intelligence,Psychological,Robots"
Climber Girl,"Jun 18, 2025",0 - 0,0,0,1.59,0,0,"['English', 'French', 'German', 'Russian']",True,False,False,0,0,0,0,0,0,0,AlterLab Development,Strategy First,"Single-player,Family Sharing","Action,Adventure",
10mg: Locked In,"Oct 15, 2020",200000 - 500000,0,0,2.99,0,0,['English'],True,True,False,0,0,7,4,0,0,0,"de Fault,Chard,Richard Campbell","Far Few Giants,10mg","Single-player,Multi-player,Co-op,Shared/Split Screen Co-op,Shared/Split Screen,Remote Play Together,Family Sharing","Adventure,Casual,Indie","Visual Novel,Choose Your Own Adventure,Dating Sim,Interactive Fiction,Story Rich,Choices Matter,Multiple Endings,Split Screen,Casual,Local Multiplayer,Indie,Adventure,Co-op,Point & Click,Life Sim,Political Sim"
Coloring Game 10K,"Aug 22, 2025",0 - 0,0,0,5.24,0,0,"['English', 'French', 'Italian', 'German', 'Spanish - Spain', 'Arabic', 'Bulgarian', 'Portuguese - Brazil', 'Hungarian', 'Vietnamese', 'Greek', 'Danish', 'Indonesian', 'Spanish - Latin America', 'Traditional Chinese', 'Simplified Chinese', 'Korean', 'Dutch', 'Norwegian', 'Polish', 'Portuguese - Portugal', 'Romanian', 'Russian', 'Thai', 'Turkish', 'Ukrainian', 'Finnish', 'Czech', 'Swedish', 'Japanese', 'Azerbaijani', 'Albanian', 'Amharic', 'Armenian', 'Assamese', 'Afrikaans', 'Basque', 'Belarusian', 'Bangla', 'Bosnian', 'Valencian', 'Welsh', 'Wolof', 'Galician', 'Georgian', 'Gujarati', 'Dari', 'Zulu', 'Hebrew', 'Igbo', 'Irish', 'Icelandic', 'Yoruba', 'Kazakh', 'Kannada', 'Catalan', 'Quechua', 'Kinyarwanda', K'iche', 'Konkani', 'Xhosa', 'Khmer', 'Kyrgyz', 'Latvian', 'Lithuanian', 'Luxembourgish', 'Macedonian', 'Malay', 'Malayalam', 'Maltese', 'Maori', 'Marathi', 'Mongolian', 'Nepali', 'Odia', 'Punjabi (Gurmukhi)', 'Punjabi (Shahmukhi)', 'Persian', 'Serbian', 'Sotho', 'Sinhala', 'Sindhi', 'Slovak', 'Slovenian', 'Sorani', 'Swahili', 'Tajik', 'Tamil', 'Tatar', 'Telugu', 'Tigrinya', 'Tswana', 'Turkmen', 'Uzbek', 'Uyghur', 'Urdu', 'Filipino', 'Hausa', 'Hindi', 'Croatian', 'Cherokee', 'Scots', 'Estonian']",True,False,False,0,0,0,0,90,0,0,L. Stotch,L. Stotch,"Single-player,Steam Achievements,Steam Cloud,Family Sharing","Casual,Indie",
Unstable Cylinder,"Jul 29, 2024",0 - 20000,0,0,0.99,50,0,"['English', 'Korean', 'Japanese']",True,False,False,0,0,2,0,6,0,0,GRVVV,GRVVV,"Single-player,Full controller support,Family Sharing","Action,Adventure,Indie","Action,Adventure,Action RPG,Action-Adventure,Platformer,2D Platformer,Choose Your Own Adventure,Precision Platformer,Exploration,2D,Pixel Graphics,Lore-Rich,Dark Fantasy,Psychological Horror,Fantasy,Conversation,Physics,Multiple Endings,Female Protagonist,Open World"
Puzzle: Underwater World,"Aug 2, 2017",20000 - 50000,0,0,0.55,72,0,['English'],True,False,False,0,0,4,5,0,0,160,Boogygames Studios,Boogygames Studios,"Single-player,Family Sharing","Adventure,Casual,Indie,Sports,Strategy","Singleplayer,Puzzle,Casual,Indie,Strategy,Adventure,Sports,Mouse only,Board Game,Education,Point & Click,Clicker,2D,Difficult,Fast-Paced,Gaming,Short,Tabletop,Match 3,Minimalist"
Retropolis 2: Never Say Goodbye,"Jan 18, 2024",200000 - 500000,0,0,7.49,0,0,"['English', 'French', 'Italian', 'German', 'Spanish - Spain', 'Japanese', 'Korean', 'Hebrew', 'Simplified Chinese']",True,False,False,0,0,35,0,36,0,0,Peanut Button,Peanut Button,"Single-player,Steam Achievements,Tracked Controller Support,VR Only,Family Sharing",Adventure,"Adventure,VR,First-Person,Puzzle,Stylized,Detective,Point & Click,Noir,Sci-fi,Escape Room,Story Rich,Cinematic,Robots,Hand-drawn,Funny,Interactive Fiction,Dynamic Narration,Narration,Atmospheric,Singleplayer"
What Never Was,"Jan 11, 2019",200000 - 500000,4,0,0.0,0,0,['English'],True,True,True,0,0,4714,261,6,0,0,Acke Hallgren,Acke Hallgren,"Single-player,Steam Achievements,Partial Controller Support","Adventure,Casual,Free To Play,Indie","Free to Play,Adventure,Puzzle,Indie,Story Rich,Singleplayer,First-Person,Casual,Mystery,Exploration,Female Protagonist,Point & Click,Atmospheric,Short,Relaxing,Walking Simulator,Investigation,Fantasy,Family Friendly,Magic"
Soup: the Game,"Mar 18, 2016",0 - 20000,0,0,1.99,0,0,['English'],True,True,True,0,0,30,24,1,0,183,Dewdrop Games,Dewdrop Games,"Single-player,Multi-player,Shared/Split Screen,Steam Achievements,Steam Trading Cards,Remote Play Together,Family Sharing","Action,Indie,Simulation,Strategy,Early Access","Strategy,Action,Indie,Early Access,Simulation"
The Bureau: XCOM Declassified,"Aug 19, 2013",2000000 - 5000000,15,17,3.99,80,3,"['English', 'German', 'French', 'Italian', 'Spanish - Spain', 'Japanese', 'Korean', 'Russian']",True,True,False,66,0,8277,3509,41,4778,336,2K Marin,2K,"Single-player,Steam Achievements,Full controller support,Steam Trading Cards,Steam Cloud,Remote Play on TV,Family Sharing",Action,"Action,Tactical,Sci-fi,Third-Person Shooter,Singleplayer,Third Person,Aliens,Strategy,Shooter,RPG,Atmospheric,Adventure,Cold War,Story Rich,Multiplayer,Open World,Noir,Stealth,Retro,Turn-Based"
Kawaii Girls Panic,"Jul 25, 2025",0 - 20000,0,0,7.49,50,0,['English'],True,False,False,0,0,0,0,0,0,0,17Studio,17Studio,"Single-player,Full controller support,Custom Volume Controls,Family Sharing","Action,Casual,Indie",
The Market of Light,"Sep 28, 2021",0 - 0,0,0,0.0,0,0,['English'],True,False,False,0,0,0,0,0,0,0,historia Inc.,historia Inc.,"Single-player,Full controller support","Action,Free To Play",
Heavy Fire: Afghanistan,"Aug 15, 2014",100000 - 200000,0,0,1.74,0,0,"['English', 'French', 'Italian', 'German', 'Spanish - Spain']",True,False,False,0,0,218,167,27,189,240,Teyon,Mastiff,"Single-player,Multi-player,Shared/Split Screen,Steam Achievements,Steam Trading Cards,Partial Controller Support,Steam Cloud,Steam Leaderboards,Remote Play Together,Family Sharing",Action,"Action,On-Rails Shooter,First-Person,Shooter,Military,FPS,War,Arcade"
Bully Ball Soccer Playtest,"Apr 8, 2024",0 - 0,0,0,0.0,0,0,[],True,False,False,0,0,0,0,0,0,0,,,,,
Deadly Night,"Sep 1, 2022",20000 - 50000,2,0,6.99,30,1,"['English', 'Spanish - Spain']",True,False,False,0,0,208,56,18,242,82,Cubyte Games,Torture Star Video,"Single-player,Steam Achievements,Full controller support,Family Sharing",Action,"Horror,First-Person,Atmospheric,Gore,Psychological Horror,Survival,Singleplayer,Adventure,Survival Horror,Stealth,1980s,Action,Dark,Nudity,Indie,Puzzle,Exploration,Multiple Endings,3D,Artificial Intelligence"
Starlite: Astronaut Rescue - Developed in Collaboration with NASA,"Jan 27, 2014",0 - 20000,0,0,2.99,0,0,['English'],True,True,False,0,0,71,122,1,177,46,Project Whitecard Studios Inc.,Project Whitecard Studios Inc.,"Single-player,Family Sharing","Adventure,RPG,Simulation","Adventure,RPG,Simulation,Space,Short"
Monsters of Kanji 2,"Mar 24, 2020",0 - 20000,0,0,4.99,0,0,['English'],True,False,False,0,0,0,0,0,0,0,sleepy-racoon,sleepy-racoon,"Single-player,Partial Controller Support,Family Sharing","RPG,Early Access",
Thingamajig,"May 5, 2021",0 - 20000,0,0,0.0,0,0,['English'],True,False,False,0,0,5,0,0,0,0,Spatiality LLC,Spatiality LLC,"Single-player,Multi-player,Co-op,Online Co-op,Tracked Controller Support,VR Only,Partial Controller Support,Includes level editor","Casual,Free To Play,Indie,Simulation,Early Access","Free to Play,Indie,Casual,Simulation,Early Access,VR"
Guilt Free,"Oct 2, 2020",50000 - 100000,0,0,0.0,0,0,"['English', 'Polish', 'Spanish - Latin America', 'Russian']",True,True,False,0,0,228,38,10,0,0,Lateral Games,Lateral Games,"Single-player,Steam Achievements","Casual,Free To Play,Indie","Story Rich,Choices Matter,Visual Novel,Narration,Interactive Fiction,Text-Based,Drama,Emotional,Choose Your Own Adventure,Multiple Endings,Casual,Point & Click,Conversation,Experimental,Minimalist,Dating Sim,Romance,Atmospheric,Free to Play,Comic Book"
Super Mega Awesome Typing,"Oct 18, 2023",0 - 20000,0,0,3.99,0,0,['English'],True,False,False,0,0,0,0,10,0,0,NS Game Studio,NS Game Studio,"Single-player,Steam Achievements,Steam Leaderboards,Family Sharing",Casual,
Gracia,"May 21, 2024",0 - 0,0,0,0.0,0,0,['English'],True,False,False,0,0,0,0,0,0,0,Gracia,Gracia,"Tracked Controller Support,VR Only","Free To Play,Utilities",
着色 Project_Shading 技术演示demo,"Sep 26, 2025",0 - 0,0,0,2.39,0,0,['Simplified Chinese'],True,False,False,0,0,0,0,0,0,0,虚幻将会主宰世界,JingXian_Studio,"Single-player,Family Sharing","Action,Adventure,Casual,Indie,RPG,Simulation,Strategy",
Blade Bros ACTION!,"May 20, 2022",0 - 20000,0,0,0.99,0,0,['English'],True,False,False,0,0,3,1,0,0,0,Luftmensch,Luftmensch,"Single-player,Family Sharing","Action,Adventure,Indie","Adventure,Hack and Slash,Combat,Pixel Graphics,Action,Female Protagonist,Action-Adventure,Platformer,2D Platformer,2D,Retro,Anime,Minimalist,1990's,Fantasy,Singleplayer,Linear,Indie"
Assault On Proxima Playtest,"Feb 18, 2023",0 - 0,0,0,0.0,0,0,[],True,False,False,0,0,0,0,0,0,0,,,,,
Blue Funk,"Nov 17, 2022",0 - 0,0,0,0.0,0,0,['English'],True,False,False,0,0,0,0,0,0,0,BLUEFUNK.Gmaing,BLUEFUNK.Gmaing,Single-player,"Casual,Free To Play,Strategy",
Peculiar Tales of Mid-Lake Pavilion,"Dec 31, 2021",0 - 20000,0,0,1.99,0,1,"['Japanese', 'Simplified Chinese', 'Traditional Chinese', 'English']",True,True,True,0,0,168,19,6,157,0,致意,致意,"Single-player,Steam Achievements,Steam Cloud,Family Sharing","Casual,Indie","Casual,Adventure,Interactive Fiction,Visual Novel,Puzzle,2D Platformer,2D,Anime,Cartoon,Cartoony,Text-Based,Comic Book,Drama,Gothic,Retro,Psychological Horror,Lore-Rich,Supernatural,Romance,Modern"
Nonsensical Video Generator,"Jul 23, 2023",20000 - 50000,5,0,0.99,50,1,"['English', 'German', 'Russian', 'French', 'Slovak']",True,False,False,0,0,240,3,8,263,83,Bobby I Guess,Bobby I Guess,"Steam Achievements,Steam Workshop,Steam Cloud",Video Production,"Video Production,Funny,Moddable,Software,Pixel Graphics"
执行人 Executor,"Nov 6, 2018",0 - 20000,0,0,1.99,0,0,['Simplified Chinese'],True,False,False,0,0,13,2,0,0,0,GuGong,GuGong,"Single-player,Family Sharing",Indie,Indie
Sword and Fairy 3,"Apr 14, 2021",100000 - 200000,58,0,5.19,0,1,"['Simplified Chinese', 'Traditional Chinese']",True,False,False,0,0,1518,290,0,1793,934,SOFTSTAR TECHNOLOGY(SHANGHAI),SOFTSTAR ENTERTAINMENT,"Single-player,Steam Workshop,Steam Cloud,Family Sharing",RPG,"RPG,Story Rich,Multiple Endings,Singleplayer,3D,Fantasy,Mythology,Magic,Martial Arts,Drama,Retro,Cartoon,Cute,Colorful,Romance,Party-Based RPG,Comic Book,3D Platformer,Nostalgia,Turn-Based"
Microcivilization Playtest,"Oct 13, 2023",0 - 0,0,0,0.0,0,0,[],True,False,False,0,0,0,0,0,0,0,,,,,
Wyrd Waters Playtest,"Dec 13, 2024",0 - 0,0,0,0.0,0,0,[],True,False,False,0,0,0,0,0,0,0,,,,,
Paw Patrol: On A Roll!,"Oct 23, 2018",20000 - 50000,11,0,10.49,65,0,"['English', 'French', 'Italian', 'German', 'Spanish - Spain', 'Dutch', 'Polish', 'Portuguese - Brazil']",True,False,False,0,0,353,66,14,327,803,Torus Games,Outright Games Ltd.,"Single-player,Partial Controller Support,Family Sharing",Adventure,"Family Friendly,Platformer,Adventure,Casual,Action,Dog,Wholesome,Cute,Cartoon,Colorful,Singleplayer,Action-Adventure,Cartoony,Co-op,Local Co-Op,3D Platformer,Third-Person Shooter,Realistic,Simulation,MMORPG"
DELAY SIMULATOR / ゲーミングハード技能検定,"May 13, 2022",0 - 20000,0,0,29.99,0,0,['Japanese'],True,False,False,0,0,1,0,14,0,0,TRIANGLE SERVICE,TRIANGLE SERVICE,"Single-player,Steam Achievements,Steam Cloud,Family Sharing","Action,Indie","Action,Software,Arcade,Shooter,Utilities,Shoot 'Em Up,Bullet Hell,2D,3D,Indie,Programming,Controller,Score Attack,Singleplayer"
Chorus of Carcosa,"Mar 20, 2025",0 - 20000,2,0,5.99,45,1,"['English', 'Russian', 'Portuguese - Brazil', 'Simplified Chinese']",True,False,False,0,0,106,19,30,139,0,Chameleon 42,Chameleon 42,"Single-player,Steam Achievements,Full controller support,Steam Cloud,Family Sharing","Adventure,Indie,Simulation","Psychological Horror,Walking Simulator,Atmospheric,Horror,Dark,Exploration,3D,Simulation,Indie,Surreal,Gore,Adventure,Story Rich,First-Person,Realistic,Singleplayer,Violent,Survival Horror,Puzzle,Action"
Fap&Click,"Dec 3, 2024",0 - 20000,0,0,0.0,0,0,['English'],True,False,False,0,0,0,0,1,0,0,Forbros Games,Forbros Games,"Single-player,In-App Purchases","Casual,Free To Play",
DWARF MINER,"Mar 17, 2025",0 - 20000,0,0,0.59,80,0,"['English', 'Polish']",True,True,True,0,0,11,2,21,0,0,Mikołaj Kokott,Mikołaj Kokott,"Single-player,Multi-player,Co-op,Shared/Split Screen Co-op,Shared/Split Screen,Steam Achievements,Partial Controller Support,Family Sharing","Action,Adventure,Indie,RPG","Action,Adventure,Action-Adventure,Arcade,2D Platformer,2D,Retro,Singleplayer,RPG,Indie,Mining,Dwarf"
Mining Odyssey,"Sep 13, 2022",0 - 20000,0,0,4.99,0,0,"['English', 'French', 'Italian', 'German', 'Spanish - Spain']",True,False,False,0,0,1,0,0,0,0,Scarlet Whale,Scarlet Whale,"Single-player,Family Sharing","Action,Indie","Action,Platformer,Exploration,Time Management,Score Attack,Mining,3D Platformer,First-Person,Colorful,Fantasy,Indie,Minimalist,Tutorial,Singleplayer,3D"
Knight Throde,"Mar 9, 2021",20000 - 50000,0,0,0.99,0,0,"['English', 'Simplified Chinese', 'Japanese', 'Russian', 'Traditional Chinese']",True,False,False,0,0,7,1,0,0,0,LIU Daohuan,LIU Daohuan,"Single-player,Multi-player,Co-op,Shared/Split Screen Co-op,Shared/Split Screen,Family Sharing","Adventure,Casual,Indie,RPG","Casual,Adventure,Platformer,2D Platformer,Rogue-like,2D,Shoot 'Em Up,Hand-drawn,Exploration,Combat,Singleplayer,RPG,Indie,Relaxing,Funny,Linear,Local Co-Op,Colorful"
Zombie Trigger,"Aug 24, 2016",0 - 20000,0,0,2.99,0,0,"['Simplified Chinese', 'English']",True,False,False,0,0,3,6,0,0,0,Xuebao Games,Xuebao Games,"Single-player,Tracked Controller Support,VR Only,Family Sharing","Adventure,Casual,Early Access","Casual,Adventure,Early Access,VR"
FreeCell Quest,"Oct 19, 2015",50000 - 100000,1,0,3.19,68,0,"['English', 'German', 'Japanese', 'Russian']",True,True,True,0,0,352,143,36,276,1035,Legend Studio,Legend Studio,"Single-player,Steam Achievements,Steam Trading Cards,Family Sharing","Casual,Indie,RPG,Strategy","Solitaire,Card Battler,Casual,Exploration,Open World,Difficult,Turn-Based,Card Game,Tabletop,Board Game,RPG,Strategy,2D,Cute,Action,Puzzle,Colorful,Fantasy,Singleplayer,Crafting"
Masked Forces 2: Mystic Demons,"Sep 14, 2017",20000 - 50000,0,0,4.99,0,1,['English'],True,False,False,0,0,57,20,35,0,5,FreezeNova,FreezeNova,"Single-player,Steam Achievements,Steam Workshop,Partial Controller Support,Stats,Steam Leaderboards,Includes level editor,Family Sharing","Action,Indie","Action,Indie,Survival,Singleplayer,Demons,Blood,First-Person,Horror,FPS,Shooter,Fantasy,Nonlinear,Sniper,Level Editor,Rogue-like,Action-Adventure,3D,Shoot 'Em Up,Gore,Action Roguelike"
100 Singapore Cats,"Sep 28, 2025",0 - 0,0,0,1.49,0,2,"['English', 'French', 'Italian', 'German', 'Spanish - Spain', 'Arabic', 'Bulgarian', 'Portuguese - Brazil', 'Hungarian', 'Vietnamese', 'Greek', 'Danish', 'Indonesian', 'Spanish - Latin America', 'Traditional Chinese', 'Simplified Chinese', 'Korean', 'Dutch', 'Norwegian', 'Polish', 'Portuguese - Portugal', 'Romanian', 'Russian', 'Thai', 'Turkish', 'Ukrainian', 'Finnish', 'Czech', 'Swedish', 'Japanese', 'Azerbaijani', 'Albanian', 'Amharic', 'Armenian', 'Assamese', 'Afrikaans', 'Basque', 'Belarusian', 'Bangla', 'Bosnian', 'Valencian', 'Welsh', 'Wolof', 'Galician', 'Georgian', 'Gujarati', 'Dari', 'Zulu', 'Hebrew', 'Igbo', 'Irish', 'Icelandic', 'Yoruba', 'Kazakh', 'Kannada', 'Catalan', 'Quechua', 'Kinyarwanda', K'iche', 'Konkani', 'Xhosa', 'Khmer', 'Kyrgyz', 'Latvian', 'Lithuanian', 'Luxembourgish', 'Macedonian', 'Malay', 'Malayalam', 'Maltese', 'Maori', 'Marathi', 'Mongolian', 'Nepali', 'Odia', 'Punjabi (Gurmukhi)', 'Punjabi (Shahmukhi)', 'Persian', 'Serbian', 'Sotho', 'Sinhala', 'Sindhi', 'Slovak', 'Slovenian', 'Sorani', 'Swahili', 'Tajik', 'Tamil', 'Tatar', 'Telugu', 'Tigrinya', 'Tswana', 'Turkmen', 'Uzbek', 'Uyghur', 'Urdu', 'Filipino', 'Hausa', 'Hindi', 'Croatian', 'Cherokee', 'Scots', 'Estonian']",True,False,False,0,0,0,0,100,0,0,"100 Cozy Games,Cats",100 Cozy Games,"Single-player,Steam Achievements,Family Sharing","Casual,Indie,Free To Play",
Stab Club,"Dec 23, 2025",0 - 20000,0,0,2.54,15,0,"['English', 'French', 'Italian', 'German', 'Spanish - Spain', 'Simplified Chinese', 'Japanese', 'Korean', 'Portuguese - Portugal', 'Russian', 'Turkish']",True,False,False,0,0,0,0,0,0,0,Monokrom Interactive,Monokrom Interactive,"Single-player,Multi-player,PvP,Online PvP,Co-op,Online Co-op,Camera Comfort,Custom Volume Controls,Mouse Only Option,Playable without Timed Input,Stereo Sound,Steam Cloud,Family Sharing",Casual,
Island Berry,"Oct 14, 2022",0 - 20000,0,0,2.49,50,0,['English'],True,False,False,0,0,8,6,22,0,0,Boolean,Boolean,"Single-player,Steam Achievements,Family Sharing","Action,Adventure,Indie,RPG,Simulation,Strategy","Immersive Sim,Sandbox,Survival,Nature,Building,Fishing,Agriculture,Crafting,Life Sim,Farming Sim,Character Customization,RPG,2D,Cute,Open World,Simulation,Pixel Graphics,Adventure,Cats,Comedy"
Memory Eater,"Sep 7, 2019",0 - 20000,0,0,1.99,0,0,['English'],True,False,False,0,0,1,3,0,0,0,NemoSoda,NemoSoda,"Single-player,Family Sharing","Adventure,Indie","Indie,Adventure,Horror,Platformer,Psychedelic,Hand-drawn,Atmospheric"
Hexa Puzzle Saga,"Aug 24, 2023",20000 - 50000,0,0,0.59,0,0,['English'],True,False,False,0,0,7,1,0,0,0,Final Boss Editing's Games,Final Boss Editing's Games,"Single-player,Family Sharing","Casual,Indie,Strategy","Strategy,Casual,Board Game,City Builder,Puzzle,Rogue-like,Rogue-lite,Top-Down,Family Friendly,Fantasy,Hex Grid,Indie,Procedural Generation,PvP,Multiplayer,Singleplayer"
Car Parking Adventure,"Jan 31, 2025",0 - 20000,0,0,0.49,51,0,"['English', 'French', 'Italian', 'German', 'Spanish - Spain', 'Bulgarian', 'Czech', 'Danish', 'Greek', 'Hungarian', 'Indonesian', 'Japanese', 'Korean', 'Polish', 'Portuguese - Brazil', 'Russian', 'Simplified Chinese', 'Spanish - Latin America', 'Thai', 'Traditional Chinese', 'Turkish']",True,True,True,0,0,0,0,0,0,0,Aleksa Racovic,Aleksa Racovic,"Single-player,Family Sharing","Adventure,Casual,Indie,Racing,Simulation","Racing,Simulation,Automobile Sim,Exploration,Cartoony,Colorful,Driving,Offroad,Controller,Linear,Adventure,2D,Arcade,Cartoon,Cute,Family Friendly,Indie,Fast-Paced,Minigames,Casual"
Gizmos: Steampunk Nonograms,"Jan 17, 2020",0 - 20000,2,0,2.59,48,1,"['English', 'Italian', 'Spanish - Spain', 'French', 'German', 'Portuguese - Brazil', 'Dutch', 'Russian']",True,False,False,0,0,41,4,14,0,0,Oleg Sereda,Oleg Sereda,"Single-player,Steam Achievements,Custom Volume Controls,Adjustable Difficulty,Mouse Only Option,Playable without Timed Input,Save Anytime,Steam Cloud,Steam Leaderboards,Family Sharing","Casual,Indie,Strategy","Casual,Strategy,Indie,Puzzle,Logic,2D,Beautiful,Atmospheric,Family Friendly,Relaxing,Steampunk,Singleplayer,Great Soundtrack,Difficult,Education,Cute,Colorful,Alternate History,Aliens,Space"
Gun Blaze,"Oct 15, 2019",0 - 20000,0,0,5.99,0,0,"['English', 'Russian']",True,False,False,0,0,12,4,0,0,0,Cybertime System,Cybertime System,"Multi-player,PvP,Online PvP,Family Sharing","Action,Indie,Early Access","Action,Early Access,Indie"
Spamware,"Apr 1, 2025",0 - 20000,0,0,2.39,40,0,['English'],True,True,True,0,0,3,3,4,0,0,Artificial Entertainment,Artificial Entertainment,"Single-player,Steam Achievements,Family Sharing","Indie,Simulation","Retro,First-Person,Choices Matter,Dark,Point & Click,Puzzle,Surreal,Horror,Simulation,Psychological Horror,Atmospheric,Mystery,Old School,Satire,Text-Based,Indie,Walking Simulator,Singleplayer,Experimental,Typing"
Zack 2: Celestine's Map,"Mar 11, 2021",0 - 20000,0,0,0.49,90,0,['English'],True,False,False,0,0,2,5,0,0,0,SmartOliveGames Ltd,HandMade Games,"Single-player,Family Sharing","Action,Adventure,Indie,RPG","Action,Adventure,RPG,Indie,Violent,Open World,Hack and Slash,Souls-like,Third Person,Story Rich,Magic,Military,Medieval,Dark Fantasy,Swordplay,Crafting,Choices Matter,Singleplayer,Action RPG,Combat"
Chicken Up,"Nov 2, 2025",0 - 20000,0,0,4.19,30,0,"['English', 'French', 'Italian', 'German', 'Spanish - Spain', 'Spanish - Latin America', 'Portuguese - Brazil', 'Russian', 'Turkish']",True,False,False,0,0,0,0,5,0,0,Moonclaw Games,Moonclaw Games,"Single-player,Steam Achievements,Full controller support,Stats,Family Sharing","Action,Adventure",
Function World Gym,"Jun 23, 2020",0 - 20000,0,0,0.0,0,0,['English'],True,False,False,0,0,5,1,0,0,0,Immersive Innovations,Immersive Innovations,"Single-player,Tracked Controller Support,VR Only,Stats,Steam Leaderboards","Casual,Indie,Simulation,Sports,Early Access","Sports,e-sports,VR,Casual,Competitive,Arcade,Early Access,Minimalist,Indie,3D,Family Friendly,Relaxing,6DOF,Singleplayer,Experience,Time Attack,Choose Your Own Adventure,Immersive Sim,Time Management,Colorful"
The First Tree,"Sep 14, 2017",200000 - 500000,2,0,0.99,0,0,"['English', 'French', 'German', 'Spanish - Spain', 'Japanese', 'Russian', 'Simplified Chinese', 'Traditional Chinese', 'Italian', 'Korean', 'Portuguese - Brazil']",True,True,True,0,0,4202,1375,14,4648,141,David Wehle,David Wehle,"Single-player,Steam Achievements,Full controller support,Steam Trading Cards,Steam Cloud,Commentary available,Remote Play on TV,Family Sharing","Adventure,Indie","Atmospheric,Adventure,Walking Simulator,Indie,Exploration,Singleplayer,Relaxing,Story Rich,Open World,Colorful,Great Soundtrack,Narration,Short,Nature,Casual,Third Person,Fox,Drama,Mystery,Fantasy"
Jigsaw Pieces - Romance,"Feb 17, 2021",0 - 20000,1,0,0.0,0,0,"['English', 'French', 'Italian', 'German', 'Spanish - Spain', 'Portuguese - Brazil', 'Simplified Chinese', 'Korean', 'Dutch', 'Polish', 'Russian']",True,False,False,0,0,25,2,0,0,0,Graphium Studio,Denda Games,"Single-player,Captions available,Stats","Casual,Free To Play,Indie","Free to Play,Clicker,Puzzle,Point & Click,Tabletop,Board Game,Strategy,2D,Cute,Top-Down,Relaxing,Romance,Colorful,Realistic,Family Friendly,Logic,Management,Nature,Adventure,Singleplayer"
Melo's cat cafe,"Jul 2, 2024",0 - 20000,2,0,3.99,0,1,"['English', 'Japanese']",True,False,False,0,0,5,0,2,0,0,Melo,Melo,"Single-player,Steam Achievements,Family Sharing","Casual,Indie,Simulation","Casual,Simulation,Idler,3D,Cute,Singleplayer,Indie"
808s&Genetics,"Aug 31, 2023",0 - 20000,0,0,1.99,0,0,"['English', 'Simplified Chinese']",True,False,False,0,0,67,1,3,0,0,Magnesiumteng Machine,Magnesiumteng Machine,"Single-player,Steam Achievements,Family Sharing","Casual,Indie","Casual,Education,Puzzle,Solitaire,Detective,Logic,Procedural Generation,Board Game,Indie,Strategy,Singleplayer"
Defenders of Tetsoidea,"Oct 30, 2017",0 - 20000,0,0,0.79,20,0,['English'],True,False,False,0,0,2,3,0,0,0,Brewsterland Studios,Brewsterland Studios,"Single-player,Captions available,Partial Controller Support,Family Sharing","Action,Adventure,Indie,RPG","RPG,Indie,Action,Adventure,RPGMaker,JRPG,Turn-Based Combat,Party-Based RPG,Dark Fantasy,Female Protagonist,Singleplayer,Funny,Cyberpunk,Anime,Fantasy,Horror,Action RPG"
Tony Stewart's All-American Racing,"Sep 4, 2020",0 - 20000,7,0,3.99,0,5,['English'],True,False,False,0,0,169,29,39,204,263,"Monster Games, Inc.","Monster Games, Inc.","Single-player,Multi-player,PvP,Online PvP,Shared/Split Screen PvP,Shared/Split Screen,Steam Achievements,Partial Controller Support,Steam Cloud,Family Sharing","Racing,Simulation,Sports","Racing,Driving,Offroad,Physics,Simulation,Sports,Singleplayer,Character Customization,3D,First-Person,Split Screen,Third Person,Multiplayer,Local Multiplayer,America,Automobile Sim"
Absolute Rummy for Windows 11,"May 7, 2023",0 - 20000,0,0,10.39,0,0,"['English', 'German']",True,False,False,0,0,0,1,0,0,0,magnussoft,magnussoft,"Single-player,Multi-player,PvP,Online PvP,Steam Cloud,Family Sharing",Casual,"Card Game,Casual,Tabletop,Singleplayer,Multiplayer,Family Friendly,Relaxing,PvP,2D,Realistic"
Alan Wake's American Nightmare,"May 22, 2012",1000000 - 2000000,21,0,0.89,90,0,"['English', 'German', 'French', 'Italian', 'Spanish - Spain', 'Japanese', 'Czech', 'Hungarian', 'Polish', 'Russian']",True,False,False,73,0,6527,2433,12,7486,176,Remedy Entertainment,Remedy Entertainment,"Single-player,Full controller support,Remote Play on TV,Family Sharing","Action,Adventure","Action,Adventure,Horror,Third Person,Singleplayer,Third-Person Shooter,Thriller,Psychological Horror,Mystery,Atmospheric,Arcade,Shooter,Cinematic,Survival Horror,Detective,Story Rich,Supernatural,Survival,Short,Controller"
Railroad Pioneer,"Jul 1, 2014",0 - 20000,0,0,0.99,80,0,"['English', 'German', 'Russian']",True,False,False,50,0,152,101,0,217,917,"Kritzelkratz 3000,JoWooD",HandyGames,"Single-player,Multi-player,Family Sharing","Simulation,Strategy","Simulation,Strategy,Trains,Management,Western"
HikiDama Playtest,"Jan 30, 2025",0 - 0,0,0,0.0,0,0,[],True,False,False,0,0,0,0,0,0,0,,,,,
The young mathematician: Easy difficulty,"Sep 20, 2018",0 - 20000,0,0,0.55,0,0,"['English', 'French', 'Italian', 'German', 'Spanish - Spain', 'Arabic', 'Bulgarian', 'Portuguese - Brazil', 'Hungarian', 'Greek', 'Danish', 'Traditional Chinese', 'Simplified Chinese', 'Korean', 'Dutch', 'Norwegian', 'Polish', 'Portuguese - Portugal', 'Romanian', 'Russian', 'Thai', 'Turkish', 'Ukrainian', 'Finnish', 'Czech', 'Swedish', 'Japanese']",True,False,False,0,0,31,7,40,0,0,Laush Dmitriy Sergeevich,Laush Studio,"Single-player,Steam Achievements,Family Sharing","Casual,Indie","Indie,Casual,Logic,Singleplayer,Fast-Paced,2D,Atmospheric,Puzzle,Music"
Gold Magic 800,"Sep 25, 2018",0 - 20000,0,0,0.0,0,0,['English'],True,False,False,0,0,4,2,0,0,0,Etqan Company,Etqan Company,"Single-player,Full controller support,Includes level editor",Casual,"Casual,Puzzle,Sokoban,Singleplayer"
Queens Garden: Sakura Season,"May 7, 2020",0 - 20000,0,0,1.49,0,0,"['English', 'French', 'Italian', 'German', 'Spanish - Spain', 'Portuguese - Brazil', 'Dutch']",True,False,False,0,0,16,3,0,0,0,Seven Sails Games,Seven Sails Games,"Single-player,Family Sharing","Action,Adventure,Casual,Indie,Strategy","Action,Adventure,Indie,Casual,Strategy,Match 3"
Lost in Place,"Mar 1, 2022",0 - 20000,0,0,9.99,0,0,['English'],True,False,False,0,0,2,0,0,0,0,Bright Corners LLC,Bright Corners LLC,"Single-player,Tracked Controller Support,VR Only,Steam Cloud,Family Sharing","Adventure,Casual,Racing","Racing,Flight,Casual,Tutorial,Arcade,Adventure,3D,Cute,VR,Relaxing,Colorful,6DOF,Singleplayer"
Dungeon Blocks,"Mar 9, 2022",0 - 20000,0,0,0.99,75,0,['English'],True,False,False,0,0,3,0,10,0,0,Fortcullis Games,Fortcullis Games,"Single-player,Full controller support,Family Sharing",Casual,"Casual,Puzzle,Sokoban,2D,Pixel Graphics,Fantasy,Controller,Grid-Based Movement,Singleplayer"
Candy Puzzle,"May 20, 2024",0 - 20000,0,0,0.49,51,0,['English'],True,False,False,0,0,7,12,5,0,0,Bonittor Games,Bonittor Games,"Single-player,Steam Achievements,Family Sharing","Adventure,Casual,Indie","FPS,Hidden Object,Hunting,Casual,Puzzle,Platformer,Adventure,Arcade,Walking Simulator,First-Person,Surreal,Linear,Indie,Fantasy,Physics,Singleplayer"
Beat 'Em Up Collection (QUByte Classics),"Jul 17, 2025",0 - 20000,0,0,12.99,0,0,"['English', 'Spanish - Spain', 'Portuguese - Brazil']",True,False,False,0,0,0,0,29,0,0,QUByte Interactive,"QUByte Interactive,Bleem.net,Piko Interactive LLC","Single-player,Multi-player,Co-op,Shared/Split Screen Co-op,Shared/Split Screen,Steam Achievements,Full controller support,Steam Cloud,Remote Play Together,Family Sharing","Action,Adventure,Casual",
Christmas Stories: The Legend of Toymakers Collector's Edition,"Feb 16, 2024",0 - 20000,1,0,6.99,0,0,"['English', 'French', 'German']",True,True,False,0,0,3,4,0,0,0,Elephant Games,BFG Entertainment,"Single-player,Family Sharing",Casual,"Casual,Puzzle,Hidden Object,Atmospheric,Relaxing,Tactical,Singleplayer"
Astral Gunners,"Jun 21, 2024",0 - 20000,0,0,9.99,0,1,['English'],True,False,False,0,0,54,0,75,0,0,Sati Bros,Sati Bros,"Single-player,Multi-player,Co-op,Shared/Split Screen Co-op,Shared/Split Screen,Steam Achievements,Full controller support,Custom Volume Controls,Adjustable Difficulty,Keyboard Only Option,Playable without Timed Input,Save Anytime,Stereo Sound,Steam Cloud,Steam Leaderboards,Remote Play Together,Family Sharing",Action,"Bullet Hell,Shoot 'Em Up,Action,Difficult,Great Soundtrack,Co-op,2D,Retro,Arcade,Score Attack,Side Scroller,Shooter,Funny,Singleplayer,Cartoony,Comedy,Old School,Stylized,Spaceships,Family Friendly"
Cage Girl,"May 23, 2025",0 - 20000,0,0,2.49,50,0,"['English', 'Simplified Chinese', 'French', 'Italian', 'German', 'Spanish - Spain', 'Russian', 'Japanese', 'Traditional Chinese', 'Korean']",True,False,False,0,0,0,0,0,0,0,MCGame,MCGame,"Single-player,Family Sharing","Adventure,Indie,RPG",
100 in 1 Game Collection,"Jun 19, 2025",0 - 20000,0,0,11.99,60,0,"['English', 'French', 'Italian', 'German', 'Spanish - Spain']",True,False,False,0,0,0,0,21,0,0,Digital Bards,Maximum Entertainment,"Single-player,Multi-player,Co-op,Shared/Split Screen Co-op,Shared/Split Screen,Steam Achievements,Full controller support,Steam Cloud,Steam Leaderboards,Remote Play Together,Family Sharing","Action,Casual",
Peg Adventure - Solo Noble,"Nov 13, 2020",0 - 20000,0,0,0.99,0,0,"['English', 'Portuguese - Brazil']",True,False,False,0,0,11,1,43,0,0,Dreamlight Games,Dreamlight Games,"Single-player,Steam Achievements,Family Sharing","Casual,Indie","Solitaire,Puzzle,Tabletop,Logic,Casual,Strategy,Relaxing,Isometric,Singleplayer,3D,Atmospheric,Indie"
Dangerous High School Girls in Trouble!™,"Feb 23, 2009",50000 - 100000,0,0,9.99,50,0,['English'],True,True,False,81,0,120,81,0,0,51,Mousechief,,"Single-player,Family Sharing","RPG,Indie,Casual","Investigation,Casual,Interactive Fiction,Board Game,Point & Click,Female Protagonist,RPG,2D,Cute,Story Rich,Historical,Surreal,Turn-Based Combat,Comedy,Adventure,Cartoon,Satire,Singleplayer,Indie,Minigames"
Winter Witch,"Nov 21, 2025",0 - 20000,0,0,5.99,0,0,['English'],True,False,False,0,0,0,0,4,0,0,solarVagrant,solarVagrant,"Single-player,Steam Achievements,Full controller support,Custom Volume Controls,Keyboard Only Option,Playable without Timed Input,Family Sharing","Adventure,Casual,Indie",
Starless Hotel,"Jan 16, 2023",0 - 20000,0,0,2.99,0,0,['English'],True,False,False,0,0,1,4,0,0,0,Pulsarnik Productions,Pulsarnik Productions,"Single-player,Family Sharing","Adventure,Indie","Adventure,Psychological Horror,Hidden Object,Narration,Puzzle,Singleplayer,Indie,3D,Gore"
Tom Clancy's Rainbow Six® Vegas,"Apr 9, 2008",200000 - 500000,5,17,2.49,75,0,"['English', 'French']",True,False,False,85,0,1187,304,0,1483,190,Ubisoft Montreal,Ubisoft,"Single-player,Multi-player,Family Sharing",Action,"Action,FPS,Tactical,Co-op,Singleplayer,Multiplayer,Shooter,First-Person,Classic,Online Co-Op,Stealth,Difficult,Third-Person Shooter,Military,Atmospheric"
Doomsday Paradise Playtest,"Apr 30, 2021",0 - 0,0,0,0.0,0,0,[],True,False,False,0,0,0,0,0,0,0,,,,,
DAVE a nice guy,"Aug 21, 2025",0 - 20000,0,0,5.99,0,0,['English'],True,False,False,0,0,0,0,20,0,0,noisy kazoo,noisy kazoo,"Single-player,Steam Achievements,Custom Volume Controls,Playable without Timed Input,Save Anytime,Family Sharing","Action,Casual,Indie",
Dirty Harry's Thunder Drive,"Feb 18, 2020",50000 - 100000,0,0,0.0,0,1,['English'],True,False,False,0,0,59,18,0,0,0,Thunder Clap,Thunder Clap,"Single-player,Partial Controller Support","Action,Casual,Free To Play,Racing,Simulation,Sports","Free to Play,Action,Casual,Simulation,Racing,Sports,Sandbox,Physics"
Atopes,"Jul 30, 2021",0 - 0,0,0,0.0,0,1,"['Japanese', 'English', 'Simplified Chinese']",True,False,False,0,0,0,0,0,0,0,Sato Fumiya,Sato Fumiya,Single-player,"Indie,Free To Play",
BAWs Pharmacy,"May 12, 2022",0 - 20000,0,0,0.0,0,0,['English'],True,False,False,0,0,0,0,0,0,0,CelleC Games,TDSDP is Transdisciplinary Data Scholars Development Program (TDSDP) - TDSDP Games Transdisciplinary Data Scholars Development Program at Bethune-Cookman University,Single-player,"Casual,Free To Play,Simulation,Strategy",
Tonic Melodic Playtest,"Oct 23, 2024",0 - 0,0,0,0.0,0,0,[],True,False,False,0,0,0,0,0,0,0,,,VR Only,,
Match Gem 99,"Dec 19, 2023",0 - 20000,0,0,4.99,0,0,"['English', 'Japanese', 'Korean']",True,True,True,0,0,11,3,6,0,0,Minimum Studio Corp.,Minimum Studio Corp.,"Multi-player,PvP,Online PvP,Steam Achievements,Family Sharing","Casual,Indie,Massively Multiplayer","Casual,Battle Royale,Puzzle,Match 3,Psychedelic,Survival,Family Friendly,PvP,Massively Multiplayer,Indie,Combat,Multiplayer"
Mystery Solitaire. Dreamcatcher,"Mar 31, 2021",0 - 20000,0,0,4.99,70,0,"['English', 'French', 'German', 'Russian']",True,False,False,0,0,7,1,0,0,0,Somer Games,8floor,"Single-player,Family Sharing",Casual,"Casual,Adventure,Indie,Card Game,Singleplayer"
If only I could go home early,"Apr 12, 2023",0 - 20000,1,0,1.99,50,0,"['English', 'Japanese', 'Simplified Chinese', 'Traditional Chinese']",True,False,False,0,0,129,10,25,132,0,五十游戏,NPC Entertainment,"Single-player,Family Sharing","Casual,Indie","Exploration,2D Platformer,Puzzle-Platformer,Cats,Puzzle,Point & Click,Life Sim,Dating Sim,RPG,Detective,Romance,Story Rich,Casual,Multiple Endings,Linear,Pixel Graphics,Stylized,Drama,Emotional,Mystery"
DropDisk,"Aug 30, 2024",0 - 0,0,0,0.0,0,0,['English'],True,False,False,0,0,0,0,4,0,0,Disk_C,Disk_C,Single-player,"Action,Casual,Indie,Free To Play",
Drawful 2,"Jun 20, 2016",500000 - 1000000,22,0,3.99,60,0,"['English', 'French', 'Italian', 'German', 'Spanish - Spain']",True,True,True,0,0,2983,1036,10,800,120,"Jackbox Games, Inc.","Jackbox Games, Inc.","Multi-player,PvP,Shared/Split Screen PvP,Steam Achievements,Full controller support,Steam Cloud,Remote Play on Phone,Remote Play on Tablet,Remote Play on TV,Remote Play Together,Family Sharing","Casual,Indie,Strategy","Local Multiplayer,Party,Multiplayer,Party Game,Casual,Local Co-Op,Indie,Funny,Family Friendly,Comedy,Hand-drawn,Board Game,Co-op,2D,Trivia,4 Player Local,PvP,Cute,Strategy,Sexual Content"
DOM RUSALOK,"Jan 6, 2021",0 - 20000,0,0,4.99,50,0,"['English', 'Russian']",True,False,False,0,0,172,48,15,206,214,Bonereaders,Bonereaders,"Single-player,Steam Achievements,Family Sharing","Adventure,Indie","Indie,Adventure,Atmospheric,Story Rich,Psychological Horror,Point & Click,1990's,Puzzle,Action,Exploration,Character Action Game,2D,Pixel Graphics,Demons,Dark,Lore-Rich,Fantasy,1980s,Detective,Walking Simulator"
Mythargia,"Feb 20, 2023",0 - 20000,0,0,1.79,70,0,['English'],True,False,True,0,0,48,3,10,0,0,RunByCoffee,Bonus Stage Publishing,"Single-player,Steam Achievements,Full controller support,Family Sharing","Adventure,Indie,RPG","Adventure,RPG,Exploration,Investigation,Noir,Puzzle,Side Scroller,2D,Pixel Graphics,Dark,Horror,Mystery,Psychological,Retro,Supernatural,Thriller,Story Rich,Singleplayer,Indie,Action-Adventure"
Never Return,"Aug 20, 2021",100000 - 200000,1,0,13.99,0,0,"['English', 'Simplified Chinese']",True,False,False,0,0,1207,419,44,1454,512,YeMuNetWork,Cyberisle,"Single-player,Multi-player,PvP,Shared/Split Screen PvP,Co-op,Shared/Split Screen Co-op,Shared/Split Screen,Steam Achievements,Partial Controller Support,Steam Cloud,Family Sharing","Action,Adventure,Indie,Early Access","Loot,Rogue-lite,Action-Adventure,Indie,Underground,Third Person,Local Co-Op,Character Customization,Action,Combat,Adventure,Singleplayer,Co-op,Early Access,Multiplayer,Hack and Slash,Action RPG"
Cheese Rolling,"Aug 19, 2025",0 - 0,0,0,0.0,0,0,['English'],True,True,False,0,0,0,0,6,0,0,The Interviewed,The Interviewed,"Single-player,Multi-player,PvP,Online PvP,Steam Achievements,Full controller support,In-App Purchases,Camera Comfort,Custom Volume Controls,Playable without Timed Input,Stereo Sound,Surround Sound","Action,Casual,Indie,Free To Play",
Lucky Slots,"Apr 5, 2023",0 - 20000,1,0,1.99,75,0,"['English', 'French', 'Italian', 'German', 'Spanish - Spain', 'Portuguese - Brazil']",True,False,False,0,0,8,4,11,0,0,NYX Digital Ltd,Funbox Media Ltd,"Single-player,Steam Achievements,Steam Leaderboards,Family Sharing",Casual,"Casual,Gambling,Match 3,Board Game,Card Game,2D,Tabletop,Singleplayer"
Fantasy Raiders,"Jul 25, 2018",0 - 20000,0,0,14.99,0,0,"['English', 'Korean']",True,True,False,0,0,10,4,10,0,0,Maverick Games Inc.,Maverick Games Inc.,"Single-player,Steam Achievements,Family Sharing","Adventure,Casual,Indie,RPG,Early Access","Adventure,RPG,Early Access,Indie,Casual,Rogue-lite,Cute,Puzzle,Dating Sim"
Of Murder and Moonshine,"Mar 1, 2024",0 - 20000,0,0,2.24,85,0,['English'],True,False,False,0,0,6,2,0,0,0,Prestige WWW,Prestige WWW,"Single-player,Family Sharing","Action,Indie","Shooter,Atmospheric,Side Scroller,Pixel Graphics,Assassin,Stealth,Action,Indie,Crime,Stylized,Combat,Retro,2D,Singleplayer"
Escape from Demon Island,"Jul 14, 2023",0 - 20000,0,0,0.59,70,0,"['English', 'French', 'Italian', 'German', 'Spanish - Spain', 'Russian', 'Turkish', 'Japanese', 'Polish', 'Simplified Chinese', 'Traditional Chinese', 'Portuguese - Brazil', 'Korean']",True,False,False,0,0,2,1,0,0,0,川流游戏,川流游戏,"Single-player,Partial Controller Support,Family Sharing","Indie,Strategy","Strategy,Vampire,Survival,Rogue-like,Casual,Card Game,Tower Defense,Shooter,Top-Down Shooter,Looter Shooter,Bullet Hell,Shoot 'Em Up,Rogue-lite,2D,Top-Down,Pixel Graphics,Cartoon,Combat,Score Attack,Singleplayer"
Hero Barrier,"Mar 30, 2017",20000 - 50000,0,0,0.99,0,0,"['English', 'Simplified Chinese', 'Traditional Chinese']",True,False,False,0,0,48,28,159,0,208,The Rock Studio,"Beijing New Era Network Technology Co., Ltd.","Single-player,Steam Achievements,Steam Trading Cards,Steam Cloud,Family Sharing","Action,Adventure,Indie","Action,Adventure,Indie"
Kingdomfall,"Jul 15, 2022",0 - 20000,0,0,9.99,0,0,['English'],True,False,False,0,0,0,1,0,0,0,Labrintine,Labrintine,"Multi-player,PvP,Online PvP,Family Sharing","Action,Early Access","Action,Hack and Slash,Third-Person Shooter,Fantasy,Multiplayer,Medieval,Magic,RPG,Action RTS,Third Person,PvP,Combat,Controller,PvE,Stealth,Singleplayer,Action RPG,Early Access,Violent"
A Coloring Break,"Jan 17, 2025",0 - 0,0,0,0.0,0,11,"['English', 'French', 'Italian', 'German', 'Spanish - Spain', 'Danish', 'Ukrainian', 'Russian', 'Bulgarian', 'Hungarian', 'Indonesian', 'Turkish', 'Greek', 'Norwegian', 'Czech', 'Japanese', 'Polish', 'Thai', 'Swedish', 'Simplified Chinese', 'Traditional Chinese', 'Romanian', 'Finnish', 'Dutch', 'Portuguese - Brazil', 'Portuguese - Portugal', 'Spanish - Latin America', 'Vietnamese', 'Arabic', 'Korean', 'Uzbek', 'Urdu', 'Armenian', 'Igbo', 'Sindhi', 'Sinhala', 'Croatian', 'Icelandic', 'Cherokee', 'Galician', 'Catalan', 'Afrikaans', 'Kannada', 'Luxembourgish', 'Hindi', 'Gujarati', 'Kyrgyz', 'Kazakh', 'Turkmen', K'iche', 'Kinyarwanda', 'Tajik', 'Serbian', 'Odia', 'Welsh', 'Konkani', 'Bangla', 'Nepali', 'Basque', 'Hebrew', 'Latvian', 'Tigrinya', 'Slovak', 'Slovenian', 'Swahili', 'Punjabi (Gurmukhi)', 'Punjabi (Shahmukhi)', 'Georgian', 'Maori', 'Wolof', 'Bosnian', 'Persian', 'Telugu', 'Tamil', 'Irish', 'Estonian', 'Valencian', 'Belarusian', 'Quechua', 'Zulu', 'Xhosa', 'Lithuanian', 'Sotho', 'Sorani', 'Yoruba', 'Uyghur', 'Scots', 'Tswana', 'Filipino', 'Mongolian', 'Hausa', 'Dari', 'Azerbaijani', 'Amharic', 'Albanian', 'Assamese', 'Tatar', 'Macedonian', 'Marathi', 'Malayalam', 'Malay', 'Maltese', 'Khmer']",True,False,False,0,0,0,0,0,0,0,Catnip studio,Catnip studio,Single-player,"Casual,Indie,Simulation,Free To Play",
The Sky Climber,"Nov 9, 2018",0 - 20000,0,0,1.99,0,0,['English'],True,True,True,0,0,8,2,15,0,0,Tormentor Games,Tormentor Games,"Single-player,Steam Achievements,Partial Controller Support,Steam Leaderboards,Family Sharing","Casual,Indie","Indie,Casual,Platformer,Retro,Runner,Singleplayer,Adventure,Soundtrack,Survival,Action,Arcade,Rogue-lite,Physics,Fast-Paced,Minimalist,Action-Adventure,Rogue-like,Colorful,3D Platformer,Controller"
Molten Maze,"May 25, 2025",0 - 20000,0,0,54.99,0,0,['English'],True,False,False,0,0,0,0,0,0,0,GrubItGames,GrubItGames,"Single-player,Family Sharing",Indie,
Chat with Yu,"Sep 21, 2022",0 - 20000,0,0,0.49,0,0,"['English', 'Portuguese - Brazil']",True,True,True,0,0,0,0,33,0,0,Faphood,Faphood,"Single-player,Steam Achievements,Family Sharing","Casual,Indie",
The Bear And The Admiral,"Apr 24, 2025",20000 - 50000,0,0,7.99,0,0,"['English', 'French', 'Italian', 'German', 'Spanish - Spain', 'Japanese', 'Korean', 'Polish', 'Portuguese - Brazil', 'Russian', 'Simplified Chinese', 'Traditional Chinese']",True,False,False,0,0,2,0,0,0,0,Jack Boylan,Jack Boylan,"Single-player,Multi-player,Co-op,Shared/Split Screen Co-op,Shared/Split Screen,Full controller support,Family Sharing",Indie,"1990's,Cartoon,Hand-drawn,Co-op,Funny,Cartoony,Platformer,Cute,Colorful,2D Platformer,Comedy,Animation & Modeling,Space,2D,Shoot 'Em Up,Family Friendly,Aliens,Side Scroller,1980s,Action"
Sorgina: A Tale of Witches,"May 30, 2017",0 - 20000,0,0,9.99,0,0,"['English', 'Spanish - Spain']",True,False,False,0,0,6,3,38,0,276,Binary Soul,Binary Soul,"Single-player,Steam Achievements,Steam Trading Cards,Partial Controller Support,Steam Cloud,Family Sharing","Adventure,Indie","Indie,Adventure,Family Friendly,Female Protagonist,3D Platformer"
Telly the TV,"Oct 24, 2024",0 - 0,0,0,0.49,0,0,"['English', 'French', 'Italian', 'German', 'Spanish - Spain', 'Arabic', 'Bulgarian', 'Czech', 'Danish', 'Dutch', 'Finnish', 'Greek', 'Hungarian', 'Indonesian', 'Japanese', 'Korean', 'Norwegian', 'Polish', 'Portuguese - Brazil', 'Portuguese - Portugal', 'Romanian', 'Russian', 'Simplified Chinese', 'Spanish - Latin America', 'Swedish', 'Thai', 'Traditional Chinese', 'Turkish', 'Ukrainian', 'Vietnamese', 'Afrikaans', 'Albanian', 'Amharic', 'Armenian', 'Assamese', 'Azerbaijani', 'Bangla', 'Basque', 'Belarusian', 'Bosnian', 'Catalan', 'Cherokee', 'Croatian', 'Dari', 'Estonian', 'Filipino', 'Galician', 'Georgian', 'Gujarati', 'Hausa', 'Hebrew', 'Hindi', 'Icelandic', 'Igbo', 'Irish', K'iche', 'Kannada', 'Kazakh', 'Khmer', 'Kinyarwanda', 'Konkani', 'Kyrgyz', 'Latvian', 'Lithuanian', 'Luxembourgish', 'Macedonian', 'Malay', 'Malayalam', 'Maltese', 'Maori', 'Marathi', 'Mongolian', 'Nepali', 'Odia', 'Persian', 'Punjabi (Gurmukhi)', 'Punjabi (Shahmukhi)', 'Quechua', 'Scots', 'Serbian', 'Sindhi', 'Sinhala', 'Slovak', 'Slovenian', 'Sorani', 'Sotho', 'Swahili', 'Tajik', 'Tamil', 'Tatar', 'Telugu', 'Tigrinya', 'Tswana', 'Turkmen', 'Urdu', 'Uyghur', 'Uzbek', 'Valencian', 'Welsh', 'Wolof', 'Xhosa', 'Yoruba', 'Zulu']",True,False,True,0,0,0,0,18,0,0,Extra Mustard,Extra Mustard,"Single-player,Steam Achievements,Full controller support,Family Sharing","Action,Adventure,Indie",
Golf Up Tropical,"Apr 18, 2025",0 - 20000,0,0,3.49,0,0,"['English', 'French', 'Italian', 'German', 'Spanish - Spain', 'Japanese', 'Portuguese - Portugal']",True,False,False,0,0,0,0,14,0,0,Super PowerUp Games,Super PowerUp Games,"Single-player,Multi-player,PvP,Shared/Split Screen PvP,Shared/Split Screen,Steam Achievements,Full controller support,Steam Cloud,Remote Play on TV,Remote Play Together,Family Sharing","Casual,Simulation,Sports",
JUSTICE LEGION,"Jun 27, 2018",0 - 20000,0,0,2.99,0,0,"['English', 'Japanese']",True,False,False,0,0,0,0,0,0,0,TEASOFT,TEASOFT,"Single-player,Partial Controller Support,Family Sharing","Action,Casual,Indie,Strategy",
The Infinite Manor,"Oct 22, 2025",0 - 0,0,0,1.99,0,0,"['English', 'French', 'Italian', 'German', 'Spanish - Spain']",True,False,False,0,0,0,0,10,0,0,Judox Studio,Judox Studio,"Single-player,Steam Achievements,Full controller support,Custom Volume Controls,Adjustable Difficulty,Narrated Game Menus,Playable without Timed Input,Save Anytime,Steam Cloud,Family Sharing","Casual,Indie",
Rock Digger Playtest,"Sep 6, 2024",0 - 0,0,0,0.0,0,0,[],True,False,False,0,0,0,0,0,0,0,,,,,
Classic Marathon 2,"Jul 12, 2024",0 - 0,0,0,0.0,0,1,['English'],True,True,True,0,0,0,0,12,0,0,Aleph One Developers,Aleph One Developers,"Single-player,Multi-player,PvP,Online PvP,LAN PvP,Co-op,Online Co-op,LAN Co-op,Cross-Platform Multiplayer,Steam Achievements,Steam Workshop,Partial Controller Support,Steam Cloud","Action,Free To Play",
Bladesong Playtest,"Sep 1, 2025",0 - 0,0,0,0.0,0,0,[],True,False,False,0,0,0,0,0,0,0,,,,,
Werewolf Voice - Ultimate Werewolf Party,"May 7, 2020",0 - 20000,0,0,0.0,0,0,"['English', 'Thai', 'Vietnamese', 'Portuguese - Brazil']",True,True,False,0,0,33,22,0,0,0,Heallios Studio,Heallios Studio,"Multi-player,PvP,Online PvP,Cross-Platform Multiplayer,In-App Purchases","Casual,Free To Play,RPG,Simulation,Early Access","Free to Play,Casual,RPG,Simulation,Early Access,Nudity,Multiplayer,Werewolves,Strategy,Social Deduction,Board Game,Card Game,Real Time Tactics,Card Battler,2D,Cartoon,Cute,Atmospheric,LGBTQ+,Tactical"
Running out,"May 15, 2025",0 - 20000,0,0,4.89,30,0,"['English', 'French', 'Spanish - Spain']",True,False,True,0,0,1,0,16,0,0,Unwild games,Unwild games,"Single-player,Steam Achievements,Full controller support,Steam Cloud,Steam Leaderboards,Family Sharing",Action,"Platformer,Action,Score Attack,Time Management,Resource Management,Controller,Adventure,Exploration,Space,2D,Pixel Graphics,Singleplayer"
Whispike Survivors - Sword of the Necromancer,"Jul 20, 2023",0 - 20000,0,0,2.99,0,0,"['English', 'Spanish - Spain', 'Catalan', 'French', 'German', 'Simplified Chinese', 'Japanese', 'Portuguese - Brazil']",True,False,False,0,0,26,13,24,0,0,Grimorio of Games,Grimorio of Games,"Single-player,Steam Achievements,Full controller support,Family Sharing","Action,Casual,Indie,RPG","Action,Casual,RPG,Action Roguelike,Bullet Hell,Rogue-lite,Survival,2D,Dark Fantasy,Pixel Graphics,PvE,Singleplayer,Controller,Indie,Agriculture,Farming Sim,Retro,Funny"
Changes,"Oct 12, 2021",0 - 20000,0,0,9.99,0,0,['English'],True,False,False,0,0,4,0,0,0,0,Et Al Games,Et Al Games,"Single-player,Full controller support,Family Sharing",Indie,"Indie,Sokoban,Puzzle,Grid-Based Movement,Logic,Relaxing,Atmospheric,Top-Down,Abstract,Controller,Colorful,Stylized,Singleplayer,Music,Programming,Simulation,Education,Minimalist,Psychedelic,Game Development"
免费游戏 THE GAME FOR FREE,"Oct 22, 2025",0 - 0,0,0,0.0,0,0,['Simplified Chinese'],True,False,False,0,0,0,0,19,0,0,Sandwer Game 沙塔游戏,Sandwer Game 沙塔游戏,"Single-player,Steam Achievements","Casual,Indie,RPG,Free To Play",
Wildcard,"Oct 21, 2025",0 - 0,0,0,0.0,0,0,['English'],True,False,False,0,0,0,0,0,0,0,The Wildcard Alliance,The Wildcard Alliance,"Multi-player,PvP,Online PvP,Co-op,Online Co-op,In-App Purchases,Color Alternatives,Custom Volume Controls,Stereo Sound","Action,Indie,Strategy,Free To Play,Early Access",
QPet,"Nov 18, 2025",0 - 20000,0,0,0.0,0,1,"['English', 'Simplified Chinese', 'Japanese', 'Korean']",True,False,False,0,0,0,0,26,0,0,XDesktop,XDesktop,"Steam Achievements,Steam Workshop,Steam Cloud,Stats,Steam Leaderboards","Action,Casual,Simulation,Free To Play,Animation & Modeling,Utilities",
Sarpedon,"Oct 30, 2024",0 - 0,0,0,0.0,0,0,['English'],True,False,False,0,0,0,0,11,0,0,Colby Bird,Colby Bird,"Single-player,Steam Achievements","Adventure,Free To Play",
FIND ALL: Christmas,"Dec 12, 2024",0 - 0,0,0,0.0,0,1,"['English', 'Russian', 'Czech']",True,True,True,0,0,0,0,36,0,0,Very Very LITTLE Studio,Very Very LITTLE Studio,"Single-player,Steam Achievements,Steam Cloud","Casual,Indie,Free To Play",
Daugger,"Apr 2, 2024",0 - 20000,0,0,7.99,0,0,['English'],True,False,False,0,0,1,0,23,0,0,Danny Hance,Danny Hance,"Single-player,Steam Achievements,Full controller support,Family Sharing",Casual,"Casual,Walking Simulator,Top-Down,Dog,Pixel Graphics,Investigation,Action-Adventure,Retro,2D,Relaxing,Exploration,Cartoony,Colorful,Family Friendly,Adventure,Linear,Female Protagonist,Singleplayer,Indie"
Delivery Boy,"Feb 15, 2024",0 - 20000,0,0,3.99,60,0,"['English', 'French', 'Italian', 'German', 'Spanish - Spain', 'Russian']",True,False,False,0,0,7,4,0,0,0,Poroshin Develop,Poroshin Develop,"Single-player,Family Sharing","Indie,Simulation","Singleplayer,3D,First-Person,Simulation,Open World,Walking Simulator,Life Sim,Hidden Object,Building,Base-Building,Exploration,Crafting,Loot,Management,Looter Shooter,FPS,Cute,Relaxing,Resource Management,Economy"
Dead 2 Rise,"Nov 7, 2025",0 - 20000,0,0,24.99,0,0,['English'],True,False,False,0,0,0,0,0,0,0,"Rahmat M,Sharifa Taraki",Genifinity INC.,"Single-player,Color Alternatives,Custom Volume Controls,Playable without Timed Input,Save Anytime,Stereo Sound,Surround Sound,Family Sharing","Action,Adventure,Indie",
Double Detective,"May 26, 2023",0 - 20000,0,0,0.99,0,0,"['English', 'Simplified Chinese', 'French', 'Italian', 'German', 'Spanish - Spain', 'Japanese', 'Korean', 'Russian', 'Traditional Chinese']",True,False,False,0,0,13,1,0,0,0,626 Interactive,626 Interactive,"Single-player,Family Sharing","Adventure,Casual","Casual,Hidden Object,Puzzle,Relaxing,Isometric,Adventure,Minimalist,Atmospheric,Family Friendly,Singleplayer,3D,Cute,Point & Click,Exploration"
Base of War,"Jun 6, 2023",0 - 0,0,0,0.0,0,0,"['English', 'Turkish', 'French', 'Italian', 'German', 'Arabic', 'Russian', 'Vietnamese', 'Spanish - Spain']",True,False,False,0,0,0,0,0,0,0,Atom Games,Atom Games,"Multi-player,PvP,Online PvP,Co-op,Online Co-op,Cross-Platform Multiplayer,In-App Purchases","Indie,Massively Multiplayer,Strategy,Free To Play",
Summerland,"Dec 1, 2020",200000 - 500000,2,0,0.0,0,1,['English'],True,False,False,0,0,1567,145,9,0,0,"FYRE Games,Conner Rush",FYRE Games,"Single-player,Steam Achievements,Full controller support","Adventure,Indie,Free To Play","Adventure,Story Rich,Walking Simulator,Atmospheric,First-Person,Point & Click,Exploration,Interactive Fiction,Philosophical,Cinematic,3D,Detective,Investigation,Linear,Puzzle,Realistic,Emotional,Stylized,Free to Play,Mystery"
Bibi & Tina - Adventures with Horses,"Nov 12, 2018",0 - 20000,0,0,3.99,80,0,"['English', 'French', 'Italian', 'German', 'Spanish - Spain']",True,False,False,0,0,13,14,27,0,0,Independent Arts Software,"familyplay,Markt+Technik","Single-player,Steam Achievements,Full controller support,Family Sharing","Casual,Simulation,Sports","Casual,Simulation,Sports,Horses,Female Protagonist,Family Friendly"
シノビザムライ／Shinobi Samurai,"Jul 14, 2025",0 - 0,0,0,7.99,0,0,"['English', 'Japanese']",True,False,False,0,0,0,0,0,0,0,MIZUBLUE GAMES,MIZUBLUE GAMES,"Single-player,Mouse Only Option,Playable without Timed Input,Save Anytime,Family Sharing","Adventure,Indie",
BEAK BLADES,"Apr 29, 2024",0 - 20000,0,0,9.99,0,0,['English'],True,False,False,0,0,4,0,0,0,0,GoolWorks,GoolWorks,"Single-player,Multi-player,PvP,Shared/Split Screen PvP,Shared/Split Screen,Full controller support,Remote Play Together,Family Sharing","Action,Casual","Action,4 Player Local,Cute,Arena Shooter,Swordplay,Arcade,Comedy,3D Fighter,Local Multiplayer,Casual,Cartoony,Colorful,Beat 'em up,Stylized,3D,Cartoon,Combat,Top-Down,Destruction,Family Friendly"
Drone Adventure,"May 27, 2024",0 - 20000,0,0,0.99,0,0,['English'],True,False,True,0,0,2,0,0,0,0,Finns Wonderland,Finns Wonderland,"Single-player,Partial Controller Support,Family Sharing","Adventure,Indie,Simulation","Adventure,Simulation,Sandbox,Shooter,Exploration,Immersive Sim,Shoot 'Em Up,3D,Colorful,Aliens,Dog,Fantasy,Sci-fi,Survival,Hack and Slash,Trading,Tutorial,Singleplayer,Indie"
Pillars Of Protection,"Oct 21, 2022",0 - 20000,0,0,2.99,0,0,['English'],True,False,False,0,0,0,1,0,0,0,Garett A C Hunter,Garett A C Hunter,"Single-player,Multi-player,PvP,Online PvP,Co-op,Online Co-op,Family Sharing","Action,Indie,Strategy","Tower Defense,Building,Survival,Multiplayer,Co-op,Hero Shooter,Team-Based,Strategy,PvP,PvE,Shooter,3D,First-Person,Third Person,Controller,Fantasy,Magic,Tactical,Combat,Online Co-Op"
Gift Girl,"Mar 13, 2020",20000 - 50000,0,0,1.99,0,1,"['English', 'French', 'Italian', 'German', 'Spanish - Spain', 'Danish', 'Ukrainian', 'Russian', 'Bulgarian', 'Hungarian', 'Turkish', 'Greek', 'Norwegian', 'Czech', 'Japanese', 'Polish', 'Thai', 'Swedish', 'Simplified Chinese', 'Traditional Chinese', 'Romanian', 'Finnish', 'Dutch', 'Portuguese - Portugal', 'Portuguese - Brazil', 'Spanish - Latin America', 'Vietnamese', 'Arabic', 'Korean']",True,False,False,0,0,387,186,0,509,80,3DPet,3DPet,"Single-player,Steam Cloud,Family Sharing","Casual,Indie","Casual,Indie,Nudity,Sexual Content,Female Protagonist,Anime,Cute,Mature"
Curse of Anabelle,"Feb 20, 2020",0 - 20000,0,0,2.99,0,0,"['English', 'French', 'Italian', 'German', 'Spanish - Spain', 'Turkish', 'Simplified Chinese', 'Russian', 'Portuguese - Brazil']",True,False,False,0,0,87,47,38,0,0,Rocwise Entertainment,Rocwise Entertainment,"Single-player,Steam Achievements,Family Sharing","Action,Adventure,Indie","Adventure,Indie,Action,Horror,Mystery,Exploration,First-Person,Atmospheric,Dark,Story Rich,Singleplayer,Survival,Walking Simulator"
The Silver Case,"Oct 6, 2016",100000 - 200000,4,0,4.99,75,1,"['English', 'Japanese']",True,True,True,64,0,773,102,25,862,601,"GRASSHOPPER MANUFACTURE INC.,PLAYISM",GRASSHOPPER MANUFACTURE INC.,"Single-player,Steam Achievements,Steam Trading Cards,Partial Controller Support,Family Sharing",Adventure,"Adventure,Investigation,Mystery,Crime,Visual Novel,Story Rich,Detective,Text-Based,Singleplayer,Choose Your Own Adventure,Funny,Puzzle,Anime,Exploration,Horror,Psychological Horror,Atmospheric,Psychological,Dark,1990's"
Vintage Records from Hell,"Oct 31, 2022",0 - 20000,0,0,8.99,0,0,['English'],True,False,False,0,0,7,4,14,0,0,Doubleton Game Studio,Doubleton Game Studio,"Single-player,Family Sharing","Casual,Simulation","Casual,Simulation,Visual Novel,2D,Comic Book,Dark Humor,Management,Old School,Retro,Inventory Management,Resource Management,Singleplayer"
Actua Golf,"Dec 13, 2022",0 - 20000,0,0,7.99,0,0,['English'],True,False,False,0,0,6,0,0,0,0,Gremlin Interactive,Pixel Games UK,"Single-player,Multi-player,PvP,Shared/Split Screen PvP,Shared/Split Screen,Partial Controller Support,Steam Cloud,Remote Play Together,Family Sharing","Simulation,Sports","Sports,Retro,Simulation,Golf,3D,Third Person,PvP,Old School,Multiplayer,Singleplayer"
SOK MIN,"Apr 18, 2018",0 - 20000,0,0,0.49,90,1,"['English', 'Russian']",True,False,False,0,0,93,9,103,102,0,Siberian Mouse,Siberian Mouse,"Single-player,Steam Achievements,Steam Cloud,Steam Leaderboards,Family Sharing","Casual,Indie","Casual,Indie,Sokoban,Puzzle,Minimalist,Singleplayer,Abstract,Strategy,Turn-Based Strategy,2D,Logic,Perma Death,Grid-Based Movement,Difficult"
Ball King Jam Playtest,"Oct 2, 2023",0 - 0,0,0,0.0,0,0,[],True,False,False,0,0,0,0,0,0,0,,,,,
Dark Age Legends Playtest,"Jul 5, 2024",0 - 0,0,0,0.0,0,0,[],True,False,False,0,0,0,0,0,0,0,,,,,
Plastiland,"Dec 1, 2015",0 - 20000,0,0,3.99,0,0,['English'],True,False,False,0,0,63,30,0,0,576,"FreshGem,Zillion Whales",Zillion Whales,"Single-player,Steam Trading Cards,Steam Cloud,Family Sharing","Action,Adventure,Casual,Indie,Strategy","Casual,Indie,Adventure,Puzzle,Singleplayer,Puzzle-Platformer,Platformer,Atmospheric,Side Scroller,Family Friendly,Cartoony,Action,Funny,Hand-drawn,Cartoon,Comedy,Strategy,3D Platformer,Animation & Modeling,Action-Adventure"
Fishing Pro Simulator,"Sep 8, 2025",0 - 20000,0,0,2.99,50,0,"['English', 'French', 'Italian', 'German', 'Spanish - Spain', 'Arabic', 'Japanese', 'Korean', 'Portuguese - Brazil', 'Portuguese - Portugal', 'Russian', 'Simplified Chinese', 'Spanish - Latin America', 'Traditional Chinese']",True,False,False,0,0,0,0,0,0,0,Hard Shark Games,Hard Shark Games,"Single-player,Family Sharing","Casual,Indie,Simulation,Sports,Early Access",
Detian Waterfall in Chongzuo City,"Dec 3, 2025",0 - 0,0,0,1.99,0,0,['English'],True,False,False,0,0,0,0,0,0,0,hgmGame,hgmGame,"Single-player,Family Sharing",Casual,
evolution for beginners,"Apr 27, 2020",0 - 20000,0,0,3.49,0,0,['English'],True,False,False,0,0,1,1,0,0,0,Nils Krautkremer,Nils Krautkremer,"Single-player,Family Sharing","Casual,Indie,Simulation","Simulation,Indie,Casual,Science,Artificial Intelligence"
Dodge Master,"Feb 22, 2017",0 - 20000,0,0,4.99,0,0,['English'],True,False,False,0,0,1,0,14,0,0,Downpour Studios,Downpour Studios,"Single-player,Steam Achievements,Full controller support,Family Sharing","Action,Indie,Racing","Indie,Racing,Action"
Commander Keen,"Aug 3, 2007",100000 - 200000,4,0,1.99,60,0,['English'],True,False,False,0,0,1402,99,0,1427,60,id Software,id Software,"Single-player,Steam Cloud,Family Sharing",Action,"Platformer,Classic,1990's,2D,Action,Retro,Old School,Singleplayer,Sci-fi,Family Friendly,Side Scroller,Adventure,Nostalgia,Pixel Graphics"
Tree Bonsai,"Nov 14, 2019",0 - 20000,0,0,0.49,51,0,"['English', 'Simplified Chinese']",True,True,False,0,0,135,31,21,139,0,PanGuoJun,PanGuoJun,"Single-player,Steam Achievements,Steam Cloud,Family Sharing","Casual,Indie,Simulation","Casual,Simulation,Indie,Relaxing,Minimalist,Procedural Generation,Sandbox,Nature,Surreal,Experimental,Atmospheric,Farming Sim,Life Sim,Puzzle,Sexual Content,3D Platformer,Idler,Immersive Sim,Creature Collector,Clicker"
僕の駒山を守って,"Aug 1, 2024",0 - 20000,0,0,0.89,70,0,['Japanese'],True,False,False,0,0,0,0,0,0,0,ChiveGames,ChiveGames,"Single-player,Family Sharing",Strategy,
World Splitter,"Apr 21, 2021",0 - 20000,0,0,7.99,0,0,"['English', 'French', 'German', 'Spanish - Spain', 'Polish', 'Russian']",True,False,False,0,0,16,4,23,0,0,NeoBird,Spaceflower,"Single-player,Multi-player,Co-op,Shared/Split Screen Co-op,Shared/Split Screen,Steam Achievements,Full controller support,Stats,Remote Play Together,Family Sharing","Adventure,Casual,Indie","Puzzle-Platformer,2D Platformer,Family Friendly,Local Co-Op,Logic,Cute,Difficult,Puzzle,Precision Platformer,Colorful,Indie,Platformer,Casual,Split Screen,Controller,Singleplayer,2D,Adventure,Action,Arcade"
Worst Nightmare,"Jan 20, 2021",0 - 20000,0,0,5.49,0,0,"['English', 'Croatian']",True,False,False,0,0,1,4,10,0,0,Marca59,Marca59,"Single-player,Steam Achievements,Steam Cloud,Family Sharing","Adventure,Indie","Horror,Indie,Adventure,First-Person,Puzzle,Singleplayer,Walking Simulator,Hidden Object,Puzzle-Platformer"
Descenders,"May 7, 2019",500000 - 1000000,190,0,6.24,75,1,"['English', 'French', 'Italian', 'German', 'Spanish - Spain', 'Dutch', 'Simplified Chinese', 'Traditional Chinese', 'Russian', 'Japanese', 'Korean', 'Portuguese - Brazil', 'Portuguese - Portugal', 'Turkish', 'Greek', 'Polish', 'Estonian']",True,True,True,78,0,18141,1092,42,17632,772,RageSquid,No More Robots,"Single-player,Multi-player,PvP,Online PvP,Steam Achievements,Full controller support,Steam Trading Cards,Steam Cloud,Stats,Steam Leaderboards,Remote Play on TV,Family Sharing","Action,Racing,Sports","Sports,Racing,Cycling,Action,Bikes,Multiplayer,Great Soundtrack,Procedural Generation,Open World,Rogue-lite,BMX,Fast-Paced,Simulation,Physics,Moddable,Relaxing,Addictive,Difficult,Beautiful,Competitive"
Leaf's Odyssey,"May 17, 2024",0 - 20000,3,0,15.0,0,0,['English'],True,True,True,0,0,104,1,0,0,985,ludobloom,ludobloom,"Single-player,Partial Controller Support,Includes level editor,Family Sharing","Casual,Indie","Puzzle,Grid-Based Movement,Logic,Turn-Based Tactics,Exploration,Casual,2D,Top-Down,Nonlinear,Pixel Graphics,Colorful,Level Editor,Indie,Family Friendly,Combat,Singleplayer,Fantasy"
Speedollama,"Oct 21, 2024",0 - 20000,0,0,2.24,75,2,"['English', 'French', 'Italian', 'German', 'Spanish - Spain', 'Japanese', 'Korean', 'Russian', 'Simplified Chinese', 'Traditional Chinese']",True,True,True,0,0,21,1,19,0,0,Chaosmonger Studio,Chaosmonger Studio,"Single-player,Steam Achievements,Full controller support,Steam Cloud,Family Sharing","Action,Adventure,Indie","Shoot 'Em Up,Platformer,Indie,Arcade,Shooter,Pixel Graphics,Singleplayer,Action,Metroidvania,Side Scroller,Funny,2D Platformer,Female Protagonist,Collectathon,Controller,Procedural Generation,Parody,Action Roguelike,2D,Adventure"
回南天 Damp Southern Days,"Apr 7, 2025",0 - 20000,0,0,0.59,40,0,['Simplified Chinese'],True,False,False,0,0,4,0,0,0,0,昏暗骑士,昏暗骑士,"Single-player,Family Sharing","Casual,Indie","Casual,Visual Novel,Text-Based,Relaxing,Drama,Solitaire,Card Game,Rogue-lite,Voxel,Noir,Cooking,Multiple Endings,Narration,Minimalist,Emotional,Atmospheric,Modern,Singleplayer,Score Attack,Indie"
Population Quiz,"Mar 21, 2025",0 - 20000,0,0,1.99,0,0,['English'],True,True,True,0,0,0,0,18,0,0,Source Byte,Source Byte,"Single-player,Steam Achievements,Partial Controller Support,Remote Play Together,Family Sharing","Casual,Indie,Racing,Strategy",
tick-hunter,"Jul 13, 2017",0 - 20000,0,0,0.99,0,0,['English'],True,False,False,0,0,5,13,0,0,0,StalkerAlex,StalkerAlex.,"Single-player,VR Supported,Family Sharing","Action,Indie","Action,Indie"
WebbVR: The James Webb Space Telescope Virtual Experience,"Oct 31, 2018",20000 - 50000,0,0,0.0,0,0,"['English', 'Spanish - Spain']",True,False,False,0,0,61,7,0,0,0,Space Telescope Science Institute,Space Telescope Science Institute,"Single-player,Tracked Controller Support,VR Only,Captions available","Casual,Free To Play,Simulation","Free to Play,Casual,Simulation,VR,Space,Space Sim,Exploration,Physics"
Soulcaster,"Sep 1, 2020",20000 - 50000,0,0,0.0,0,0,['English'],True,False,False,0,0,67,6,11,0,0,StarByte,DigiPen Institute of Technology,"Single-player,Steam Achievements,Full controller support",Free To Play,"2D Platformer,Puzzle-Platformer,Platformer,2D,Underground,Puzzle,Cartoony,Free to Play,Fantasy,Magic,Singleplayer"
UNGALAND! Playtest,"Oct 25, 2025",0 - 0,0,0,0.0,0,0,[],True,False,False,0,0,0,0,0,0,0,,,,,
RaceTrap,"Feb 29, 2024",0 - 0,0,0,0.0,0,0,['English'],True,True,False,0,0,0,0,0,0,0,GnomeFire Labs Inc.,ViewSano Inc.,"Single-player,Multi-player,PvP,Online PvP,In-App Purchases,Partial Controller Support","Casual,Indie,Racing,Strategy,Early Access",
Moviehouse – The Film Studio Tycoon,"Apr 5, 2023",20000 - 50000,0,0,1.09,0,0,"['English', 'French', 'German', 'Spanish - Spain', 'Russian', 'Simplified Chinese', 'Japanese', 'Korean', 'Traditional Chinese']",True,True,False,0,0,110,181,26,216,397,Odyssey Studios,Assemble Entertainment,"Single-player,Steam Achievements,Steam Trading Cards,Family Sharing","Casual,Indie,Simulation,Strategy","Simulation,Strategy,Casual,Sandbox,Trivia,Immersive Sim,Isometric,Cartoony,Relaxing,Realistic,Point & Click,Economy,Artificial Intelligence,Management,Procedural Generation,Resource Management,Singleplayer,Cute,Family Friendly,Clicker"
Apple Slash,"Feb 5, 2020",0 - 20000,0,0,3.49,30,1,"['English', 'French', 'German', 'Spanish - Spain', 'Japanese', 'Norwegian', 'Russian']",True,False,False,0,0,209,9,13,202,0,Agelvik,Agelvik,"Single-player,Steam Achievements,Full controller support,Family Sharing","Action,Adventure,Indie","Indie,Action,Adventure,Gore,Pixel Graphics,2D,Retro,Short,Singleplayer,Action RPG,Action-Adventure,Exploration,Controller,Cute,Violent,Hack and Slash,Dark,Side Scroller,Atmospheric,Mystery"
Bullet Time Battle,"May 19, 2023",0 - 20000,0,0,1.99,0,0,['English'],True,False,False,0,0,17,3,30,0,0,Motion Game Studio,Motion Game Studio,"Single-player,Steam Achievements,Family Sharing",Action,"Action,FPS,Time Manipulation,Shooter,Atmospheric,Turn-Based Tactics,Tactical,First-Person,Destruction,Funny,3D,Artificial Intelligence,Survival,Team-Based,Controller,Physics,Choices Matter,Shoot 'Em Up,Singleplayer,Combat"
Nights at the Clown Maze,"Nov 17, 2018",0 - 20000,0,0,1.99,0,0,['English'],True,False,False,0,0,6,9,0,0,0,NeWa Studios,NeWa Studios,"Single-player,Family Sharing",Indie,"Indie,Horror"
OutDrive,"Feb 22, 2016",200000 - 500000,2,0,2.36,21,2,"['English', 'Simplified Chinese', 'Russian']",True,False,False,0,0,3529,1120,48,3628,144,DNVR Prod,DNVR Prod,"Single-player,Steam Achievements,Steam Trading Cards,Partial Controller Support,Steam Leaderboards,Family Sharing","Casual,Indie,Racing","Racing,Indie,Casual,Retro,1980s,Music,Great Soundtrack,Arcade,Singleplayer,Cyberpunk,Driving"
Photon Rush,"Jul 6, 2017",0 - 20000,0,0,15.99,0,0,['English'],True,True,True,0,0,6,0,0,0,0,Gametroleum,Gametroleum,"Multi-player,PvP,Shared/Split Screen PvP,Shared/Split Screen,Partial Controller Support,Remote Play Together,Family Sharing","Action,Indie,Racing","Indie,Racing,Action,4 Player Local,Split Screen,Local Multiplayer,Competitive,Gaming,e-sports,Cyberpunk,Multiplayer,Arcade,Driving,Casual,Local Co-Op,Fast-Paced,Controller,Steam Machine"
The Elven Educator ~another ver~,"May 15, 2020",0 - 20000,0,0,14.99,0,0,"['English', 'Japanese', 'Traditional Chinese']",True,False,False,0,0,0,0,14,0,0,Celusis,"CelLab,Flag shadow,072 Project,072 News","Single-player,Family Sharing","Indie,RPG",
Stellar Orphans,"Oct 7, 2024",0 - 20000,0,0,8.49,50,0,"['English', 'French', 'Simplified Chinese', 'Russian', 'Spanish - Spain', 'German', 'Japanese', 'Portuguese - Brazil', 'Polish']",True,False,False,0,0,85,30,0,124,0,Artifex Parvus,Artifex Parvus,"Single-player,Steam Trading Cards,Family Sharing","Indie,Strategy","Roguelike Deckbuilder,Deckbuilding,Card Game,Replay Value,Strategy,Turn-Based Strategy,Rogue-lite,Rogue-like,Card Battler,Singleplayer,Sci-fi,Space,Board Game,2D,PvE,Indie,Survival,Aliens,Resource Management,Comic Book"
Hentai Aqua Lorelei,"Sep 4, 2025",0 - 20000,0,0,0.49,0,0,"['English', 'French', 'Italian', 'German', 'Spanish - Spain', 'Bulgarian', 'Vietnamese', 'Greek', 'Danish', 'Simplified Chinese', 'Traditional Chinese', 'Korean', 'Norwegian', 'Dutch', 'Polish', 'Portuguese - Brazil', 'Portuguese - Portugal', 'Russian', 'Romanian', 'Thai', 'Turkish', 'Ukrainian', 'Finnish', 'Czech', 'Swedish', 'Japanese', 'Indonesian', 'Spanish - Latin America']",True,False,False,0,0,0,0,30,0,0,Cyber Keks,Cyber Keks,"Single-player,Steam Achievements,Steam Cloud,Family Sharing","Casual,Indie,Strategy",
Endless,"Oct 12, 2022",100000 - 200000,0,0,0.99,0,1,"['Simplified Chinese', 'Traditional Chinese']",True,False,False,0,0,9,5,17,0,0,幻想小白工作室,幻想小白工作室,"Single-player,Steam Achievements,Family Sharing","Casual,Indie,RPG,Strategy","Strategy,Puzzle,Exploration,Time Manipulation,Drama,Detective,Multiple Endings,Story Rich,Casual,2D Platformer,Trivia,Third Person,Romance,Alternate History,Mystery,Conspiracy,Crime,Education,Thriller,Fantasy"
Shell of a King,"May 3, 2024",0 - 20000,0,0,5.99,0,0,['English'],True,False,False,0,0,20,0,47,0,0,Rosune,Rosune,"Single-player,Steam Achievements,Partial Controller Support,Steam Cloud,Family Sharing","Action,Adventure,Indie,RPG,Early Access","Indie,Bullet Hell,Souls-like,Action,Difficult,Top-Down Shooter,PvE,Adventure,Action RPG,2D,Top-Down,Post-apocalyptic,Early Access,RPG,Hand-drawn,Dark Fantasy,Combat,Singleplayer"
Supernatural Shenanigans,"Jan 29, 2024",0 - 20000,0,0,7.99,0,0,['English'],True,False,False,0,0,1,0,0,0,0,Capybara Games Studios,Capybara Games Studios,"Multi-player,Co-op,Online Co-op,Family Sharing","Action,Casual,Indie,Early Access","Early Access,Co-op,Casual,Survival Horror,Psychological Horror,Investigation,Voxel,Action,Multiplayer,Arcade,Magic,Mystery,Puzzle,FPS,3D,Cute,First-Person,Dark,Demons,Family Friendly"
The Schizophrenic Dynasty of Müller,"Nov 2, 2020",0 - 20000,0,0,7.99,0,0,"['English', 'Russian', 'Spanish - Spain', 'French', 'Portuguese - Brazil']",True,False,False,0,0,16,2,0,0,0,Mutkrakt,Mutkrakt,"Single-player,Captions available,Family Sharing","Adventure,Indie,RPG","Visual Novel,Choose Your Own Adventure,Story Rich,Time Travel,Historical,Psychological,Psychological Horror,Philosophical,Choices Matter,Multiple Endings,Horror,Atmospheric,Noir,RPG,Emotional,Singleplayer,Dark,Conversation,Interactive Fiction,Indie"
Detective Montgomery Fox: The Case of the Missing Ballerinas,"Aug 30, 2023",0 - 20000,0,0,4.49,55,0,"['English', 'French', 'German', 'Dutch']",True,True,True,0,0,3,0,14,0,0,Cateia Games,Cateia Games,"Single-player,Steam Achievements,Custom Volume Controls,Adjustable Difficulty,Mouse Only Option,Playable without Timed Input,Save Anytime,Touch Only Option,Steam Cloud,Family Sharing","Adventure,Casual,Indie","Adventure,Casual,Point & Click,Puzzle,Hidden Object,2D,Colorful,Cute,Detective,Family Friendly,Indie,Investigation,Logic,Mystery,Relaxing,Singleplayer"
Anti Frank's Wrath,"Jan 13, 2023",0 - 0,0,0,0.0,0,0,['English'],True,False,False,0,0,0,0,0,0,0,"Duncan,Nick",Dicey Developers,"Single-player,Multi-player,Co-op,Shared/Split Screen Co-op,Shared/Split Screen,Remote Play Together","Action,Adventure,Casual,Free To Play,Indie",
To The Death,"Feb 22, 2024",20000 - 50000,0,0,11.99,0,0,['English'],True,False,False,0,0,5,0,0,0,0,Rob Ager,Rob Ager,"Single-player,Multi-player,PvP,Shared/Split Screen PvP,Co-op,Shared/Split Screen Co-op,Shared/Split Screen,Full controller support,Family Sharing","Action,Casual,Early Access","Early Access,Top-Down Shooter,Arena Shooter,Singleplayer,Local Multiplayer,Local Co-Op,4 Player Local,Arcade,Physics,3D,Casual,PvP,Action,Shooter,Twin Stick Shooter,Controller,Futuristic,Robots,Sci-fi,Combat"
Oceanhorn: Monster of Uncharted Seas,"Mar 17, 2015",200000 - 500000,10,0,7.49,0,0,"['English', 'French', 'Italian', 'German', 'Spanish - Spain', 'Finnish', 'Japanese', 'Korean', 'Portuguese - Brazil', 'Russian', 'Traditional Chinese', 'Turkish']",True,True,False,74,0,1649,421,63,1293,215,Cornfox & Brothers Ltd.,Cornfox & Brothers Ltd.,"Single-player,Steam Achievements,Full controller support,Steam Trading Cards,Steam Cloud,Steam Leaderboards,Remote Play on TV,Family Sharing","Action,Adventure,Indie,RPG","Adventure,RPG,Action,Indie,Puzzle,Singleplayer,Action-Adventure,Fantasy,Open World,Isometric,Action RPG,Cartoony,Exploration,JRPG,Controller,3D,Metroidvania,Colorful,Lore-Rich,Story Rich"
Unreal World,"May 22, 2023",0 - 20000,0,0,1.99,0,0,"['English', 'Simplified Chinese', 'Traditional Chinese']",True,False,False,0,0,0,1,15,0,0,Yuthung,Yuthung,"Single-player,Steam Achievements,Steam Cloud,Family Sharing",Casual,"Casual,Singleplayer,Loot,Idler,Word Game,Automation,Fantasy,2D,Text-Based"
Space Crafting,"May 19, 2022",0 - 20000,0,0,199.99,0,0,"['English', 'French', 'Italian', 'German', 'Spanish - Spain', 'Arabic', 'Bulgarian', 'Czech', 'Danish', 'Dutch', 'Finnish', 'Greek', 'Hungarian', 'Japanese', 'Korean', 'Norwegian', 'Polish', 'Portuguese - Portugal', 'Portuguese - Brazil', 'Romanian', 'Russian', 'Simplified Chinese', 'Spanish - Latin America', 'Swedish', 'Thai', 'Traditional Chinese', 'Turkish', 'Ukrainian', 'Vietnamese', 'Afrikaans', 'Albanian', 'Amharic', 'Armenian', 'Assamese', 'Azerbaijani', 'Bangla', 'Basque', 'Belarusian', 'Bosnian', 'Catalan', 'Cherokee', 'Croatian', 'Dari', 'Estonian', 'Filipino', 'Galician', 'Georgian', 'Gujarati', 'Hausa', 'Hebrew', 'Hindi', 'Icelandic', 'Igbo', 'Indonesian', 'Irish', K'iche', 'Kannada', 'Kazakh', 'Khmer', 'Kinyarwanda', 'Konkani', 'Kyrgyz', 'Latvian', 'Lithuanian', 'Luxembourgish', 'Macedonian', 'Malay', 'Malayalam', 'Maltese', 'Maori', 'Marathi', 'Mongolian', 'Nepali', 'Odia', 'Persian', 'Punjabi (Gurmukhi)', 'Punjabi (Shahmukhi)', 'Quechua', 'Scots', 'Serbian', 'Sindhi', 'Sinhala', 'Slovak', 'Slovenian', 'Sorani', 'Sotho', 'Swahili', 'Tajik', 'Tamil', 'Tatar', 'Telugu', 'Tigrinya', 'Tswana', 'Turkmen', 'Urdu', 'Uyghur', 'Uzbek', 'Valencian', 'Welsh', 'Wolof', 'Xhosa', 'Yoruba', 'Zulu']",True,True,True,0,0,17,21,6,0,0,Aztech,"Azerbaijan Technology,Aztech","Single-player,Steam Achievements,Steam Leaderboards,Family Sharing","Action,Adventure,Casual,Indie,Simulation,Strategy,Early Access","Early Access,Action,Adventure,Casual,Simulation,Strategy,Action RPG,Auto Battler,Board Game,Life Sim,3D Platformer,MOBA,Choose Your Own Adventure,Creature Collector,Immersive Sim,Metroidvania,3D,Outbreak Sim,Colorful,Cute"
Play And Pray,"Aug 5, 2024",0 - 0,0,0,0.0,0,0,['English'],True,False,False,0,0,0,0,16,0,0,Strohkueste,StrawFighters,"Single-player,Steam Achievements,Steam Cloud","Adventure,Casual,Indie,Simulation,Free To Play",
ARK BOX Unlimited,"Nov 29, 2016",0 - 20000,0,0,4.24,0,0,"['English', 'German', 'French', 'Portuguese - Brazil', 'Portuguese - Portugal']",True,False,True,0,0,22,6,20,0,147,"PolarityFlow, Adrian Zingg",PolarityFlow,"Single-player,Multi-player,Shared/Split Screen,Steam Achievements,Full controller support,Steam Trading Cards,Steam Workshop,Stats,Steam Leaderboards,Includes level editor,Remote Play Together,Family Sharing","Action,Casual,Indie","Action,Casual,Indie,Arcade,Retro,Level Editor,Top-Down Shooter,2D,1980s,1990's,Old School,Controller,Score Attack,Singleplayer,Sandbox,Games Workshop,Remake"
Super Star Panda,"Jan 19, 2018",0 - 20000,0,0,4.99,0,0,"['English', 'Polish', 'Russian', 'Simplified Chinese']",True,False,False,0,0,17,5,35,0,0,Buk Games,Buk Games,"Single-player,Steam Achievements,Full controller support,Steam Leaderboards,Family Sharing","Action,Casual,Indie","Indie,Casual,Action,Retro,2D,Singleplayer,Minimalist,Relaxing,Pixel Graphics,Family Friendly,1980s,Difficult,Arcade,Funny,Gaming,Stylized,Cartoony,Cartoon,Comedy,Short"
Time Mysteries 3: The Final Enigma,"Sep 11, 2014",100000 - 200000,0,0,2.99,80,0,"['English', 'French', 'Italian', 'German', 'Spanish - Spain', 'Japanese', 'Korean', 'Polish', 'Portuguese - Brazil', 'Russian', 'Simplified Chinese']",True,True,True,0,0,367,72,11,245,246,Artifex Mundi,Artifex Mundi,"Single-player,Steam Achievements,Steam Trading Cards,Steam Cloud,Family Sharing","Adventure,Casual","Hidden Object,Adventure,Casual,Female Protagonist,Point & Click,Time Travel,Puzzle,Singleplayer,Mystery,Fantasy,Horror,Family Friendly,Story Rich,Indie,2D,Great Soundtrack,Atmospheric,Cartoony"
Jagged Alliance 1: Gold Edition,"Apr 23, 2014",20000 - 50000,3,0,2.49,75,0,['English'],True,True,True,0,0,370,100,0,160,21,"Sir-Tech,Madlab Software",THQ Nordic,"Single-player,Multi-player,Family Sharing","Action,RPG,Strategy","Strategy,RPG,Classic,Action,Turn-Based,Tactical,Turn-Based Strategy,Singleplayer,Turn-Based Tactics,Retro,Tactical RPG,Isometric"
OneRoom ―Yui Hanasaka Memorial―,"Jan 10, 2025",0 - 20000,0,0,1.99,0,0,"['English', 'Simplified Chinese', 'Traditional Chinese', 'Japanese']",True,False,False,0,0,302,31,4,365,80,株式会社さかさうま工房,Laplacian,"Single-player,Steam Achievements,Family Sharing","Adventure,Casual","Adventure,Anime,Casual,Cute,Visual Novel,Text-Based,Dating Sim,Immersive Sim,Modern,2D,2D Platformer,Story Rich,Emotional,Singleplayer,Hentai"
骰子对决 Playtest,"Sep 1, 2025",0 - 0,0,0,0.0,0,0,[],True,False,False,0,0,0,0,0,0,0,,,,,
Mint Notes Playtest,"Aug 28, 2024",0 - 0,0,0,0.0,0,0,[],True,False,False,0,0,0,0,0,0,0,,,,,
Randal's Tuesday,"Dec 4, 2025",0 - 0,0,0,19.99,0,2,"['English', 'Spanish - Spain', 'German']",True,True,True,0,0,0,0,17,0,0,"Nuclear Tales,Nexus Game Studios",Nuclear Tales,"Single-player,Steam Achievements,Partial Controller Support,Steam Cloud,Family Sharing","Adventure,Indie",
Floating Point,"Jun 6, 2014",500000 - 1000000,4,0,0.0,0,0,['English'],True,True,False,0,0,3580,151,0,0,89,Suspicious Developments,Suspicious Developments,"Single-player,Family Sharing","Casual,Free To Play,Indie","Free to Play,Relaxing,Casual,Indie,Physics,2D,Singleplayer,Great Soundtrack,Beautiful,Puzzle,Point & Click,Platformer,Action"
Transiruby,"Dec 9, 2021",20000 - 50000,0,0,8.99,0,1,"['English', 'Simplified Chinese', 'Japanese', 'Vietnamese', 'Russian', 'Traditional Chinese', 'Korean', 'French', 'German', 'Spanish - Spain', 'Turkish', 'Portuguese - Brazil', 'Portuguese - Portugal', 'Polish']",True,False,False,0,0,246,20,36,264,123,"SKIPMORE,ESQUADRA,inc.",Flyhigh Works,"Single-player,Steam Achievements,Full controller support,Steam Cloud,Family Sharing",Action,"Pixel Graphics,Metroidvania,Action,Action-Adventure,2D Platformer,Cute,Fantasy,Platformer,2D,Hack and Slash,Side Scroller,Singleplayer,Female Protagonist,Atmospheric,Sci-fi,Robots"
Relentless Frontier,"Jul 24, 2024",0 - 20000,0,0,9.89,34,1,['English'],True,False,False,0,0,45,1,0,0,13,Fission Ogre,Hellforge Studios,"Single-player,Steam Trading Cards,Family Sharing","Action,Adventure,Indie,Early Access","Early Access,Boomer Shooter,Shooter,FPS,PvE,2.5D,Exploration,First-Person,Linear,Action,Pixel Graphics,Sci-fi,Military,Robots,Adventure,Retro,Aliens,Combat,Singleplayer,Gore"
MILF AIR SEX,"Nov 5, 2025",0 - 20000,0,0,3.99,50,0,"['English', 'French', 'Italian', 'German', 'Spanish - Spain', 'Bulgarian', 'Hungarian', 'Greek', 'Danish', 'Indonesian', 'Traditional Chinese', 'Simplified Chinese', 'Korean', 'Dutch', 'Norwegian', 'Polish', 'Portuguese - Brazil', 'Portuguese - Portugal', 'Romanian', 'Russian', 'Turkish', 'Ukrainian', 'Finnish', 'Czech', 'Swedish', 'Japanese']",True,False,False,0,0,0,0,0,0,0,MILF Factory,MILF Factory,"Single-player,Full controller support,Family Sharing",Indie,
Cooking Simulator 2: Better Together Playtest,"Sep 3, 2024",0 - 0,0,0,0.0,0,0,[],True,False,False,0,0,0,0,0,0,0,,,,,
The Village Story,"Jun 19, 2020",0 - 20000,0,0,4.99,0,0,['English'],True,False,False,0,0,3,1,0,0,0,NashGamesz,NashGamesz,"Single-player,Family Sharing","Adventure,Casual,Indie","Adventure,Indie,Casual,2D,Top-Down,Funny,Pixel Graphics,Story Rich,Emotional"
Numberline 3,"Aug 3, 2018",0 - 20000,0,0,0.49,51,0,"['English', 'Russian']",True,False,False,0,0,8,1,7,0,0,YELTYSH,Conglomerate 5,"Single-player,Family Sharing","Casual,Indie","Indie,Casual"
Idle Tiers,"Nov 29, 2024",0 - 20000,0,0,0.79,80,0,['English'],True,False,False,0,0,1,5,66,0,0,IdleClick Games,IdleClick Games,"Single-player,Steam Achievements,Steam Cloud,Stats,Family Sharing","Indie,Simulation","Simulation,Idler,Clicker,Sandbox,Immersive Sim,Economy,Text-Based,Management,Pixel Graphics,Capitalism,Relaxing,Choices Matter,Resource Management,Choose Your Own Adventure,Minimalist,2D,Gambling,Tactical,Logic,Singleplayer"
Factory Manager,"Aug 17, 2018",0 - 20000,0,0,2.99,0,0,"['English', 'German', 'Spanish - Spain', 'Russian', 'Simplified Chinese']",True,False,False,0,0,9,9,33,0,0,StainlessHeart,StainlessHeart,"Single-player,Steam Achievements,Steam Cloud,Steam Leaderboards,Family Sharing","Indie,Simulation,Strategy","Simulation,Strategy,Indie"
Halloween Stories: Black Book,"Oct 31, 2023",0 - 20000,0,0,4.99,50,0,"['English', 'French', 'German']",True,True,False,0,0,4,1,0,0,0,Elephant Games,BFG Entertainment,"Single-player,Family Sharing","Adventure,Casual","Adventure,Casual,Point & Click,Puzzle,Exploration,Hidden Object,First-Person,Detective,Horror,Investigation,Mystery,Linear,Singleplayer"
Neon Parkour 2,"Jul 6, 2023",0 - 20000,0,0,0.69,65,0,"['English', 'French', 'Italian', 'German', 'Spanish - Spain', 'Arabic', 'Simplified Chinese', 'Portuguese - Brazil', 'Bulgarian', 'Danish', 'Dutch', 'Finnish', 'Traditional Chinese', 'Japanese', 'Korean', 'Spanish - Latin America', 'Polish', 'Hungarian', 'Norwegian', 'Portuguese - Portugal', 'Romanian', 'Russian', 'Thai', 'Turkish', 'Ukrainian', 'Vietnamese', 'Greek', 'Czech', 'Swedish']",True,False,False,0,0,13,0,100,0,0,Aquila Games,Aquila Games,"Single-player,Steam Achievements,Family Sharing","Casual,Indie","Casual,Puzzle,Platformer,2D Platformer,Puzzle-Platformer,Precision Platformer,2D,Minimalist,Colorful,Indie,Stylized,Parkour,Linear,Singleplayer"
Public Toilet Simulator,"Jul 4, 2025",0 - 0,0,0,1.99,0,0,"['English', 'French', 'Italian', 'German', 'Spanish - Spain', 'Simplified Chinese', 'Dutch', 'Japanese', 'Korean', 'Polish', 'Portuguese - Portugal', 'Russian', 'Turkish', 'Portuguese - Brazil']",True,False,False,0,0,0,0,0,0,0,OneiGames,OneiGames,"Single-player,Family Sharing","Adventure,Indie,Simulation",
SwordBoy,"Aug 21, 2020",0 - 20000,0,0,2.99,0,0,"['Simplified Chinese', 'English']",True,False,False,0,0,2,1,0,0,0,DICROL,DICROL,"Single-player,Family Sharing","Action,Adventure,Casual,Indie,RPG,Simulation,Early Access","Action,Indie,Casual,Adventure,RPG,Simulation,Early Access,Dating Sim"
Brain Syndrome VR,"Oct 28, 2022",100000 - 200000,0,0,0.0,0,0,['English'],True,False,False,0,0,4,3,0,0,0,Derrick Davison,Derrick Davison,"Single-player,Multi-player,Co-op,Shared/Split Screen Co-op,Shared/Split Screen,Tracked Controller Support,VR Supported,Remote Play Together","Action,Adventure,Indie,Free To Play","Local Co-Op,Bullet Hell,VR,FPS,Arcade,Local Multiplayer,Cartoony,Family Friendly,First-Person,3D Platformer,1990's,Aliens,Military,Pirates,Robots,Zombies,Shooter,Colorful,Singleplayer,Action"
WWR: Warfare Robots,"Mar 11, 2021",0 - 0,0,0,0.0,0,0,"['English', 'French', 'Italian', 'German', 'Spanish - Spain', 'Simplified Chinese', 'Korean', 'Russian', 'Japanese', 'Vietnamese']",True,True,True,0,0,0,0,0,0,0,XDEVS LTD,XDEVS LTD,"Multi-player,PvP,Online PvP,Co-op,Online Co-op,Cross-Platform Multiplayer,In-App Purchases","Action,Casual,Massively Multiplayer,Simulation,Free To Play",
Art Shop Simulator,"Mar 13, 2025",20000 - 50000,0,0,9.09,30,0,"['English', 'French', 'Italian', 'German', 'Spanish - Spain', 'Dutch', 'Russian', 'Turkish']",True,False,False,0,0,62,4,16,0,0,Lovheim Studios,Lovheim Studios,"Single-player,Steam Achievements,Steam Cloud,Stats,Family Sharing","Casual,Indie,Simulation,Strategy,Early Access","Early Access,Simulation,Management,Economy,Life Sim,Sandbox,Immersive Sim,3D,Family Friendly,First-Person,Realistic,Stylized,Resource Management,Inventory Management,Atmospheric,Capitalism,Loot,Modern,Singleplayer,Relaxing"
Cardbot,"May 28, 2021",20000 - 50000,0,0,4.99,0,0,['English'],True,False,False,0,0,2,0,0,0,0,Pixit Software,Pixit Software,"Single-player,Multi-player,PvP,Shared/Split Screen PvP,Shared/Split Screen,Family Sharing","Action,Adventure,Indie,RPG,Early Access","Early Access,Action,Action RPG,Adventure,Fighting,Platformer,2D Fighter,2D Platformer,Metroidvania,2D,Colorful,Cute,Pixel Graphics,Comedy,Family Friendly,Fantasy,Funny,Futuristic,Robots,Artificial Intelligence"
Bananitro,"Jan 23, 2025",0 - 20000,0,0,1.99,50,0,"['English', 'French', 'Italian', 'German', 'Spanish - Spain', 'Simplified Chinese', 'Traditional Chinese', 'Korean', 'Japanese', 'Portuguese - Brazil']",True,False,False,0,0,33,0,20,0,0,Inventario,Inventario,"Single-player,Steam Achievements,Full controller support,Steam Cloud,Steam Leaderboards,Family Sharing","Action,Casual,Indie,Racing","Action,Racing,Casual,Arcade,Platformer,Action-Adventure,Collectathon,Runner,2D Platformer,2D,Colorful,Pixel Graphics,Cute,BMX,Cycling,Nature,Controller,Physics,Linear,Singleplayer"
Lord Of Terror,"May 28, 2023",0 - 20000,0,0,0.99,0,0,['English'],True,False,False,0,0,1,6,20,0,0,SimulatedFantasy,SimulatedFantasy,"Single-player,Steam Achievements,VR Supported,Family Sharing","Action,Indie","Action,Arcade,Shooter,FPS,Shoot 'Em Up,3D,First-Person,VR,Dark,Horror,Post-apocalyptic,Indie,Violent,Gore,Sci-fi,Zombies,Combat,PvE,Singleplayer"
Dream of a Nightmarish Runaway,"Dec 7, 2024",0 - 20000,0,0,2.99,0,0,"['English', 'Polish']",True,True,True,0,0,2,0,11,0,0,ONImations,ONImations,"Single-player,Steam Achievements,Family Sharing","Adventure,Casual,Indie","Visual Novel,Choices Matter,Multiple Endings,Story Rich,Emotional,Horror,Dark,Adventure,Choose Your Own Adventure,Pixel Graphics,Anime,Minimalist,Psychedelic,Lore-Rich,Drama,Fantasy,Psychological Horror,Atmospheric,Dark Fantasy,Singleplayer"
Été,"Jul 23, 2024",0 - 20000,3,0,4.99,75,2,"['English', 'French']",True,False,False,0,0,157,9,0,177,1334,Impossible,Impossible,"Single-player,Partial Controller Support,Steam Cloud,Family Sharing","Adventure,Casual,Indie,RPG","Adventure,Exploration,Relaxing,Atmospheric,Puzzle,Casual,Singleplayer,First-Person,Walking Simulator,Colorful,Minimalist,Foreign,Stylized,Narrative,Indie,3D,Family Friendly,Story Rich,Music,Soundtrack"
Missing bullet,"Oct 5, 2021",0 - 20000,0,0,17.99,0,0,['English'],True,False,False,0,0,0,0,0,0,0,JY,JY,"Single-player,Family Sharing","Action,Adventure,Indie",
Arms Trade Tycoon: Tanks,"Feb 6, 2024",50000 - 100000,19,0,17.99,40,0,"['English', 'French', 'German', 'Spanish - Spain', 'Polish', 'Russian', 'Simplified Chinese']",True,True,False,0,0,605,194,0,842,346,FunGi,MicroProse Software,"Single-player,Family Sharing","Indie,Simulation,Strategy,Early Access","Early Access,Simulation,Tanks,Management,Sandbox,Historical,Wargame,War,Grand Strategy,3D,Military,Realistic,Singleplayer,Vehicular Combat,Physics,Action,Alternate History,Cold War,Diplomacy,World War II"
The Longest Dungeon,"Mar 14, 2023",0 - 20000,0,0,0.99,0,0,['English'],True,False,True,0,0,0,0,0,0,0,Soundzy,Soundzy,"Single-player,Full controller support,Family Sharing","Action,Indie,RPG",
What Happened to Lily?,"Jul 14, 2025",0 - 0,0,0,3.07,0,0,"['English', 'French', 'German', 'Simplified Chinese', 'Japanese', 'Korean', 'Russian', 'Turkish', 'Polish', 'Italian', 'Spanish - Spain', 'Dutch', 'Hungarian', 'Portuguese - Brazil', 'Indonesian', 'Portuguese - Portugal', 'Ukrainian', 'Romanian', 'Vietnamese', 'Greek', 'Arabic', 'Thai', 'Malay']",True,False,False,0,0,0,0,2,107,0,Montee Games,Montee Games,"Single-player,Steam Achievements,Remote Play Together,Family Sharing","Adventure,Casual,Indie",
Summons Sword: Pot Guardian,"Dec 19, 2024",0 - 20000,0,0,6.29,30,0,"['English', 'Japanese']",True,False,False,0,0,2,0,19,0,0,かめWorks,かめWorks,"Single-player,Steam Achievements,Partial Controller Support,Family Sharing","Action,Indie","Action,3D,Singleplayer,Top-Down,Controller,PvE,Character Customization,Anime,Fantasy,Magic,Indie,Cute,Colorful,Action RPG,3D Platformer"
Ace Of Words,"May 13, 2016",200000 - 500000,0,0,4.99,0,0,['English'],True,False,False,0,0,538,298,18,0,272,ZeroBit Games,Ocean Media LLC,"Single-player,Steam Achievements,Full controller support,Steam Trading Cards,Steam Cloud,Steam Leaderboards,Family Sharing","Casual,Indie","Casual,Indie,Word Game,Puzzle,Singleplayer"
Dragon Sleuth Brittany,"Aug 29, 2025",0 - 20000,0,0,12.74,0,0,"['English', 'Japanese', 'Korean', 'Russian', 'Simplified Chinese', 'Traditional Chinese', 'Spanish - Latin America']",True,True,True,0,0,0,0,32,222,279,"Cherry Blossom Games,Critical Bliss",Critical Bliss,"Single-player,Steam Achievements,Partial Controller Support,Steam Cloud,Family Sharing","Adventure,Casual,Indie",
Warchasm,"Jun 12, 2020",0 - 20000,0,0,6.49,50,1,"['English', 'Spanish - Spain', 'Simplified Chinese']",True,False,False,0,0,9,4,10,0,0,Dual Perception Games,Dual Perception Games,"Single-player,Steam Achievements,Tracked Controller Support,VR Only,Family Sharing","Action,Casual,Indie","VR,FPS,Bullet Hell,Casual,Shooter,Arcade,First-Person,Mechs,Action,Space,Sci-fi,Futuristic,Destruction,Singleplayer,Indie,On-Rails Shooter,Combat"
KOEWOTAYORINI / 声之寄托,"Mar 26, 2018",100000 - 200000,1,0,0.0,0,0,"['Simplified Chinese', 'Japanese']",True,False,False,0,0,822,139,20,0,248,あみそ組,"Pujia8 Studio,Gamera Game","Single-player,Steam Achievements,Steam Cloud","Adventure,Free To Play,Indie,RPG","Free to Play,Adventure,RPG,Anime,Indie,Horror,Visual Novel,Story Rich,Multiple Endings,Psychological Horror,Singleplayer,Detective,Puzzle,Gore,Psychological,Choices Matter,Atmospheric,Violent,Dark,Mystery"
Among the Skies,"Jun 3, 2022",0 - 20000,0,0,4.99,50,0,['English'],True,False,False,0,0,0,1,0,0,0,ATSDev,ATSDev,"Single-player,Family Sharing","Action,Indie","Action,Medieval,Singleplayer,Shooter,Vehicular Combat,PvE,Flight,Minimalist,Base-Building,Stylized,Third Person,Third-Person Shooter,Arena Shooter,3D,Building,Fantasy,War,Combat,Indie"
Feed All Monsters,"Jun 22, 2023",0 - 20000,1,0,0.59,80,0,"['English', 'Spanish - Spain', 'Japanese', 'Portuguese - Brazil', 'Korean', 'Simplified Chinese', 'German', 'Spanish - Latin America', 'Arabic', 'Finnish', 'Turkish']",True,False,False,0,0,353,5,20,351,114,DU&I,DU&I,"Single-player,Steam Achievements,Steam Trading Cards,Custom Volume Controls,Mouse Only Option,Playable without Timed Input,Touch Only Option,Steam Cloud,Family Sharing","Casual,Indie","Puzzle,Wholesome,Cozy,Relaxing,Casual,Cute,2D,Cartoony,Funny,Colorful,Hand-drawn,Minimalist,Sokoban,Stylized,Family Friendly,Logic,Atmospheric,Grid-Based Movement,Adventure,Singleplayer"
Drox Operative 2,"Oct 20, 2021",0 - 20000,3,0,9.99,0,0,['English'],True,False,True,0,0,241,25,68,258,136,Soldak Entertainment,Soldak Entertainment,"Single-player,Multi-player,Co-op,Online Co-op,LAN Co-op,Cross-Platform Multiplayer,Steam Achievements,Full controller support,Steam Cloud,Family Sharing","Action,Indie,RPG","RPG,Indie,Action,Space,Sci-fi,Action RPG,Co-op,Loot,Open World,Exploration,Procedural Generation,4X,Character Customization,Singleplayer,Real-Time,Multiplayer,Choices Matter,Isometric"
Collector: 10 Lives Challenge,"Oct 29, 2025",0 - 0,0,0,0.79,0,0,['English'],True,True,False,0,0,0,0,10,0,0,RH POSITIVE,RH POSITIVE,"Single-player,Steam Achievements,Steam Leaderboards,Family Sharing","Casual,Indie",
Wisps of the Elements Playtest,"Jul 8, 2024",0 - 0,0,0,0.0,0,0,[],True,False,False,0,0,0,0,0,0,0,,,,,
Where in the World is Carmen Sandiego?,"Aug 31, 2020",20000 - 50000,1,0,9.99,0,0,['English'],True,False,False,72,0,84,27,0,110,15,The Learning Company,Encore Inc.,"Single-player,Family Sharing","Casual,Strategy","Casual,Strategy,Detective,Education,Hidden Object,Historical,Point & Click"
Aggrolotls,"Apr 2, 2025",0 - 20000,0,0,1.49,0,0,['English'],True,False,False,0,0,2,0,18,0,0,Game Magicians,Game Magicians,"Single-player,Steam Achievements,Full controller support,Steam Cloud,Family Sharing","Action,Early Access","Action,Action Roguelike,Bullet Hell,2D,Pixel Graphics,Top-Down,Retro,Underwater,Choices Matter,Controller,Early Access,PvE,Singleplayer,Indie,Rogue-lite"
Instant Frame Mockup,"May 19, 2023",0 - 20000,0,0,2.49,50,0,['English'],True,True,False,0,0,2,1,0,0,0,GTGD,GTGD,,"Design & Illustration,Photo Editing,Utilities,Web Publishing","Utilities,Design & Illustration,Photo Editing,Web Publishing,Indie,Relaxing,Sandbox,Beautiful,Wholesome"
Tank Game,"Apr 20, 2020",0 - 20000,0,0,0.0,0,0,['English'],True,False,False,0,0,11,1,25,0,0,Keegan Sommer,Keegan Sommer,"Multi-player,PvP,Shared/Split Screen PvP,Shared/Split Screen,Steam Achievements,Full controller support,Steam Cloud,Stats,Remote Play Together","Action,Casual,Indie","Action,Indie,Casual,Combat,Funny,Local Multiplayer,Comedy"
Drynk: Board and Drinking Game,"Nov 5, 2021",0 - 20000,0,0,5.99,0,0,"['English', 'French', 'German', 'Spanish - Spain', 'Portuguese - Portugal']",True,True,False,0,0,2,3,0,0,0,Siwalu,Siwalu,"Single-player,Multi-player,PvP,Online PvP,Shared/Split Screen PvP,Shared/Split Screen,Cross-Platform Multiplayer,Remote Play Together,Family Sharing",Casual,"Casual,Board Game,2D Platformer,2D,Colorful,Modern,Funny,Text-Based,Tabletop,Local Multiplayer,Sexual Content,Multiplayer,Party,Party Game,PvP"
The Enlightened League of Bone Builders and the Osseous Enigma,"Aug 29, 2016",0 - 20000,0,0,0.0,0,0,['English'],True,False,False,0,0,26,10,0,0,0,INVIVO Communications,INVIVO Communications,"Single-player,Tracked Controller Support,VR Only","Adventure,Casual,Indie,Simulation,Strategy","Strategy,Adventure,Indie,Casual,Simulation,VR"
Bomber Bother,"Oct 9, 2019",0 - 20000,0,0,0.0,0,0,"['English', 'French', 'German']",True,True,True,0,0,56,8,14,0,0,Dare Looks,Dare Looks,"Single-player,Steam Achievements,Full controller support","Action,Indie","Indie,Action,Free to Play,LGBTQ+"
Mouse Mayhem Shooting & Racing,"Dec 12, 2019",0 - 20000,0,0,0.99,0,0,"['English', 'French', 'Italian', 'German', 'Spanish - Spain', 'Arabic', 'Dutch', 'Japanese', 'Simplified Chinese', 'Traditional Chinese']",True,True,True,0,0,5,3,0,0,0,Enaayah Software Development and Services Private Limited,Enaayah Software Development and Services Private Limited,"Single-player,Family Sharing","Action,Adventure,Casual,Racing,Simulation,Strategy","Action,Casual,Adventure,Strategy,Simulation,Racing,Comedy,Funny,Cartoony,Stylized,Cartoon,Relaxing,Great Soundtrack"
Flea the Cat,"Mar 17, 2023",0 - 0,0,0,0.0,0,0,['English'],True,False,False,0,0,0,0,0,0,0,Stefan Yeung,Stefan Yeung,Single-player,"Action,Casual,Free To Play,Indie",
Time Flies,"Jul 31, 2025",0 - 20000,0,0,9.74,35,0,"['English', 'French', 'German', 'Spanish - Spain', 'Japanese', 'Korean', 'Polish', 'Portuguese - Brazil', 'Russian', 'Simplified Chinese', 'Spanish - Latin America', 'Traditional Chinese', 'Turkish', 'Italian']",True,True,False,0,0,0,0,13,222,132,Playables,Panic,"Single-player,Steam Achievements,Full controller support,Steam Cloud,Family Sharing","Adventure,Indie",
Rock Tetrus,"Jan 30, 2024",0 - 20000,0,0,0.99,0,0,['English'],True,False,False,0,0,2,0,0,0,0,Duke Gayson,Duke Gayson,"Single-player,Family Sharing","Casual,Indie,Simulation,Strategy","Casual,Strategy,Simulation,Puzzle,Cinematic,Realistic,3D,Stylized,Indie,Atmospheric,Linear,Singleplayer"
Melvin's Blocky Adventure Playtest,"Aug 19, 2023",0 - 0,0,0,0.0,0,0,[],True,False,False,0,0,0,0,0,0,0,,,,,
Barrel Baller,"Jan 15, 2025",0 - 20000,0,0,4.99,0,0,['English'],True,False,False,0,0,1,0,14,0,0,Daefiant Armory GS,Daefiant Armory GS,"Single-player,Steam Achievements,Full controller support,Steam Cloud,Stats,Family Sharing","Casual,Indie","3D Platformer,Casual,Mechs,Singleplayer,3D,Puzzle,Physics,Third Person,Futuristic,Indie,Robots,Sci-fi,Character Customization,Platformer"
Spartans Vs Zombies Defense,"Jan 6, 2015",200000 - 500000,1,0,0.0,0,0,"['English', 'Traditional Chinese']",True,True,True,0,0,350,397,8,0,83,Lei,Lei,"Single-player,Steam Achievements","Action,Casual,Free To Play,Indie,Strategy","Free to Play,Indie,Casual,2D,Strategy,Tower Defense,Singleplayer,Zombies,Funny"
7 Mages,"Jun 23, 2016",0 - 20000,1,0,3.74,0,1,"['English', 'German', 'Czech', 'Japanese', 'Polish', 'Russian']",True,True,True,0,0,89,51,0,121,265,"Napoleon Games, s.r.o.",Jindřich Skeldal,"Single-player,Family Sharing",RPG,"RPG,Dungeon Crawler,First-Person,Grid-Based Movement,Party-Based RPG,Puzzle"
GoodNight,"Mar 16, 2022",0 - 20000,0,0,9.99,0,0,['English'],True,False,False,0,0,15,5,0,0,0,Solitary Studios,Lamina Studios,"Single-player,Family Sharing",Indie,"Casual,Interactive Fiction,3D,Singleplayer,Psychological Horror,Indie,Horror"
Eight,"Nov 4, 2020",20000 - 50000,0,0,1.99,0,0,['English'],True,False,False,0,0,31,23,0,0,0,Katelyst,Katelyst,"Single-player,Family Sharing",Indie,"Horror,Psychological Horror,Interactive Fiction,First-Person,Indie,Exploration,Story Rich,Realistic,Assassin,Narration,Gore,Adventure,Dark,Singleplayer"
Broken Psyche,"Dec 18, 2024",0 - 20000,0,0,2.39,70,0,['English'],True,False,False,0,0,4,3,0,0,0,KamenDev,KamenDev,"Single-player,Family Sharing","Adventure,Indie","Psychological Horror,Survival Horror,Horror,Puzzle,3D,Gore,Multiple Endings,Atmospheric,Choices Matter,Retro,Interactive Fiction,Dark,Indie,Mystery,1990's,Singleplayer,Supernatural,Adventure"
Rikua Playtest,"Sep 14, 2022",0 - 0,0,0,0.0,0,0,[],True,False,False,0,0,0,0,0,0,0,,,,,
Hoover Heroes,"Nov 20, 2025",0 - 0,0,0,6.99,0,0,"['English', 'French', 'Italian', 'German', 'Spanish - Spain', 'Arabic', 'Simplified Chinese', 'Portuguese - Brazil', 'Dutch', 'Traditional Chinese', 'Japanese', 'Korean', 'Polish', 'Portuguese - Portugal', 'Russian', 'Turkish', 'Ukrainian']",True,False,False,0,0,0,0,0,0,0,Kiki Games,Kiki Games,"Multi-player,PvP,Online PvP,Steam Cloud,Family Sharing","Action,Casual,Indie,Early Access",
PaperKlay,"May 27, 2025",0 - 20000,15,0,11.24,25,0,"['English', 'French', 'Italian', 'German', 'Spanish - Spain', 'Japanese', 'Portuguese - Brazil', 'Simplified Chinese', 'Korean']",True,False,False,0,0,96,8,25,142,0,WhyKev,WhyKev,"Single-player,Steam Achievements,Full controller support,Steam Cloud,Family Sharing","Adventure,Indie","Adventure,3D Platformer,Platformer,Colorful,Family Friendly,Exploration,Cartoony,Singleplayer,Cute,Indie,3D,Physics,Action-Adventure,Collectathon,Controller"
Five Hearts Under One Roof season2,"Nov 18, 2025",0 - 20000,0,0,22.99,0,2,"['English', 'Korean', 'Spanish - Latin America', 'Indonesian', 'Japanese', 'Simplified Chinese', 'Traditional Chinese', 'Portuguese - Brazil']",True,True,True,0,0,0,0,69,1321,181,Storytaco,Storytaco,"Single-player,Steam Achievements,Steam Cloud,Family Sharing","Adventure,RPG,Simulation",
希望之城 The City Of Hope,"Mar 4, 2024",0 - 20000,1,0,3.49,50,0,"['English', 'Simplified Chinese']",True,False,False,0,0,86,40,0,125,1392,家里蹲工作室,家里蹲工作室,"Single-player,Family Sharing","Casual,Indie,Strategy","Casual,2D,Pixel Graphics,Strategy,Idler,Survival,Tower Defense,Card Game,City Builder,Medieval,Auto Battler,Singleplayer,Wargame,Base-Building,Rogue-lite,Military,Retro,Demons,Combat,Tabletop"
Fetch It Again,"Jul 17, 2009",0 - 20000,0,0,3.14,55,0,['English'],True,False,False,0,0,3,2,0,0,0,dtp – young entertainment Gmbh & Co. KG,Cosmi ValuSoft,"Single-player,Family Sharing","Casual,Simulation","Casual,Simulation"
encrypted_nightmares,"Apr 15, 2025",0 - 20000,0,0,0.74,75,0,['English'],True,False,False,0,0,18,6,2,0,0,Artur Latkovsky,Artur Latkovsky,"Single-player,Steam Achievements,Family Sharing","Adventure,Indie","Horror,Interactive Fiction,Short,Adventure,FMV,Thriller,Mystery,Realistic,Singleplayer,Indie,First-Person,Choose Your Own Adventure"
Coloring Game 2,"Jan 10, 2020",200000 - 500000,17,0,0.0,0,1,"['English', 'French', 'Italian', 'German', 'Spanish - Spain', 'Arabic', 'Bulgarian', 'Portuguese - Brazil', 'Hungarian', 'Vietnamese', 'Greek', 'Danish', 'Spanish - Latin America', 'Traditional Chinese', 'Simplified Chinese', 'Korean', 'Dutch', 'Norwegian', 'Polish', 'Portuguese - Portugal', 'Romanian', 'Russian', 'Thai', 'Turkish', 'Ukrainian', 'Finnish', 'Czech', 'Swedish', 'Japanese', 'Azerbaijani', 'Albanian', 'Amharic', 'Armenian', 'Assamese', 'Afrikaans', 'Basque', 'Belarusian', 'Bangla', 'Bosnian', 'Valencian', 'Welsh', 'Wolof', 'Galician', 'Georgian', 'Gujarati', 'Dari', 'Zulu', 'Hebrew', 'Igbo', 'Indonesian', 'Irish', 'Icelandic', 'Yoruba', 'Kazakh', 'Kannada', 'Catalan', 'Quechua', 'Kinyarwanda', K'iche', 'Konkani', 'Xhosa', 'Khmer', 'Kyrgyz', 'Latvian', 'Lithuanian', 'Luxembourgish', 'Macedonian', 'Malay', 'Malayalam', 'Maltese', 'Maori', 'Marathi', 'Mongolian', 'Nepali', 'Odia', 'Punjabi (Gurmukhi)', 'Punjabi (Shahmukhi)', 'Persian', 'Serbian', 'Sotho', 'Sinhala', 'Sindhi', 'Slovak', 'Slovenian', 'Sorani', 'Swahili', 'Tajik', 'Tamil', 'Tatar', 'Telugu', 'Tigrinya', 'Tswana', 'Turkmen', 'Uzbek', 'Uyghur', 'Urdu', 'Filipino', 'Hausa', 'Hindi', 'Croatian', 'Cherokee', 'Scots', 'Estonian']",True,False,False,0,0,3021,91,15,0,409,L. Stotch,L. Stotch,"Single-player,Steam Achievements,Steam Cloud","Casual,Indie,Free To Play","Free to Play,Casual,Indie,Pixel Graphics,Design & Illustration,Singleplayer,Relaxing,Colorful,2D,Great Soundtrack,Point & Click,Puzzle,Family Friendly,Cozy,Level Editor"
Staycation,"Apr 14, 2024",0 - 20000,0,0,2.99,0,0,['English'],True,False,False,0,0,0,1,0,0,0,Phoebus76,Phoebus76,"Single-player,Multi-player,PvP,Online PvP,Co-op,Online Co-op,Family Sharing","Action,Adventure,Casual,Indie,Massively Multiplayer,RPG","Beat 'em up,PvE,Open World,PvP,Looter Shooter,Third-Person Shooter,Exploration,Survival,Action-Adventure,RPG,Shooter,Strategy RPG,Action RPG,Third Person,Controller,Action,Sci-fi,Zombies,Trading,Adventure"
VR Paper Star,"Jan 21, 2019",0 - 20000,0,0,19.99,0,0,['English'],True,False,False,0,0,0,0,0,0,0,North Breeze Entertainment Ltd,North Breeze Entertainment Ltd,"Single-player,Tracked Controller Support,VR Only,Family Sharing","Action,Indie",
Paths of the Visionaries Playtest,"Jun 3, 2025",0 - 0,0,0,0.0,0,0,[],True,False,False,0,0,0,0,0,0,0,,,,,
Doomed Inheritance,"Aug 11, 2025",0 - 20000,0,0,3.99,0,0,['English'],True,False,False,0,0,0,0,6,0,0,Orikazi,,"Single-player,Steam Achievements,Family Sharing","Indie,Early Access",
Furry Hentai Jigsaw,"Nov 18, 2021",0 - 20000,0,0,1.99,0,0,"['English', 'Spanish - Spain', 'Portuguese - Brazil', 'French', 'Italian', 'German', 'Danish', 'Finnish', 'Dutch', 'Norwegian', 'Polish', 'Portuguese - Portugal', 'Romanian', 'Swedish']",True,False,False,0,0,0,0,16,0,0,Black Hole,Black Hole,"Single-player,Steam Achievements,Steam Cloud,Family Sharing",Casual,
Adventure Of Thieves,"Aug 17, 2016",0 - 20000,0,0,0.99,0,0,['English'],True,True,False,0,0,3,2,10,0,0,Binarystudio 54,Binarystudio 54,"Single-player,Multi-player,PvP,Online PvP,Steam Achievements,In-App Purchases,Includes level editor,Family Sharing","Action,Casual,Indie,Early Access","Action,Indie,Early Access,Casual"
Sunville,"Jul 12, 2022",0 - 20000,0,0,5.0,0,0,"['English', 'Russian']",True,False,False,0,0,0,0,0,0,0,BitConfig,BitConfig,"Single-player,Tracked Controller Support,VR Only,Family Sharing","Adventure,Simulation,Early Access",
Parse-O-Rhythm,"Aug 18, 2024",0 - 20000,0,0,4.99,0,1,['English'],True,True,False,0,0,16,0,31,0,0,Encabulated Games,Encabulated Games,"Single-player,Camera Comfort,Color Alternatives,Custom Volume Controls,Mouse Only Option,Stereo Sound,Steam Cloud,Family Sharing","Action,Casual,Indie","Rhythm,2D,Singleplayer,Music,Hack and Slash,Electronic Music,8-bit Music,Programming,Hacking,Colorful,Abstract,Casual,Minimalist,Pixel Graphics,Family Friendly,Action,Indie"
Doom of the Clawn,"Feb 6, 2020",0 - 20000,0,0,0.99,0,0,['English'],True,False,False,0,0,8,9,0,0,0,1scGames,Tize Game Studio,"Single-player,Family Sharing","Action,Adventure,Casual,Indie,Simulation","Action,Indie,Casual,Adventure,Simulation,FPS,First-Person,Shooter,Puzzle,Parkour"
Wunderling DX,"Mar 5, 2020",0 - 20000,0,0,1.49,90,1,"['English', 'French', 'Italian', 'German', 'Spanish - Spain', 'Russian', 'Simplified Chinese', 'Traditional Chinese', 'Japanese']",True,True,True,0,0,168,11,41,112,205,Bitwave Games,"Bitwave Games,Leoful","Single-player,Steam Achievements,Full controller support,Steam Cloud,Family Sharing","Action,Adventure,Indie","Indie,Action,Adventure,Puzzle-Platformer,2D Platformer,Retro,Great Soundtrack,Platformer,Pixel Graphics,Runner"
Time on Frog Island,"Jul 12, 2022",0 - 20000,2,0,3.99,80,1,"['English', 'French', 'German', 'Spanish - Spain', 'Portuguese - Brazil', 'Russian', 'Simplified Chinese', 'Traditional Chinese', 'Italian', 'Bulgarian', 'Danish', 'Dutch', 'Finnish', 'Japanese', 'Korean', 'Norwegian', 'Polish', 'Swedish', 'Turkish', 'Thai']",True,False,False,0,0,228,104,35,256,146,Half Past Yellow,Silver Lining Interactive,"Single-player,Steam Achievements,Full controller support,Steam Cloud,Family Sharing","Adventure,Indie","Adventure,Exploration,Indie,Cute,Relaxing,Nature,3D Platformer,Puzzle-Platformer,Casual,Singleplayer,Platformer,Cartoony,Colorful,Crafting,Action-Adventure,Emotional,3D,Puzzle,Trading,Logic"
战术狂想3-枪战足球(Chimera of Tactics 3-Gun and Soccer),"Oct 23, 2018",0 - 20000,0,0,3.99,0,0,"['English', 'Japanese', 'Simplified Chinese', 'Traditional Chinese']",True,False,False,0,0,4,0,0,0,0,自由愉悦小黄猫(Free pleasure little yellow cat),自由愉悦小黄猫(Free pleasure little yellow cat),"Single-player,Family Sharing","Indie,Strategy,Early Access","Indie,Strategy,Early Access,Turn-Based Tactics,Turn-Based Combat,Tactical,Hex Grid,2D,Singleplayer,Turn-Based,Mouse only,Comedy,Turn-Based Strategy,Anime,Funny,Replay Value,Cute,Hand-drawn,Female Protagonist,Sports"
GUNVOLT RECORDS Cychronicle,"Feb 15, 2024",0 - 20000,1,0,6.74,55,7,"['English', 'French', 'Italian', 'German', 'Spanish - Spain', 'Portuguese - Brazil', 'Simplified Chinese', 'Traditional Chinese', 'Japanese', 'Korean']",True,False,False,0,0,65,25,10,0,0,"INTI CREATES CO., LTD.","INTI CREATES CO., LTD.","Single-player,Steam Achievements,Full controller support,Steam Trading Cards,Steam Cloud,Family Sharing","Action,Casual","Action,Casual,Rhythm,Cute,Anime,Fantasy,Singleplayer"
jumpo world,"Jan 2, 2025",0 - 20000,0,0,0.0,0,0,['English'],True,False,False,0,0,2,0,0,0,0,emptysquare,emptysquare,"Single-player,Full controller support","Action,Adventure,Casual,Free To Play","Adventure,Action-Adventure,Top-Down,3D Platformer,Precision Platformer,Puzzle-Platformer,3D,Stylized,Cartoon,Cartoony,Colorful,Cute,Atmospheric,Procedural Generation,Comedy,Crafting,Horror,Fantasy,Dark,1980s"
Metric Racer,"Feb 23, 2021",0 - 20000,0,0,19.99,0,1,['English'],True,False,True,0,0,5,14,10,0,0,Virtex Edge Design,Virtex Edge Design,"Single-player,Multi-player,PvP,Online PvP,LAN PvP,Shared/Split Screen PvP,Shared/Split Screen,Steam Achievements,Steam Workshop,Partial Controller Support,Steam Cloud,Stats,Includes level editor,Remote Play Together,Family Sharing","Action,Indie,Racing,Early Access","Racing,Action,Indie,Early Access,Futuristic,Cartoon"
Clash of Rock Paper Scissors,"Aug 30, 2025",0 - 0,0,0,0.99,0,0,['English'],True,False,False,0,0,0,0,0,0,0,deedevs,deedevs,"Single-player,Multi-player,PvP,Online PvP,Family Sharing","Action,Casual,Indie",
Astral Terra,"Nov 10, 2015",0 - 20000,0,0,9.99,0,0,['English'],True,False,False,0,0,77,76,0,0,0,Tethys Interactive LLC,Tethys Interactive LLC,"Single-player,Multi-player,PvP,Online PvP,Co-op,Family Sharing","Action,Adventure,Indie,RPG,Early Access","Open World Survival Craft,Open World,Survival,Sandbox,Adventure,RPG,Building,Early Access,Voxel,Indie,Crafting,Fantasy,Action,Multiplayer,Procedural Generation,Exploration,Singleplayer,Magic,Mining,Co-op"
Pixel Puzzles Aardman Jigsaws,"Apr 11, 2024",0 - 20000,0,0,0.0,0,7,['English'],True,False,False,0,0,0,0,170,0,0,Pixel Puzzles,Sunset Sugar Studios,"Single-player,Steam Achievements,Steam Cloud,Stats","Adventure,Casual,Indie,RPG,Simulation,Strategy",
Gun Maker - pimp my weapon,"Aug 19, 2024",0 - 20000,0,0,17.49,30,0,"['English', 'German', 'Simplified Chinese', 'Japanese', 'French', 'Indonesian', 'Korean', 'Russian', 'Spanish - Spain', 'Portuguese - Portugal']",True,False,False,0,0,5,2,3,0,0,MIDLANDSTORY Inc.,MIDLANDSTORY Inc.,"Single-player,Multi-player,Family Sharing","Casual,Indie,Simulation","Casual,Simulation,Shooter,Design & Illustration,Point & Click,2D,War,Character Customization,Indie,Online Co-Op,Singleplayer,Multiplayer,Co-op,2D Platformer,Anime,Military"
Pixel Wars Playtest,"Feb 17, 2023",0 - 0,0,0,0.0,0,0,[],True,False,False,0,0,0,0,0,0,0,,,,,
Glass Heart,"Feb 3, 2023",0 - 20000,0,0,19.99,0,1,['English'],True,False,False,0,0,47,3,0,0,0,"Eternal Love Studios, LLC.","Eternal Love Studios, LLC.","Single-player,Family Sharing",Simulation,"Otome,Romance,Simulation,Visual Novel,Dating Sim,Female Protagonist,Choose Your Own Adventure,Casual,2D,Anime,Hand-drawn,Drama,Emotional,Survival,Choices Matter,Multiple Endings,Story Rich,Text-Based,Singleplayer,Interactive Fiction"
Eternal Kingdom Battle Peak,"Jan 23, 2023",0 - 0,0,0,0.0,0,0,"['Japanese', 'English']",True,False,False,0,0,0,0,0,0,0,"Asobimo, Inc.","Asobimo, Inc.","Multi-player,MMO,PvP,Online PvP,Co-op,Online Co-op,Cross-Platform Multiplayer,In-App Purchases,Steam Cloud","Free To Play,Massively Multiplayer,RPG",
Bring Me...,"Sep 20, 2024",0 - 20000,0,0,2.67,33,0,"['English', 'Russian', 'German', 'Spanish - Spain', 'Simplified Chinese', 'Korean', 'Japanese']",True,False,False,0,0,37,9,10,0,0,"Peace_Studio,DonCorsaire",Peace_Studio,"Single-player,Steam Achievements,Family Sharing",Indie,"Walking Simulator,Hidden Object,Horror,Choices Matter,Indie,Singleplayer"
Adventures of Quin85,"May 29, 2023",0 - 0,0,0,0.0,0,2,['English'],True,False,False,0,0,0,0,52,0,0,Deathclaim (Dreadnoughts),Deathclaim (Dreadnoughts),Single-player,"Action,Adventure",
Football Squad,"Jul 19, 2024",0 - 20000,0,0,0.99,0,0,['English'],True,False,False,0,0,13,1,5,0,0,Ferulox Studios,Ferulox Studios,"Single-player,Multi-player,Co-op,Shared/Split Screen Co-op,Shared/Split Screen,Steam Achievements,Full controller support,Remote Play Together,Family Sharing","Action,Indie,Simulation,Sports","Sports,Simulation,Arcade,e-sports,Shoot 'Em Up,Top-Down Shooter,2D,Pixel Graphics,1980s,Funny,Indie,Football (Soccer),Action,Combat,Controller,Co-op,Local Multiplayer"
Call of Duty®: Ghosts - Digital Hardened Edition,"Nov 4, 2013",0 - 20000,0,17,39.99,60,0,"['English', 'French', 'German', 'Italian', 'Spanish - Spain']",True,False,False,0,0,27,9,0,0,0,Infinity Ward,Activision,"Single-player,Multi-player,Steam Achievements,Full controller support,Steam Cloud,Steam Leaderboards,Family Sharing",Action,"Action,FPS,Dog,Multiplayer,Shooter,Singleplayer,Casual,First-Person,Family Friendly"
King's Bounty: Armored Princess,"Nov 19, 2009",200000 - 500000,47,0,1.49,85,0,"['English', 'Russian', 'French', 'German', 'Spanish - Spain', 'Italian', 'Japanese']",True,True,False,82,0,1116,115,0,1043,806,Katauri Interactive,Fulqrum Publishing,"Single-player,Steam Cloud,Family Sharing","RPG,Strategy","RPG,Turn-Based Strategy,Strategy,Fantasy,Female Protagonist,Turn-Based,Hex Grid,Singleplayer,Adventure,Tactical,Open World,Turn-Based Combat,Tactical RPG,Classic,Great Soundtrack,Nudity,Strategy RPG"
Omae Wa Mou Shindeiru,"May 7, 2018",0 - 20000,0,0,0.69,0,1,['English'],True,False,False,0,0,33,21,13,0,0,Laush Dmitriy Sergeevich,Laush Studio,"Single-player,Steam Achievements,Family Sharing","Casual,Indie","Indie,Casual,Gore,Memes,Side Scroller,Music,Fast-Paced,2D,Atmospheric,Singleplayer,Violent,Blood"
No Other Alchemists Here,"Dec 31, 2025",0 - 0,0,0,4.49,0,0,['English'],True,True,False,0,0,0,0,20,0,0,Trabasura,Trabasura,"Single-player,Steam Achievements,Family Sharing","Simulation,Strategy",
The Weather Gage Playtest,"Mar 16, 2025",0 - 0,0,0,0.0,0,0,[],True,False,False,0,0,0,0,0,0,0,,,,,
Master of Love,"Sep 29, 2024",0 - 20000,0,0,5.49,50,0,"['Korean', 'English', 'Japanese', 'Simplified Chinese', 'Traditional Chinese']",True,False,False,0,0,131,25,0,162,822,Root3Games,Root3Games,"Single-player,Family Sharing","Casual,Simulation,Strategy","FMV,Simulation,Dating Sim,Visual Novel,Casual,Immersive Sim,Interactive Fiction,Drama,Romance,Strategy,Conversation,Singleplayer,First-Person,Realistic,Emotional,Choices Matter,Female Protagonist,Story Rich,Cinematic,Psychological"
Bugger Off!,"Dec 14, 2023",0 - 20000,0,0,0.0,0,0,['English'],True,False,False,0,0,0,0,0,0,0,Ribbit Inc.,Jamk Games,Single-player,"Casual,Strategy",
By The Orchid Playtest,"Oct 7, 2025",0 - 0,0,0,0.0,0,0,[],True,False,False,0,0,0,0,0,0,0,,,,,
A Good Snowman Is Hard To Build,"Feb 25, 2015",50000 - 100000,4,0,4.49,70,0,"['English', 'French', 'Italian', 'German', 'Spanish - Spain', 'Japanese', 'Korean', 'Portuguese - Portugal', 'Portuguese - Brazil', 'Russian', 'Simplified Chinese']",True,True,True,0,0,1003,47,5,625,86,"Alan Hazelden,Benjamin Davis",Draknek & Friends,"Single-player,Steam Achievements,Full controller support,Camera Comfort,Custom Volume Controls,Keyboard Only Option,Playable without Timed Input,Save Anytime,Steam Cloud,Remote Play Together,Family Sharing",Indie,"Cute,Puzzle,Relaxing,Sokoban,Open World,Exploration,Difficult,Strategy,Isometric,Post-apocalyptic,Surreal,Casual,Abstract,Cartoony,Minimalist,Colorful,Stylized,Family Friendly,Great Soundtrack,Atmospheric"
I was here,"Oct 5, 2017",0 - 20000,0,0,0.49,51,1,['English'],True,True,True,0,0,9,14,177,0,0,Okinawa Sunrise,Okinawa Sunrise,"Single-player,Steam Achievements,Family Sharing","Adventure,Casual,Indie","Indie,Casual,Adventure,Education,Family Friendly,Singleplayer,Puzzle,Great Soundtrack,Atmospheric,Replay Value,Trivia,Memes,Relaxing,Mystery,Stylized,Arcade,Colorful,Design & Illustration"
Seed 'n Breed,"Jan 19, 2025",0 - 20000,0,0,11.24,25,0,['English'],True,False,False,0,0,0,0,0,0,0,SlingBang,SlingBang,"Single-player,Family Sharing","Casual,Indie,RPG",
The Tale of Doris and the Dragon - Episode 2,"Feb 7, 2020",20000 - 50000,0,0,11.99,0,1,['English'],True,True,True,0,0,36,2,19,0,0,Arrogant Pixel LTD,Arrogant Pixel LTD,"Single-player,Steam Achievements,Steam Trading Cards,Captions available,Family Sharing","Adventure,Casual,Indie","Casual,Hidden Object,Interactive Fiction,Difficult,Point & Click,2D,Cute,Dragons,Story Rich,Funny,Relaxing,Romance,Conversation,Linear,Narration,Puzzle,Pixel Graphics,Abstract,Hand-drawn,Minimalist"
Demon Corporation: Onboarding,"Apr 27, 2025",20000 - 50000,0,0,5.59,0,0,"['English', 'Simplified Chinese', 'Traditional Chinese', 'Japanese']",True,False,False,0,0,54,0,27,0,0,A Shrine of Ludens,"A Shrine of Ludens,SapStaR Games","Single-player,Steam Achievements,Full controller support,Steam Cloud,Family Sharing","Indie,RPG","Sokoban,Turn-Based Tactics,Rogue-lite,Dungeon Crawler,Puzzle,Female Protagonist,Pixel Graphics,Turn-Based,JRPG,Rogue-like,RPG,2D,Story Rich,Casual,Management,Drama,Modern,Satire,Singleplayer,Indie"
TILE PERFECT,"Apr 1, 2024",0 - 0,0,0,0.0,0,0,['English'],True,False,True,0,0,0,0,6,0,0,Shinogame,Shinogame,"Single-player,Full controller support","Casual,Free To Play",
QUALIA ~The Path of Promise~,"Feb 3, 2023",0 - 20000,0,0,9.99,50,0,"['English', 'Japanese', 'Simplified Chinese']",True,False,False,0,0,41,1,17,0,0,PURESIS,Sekai Project,"Single-player,Steam Achievements,Steam Cloud,Family Sharing","Adventure,Casual","Visual Novel,Adventure,Casual,Anime,Robots,Romance,Sci-fi,Drama,Singleplayer,Sexual Content"
AetherShot,"Sep 27, 2024",0 - 20000,0,0,6.99,0,0,['English'],True,False,False,0,0,1,0,0,0,0,ProteanDerg,ProteanDerg,"Single-player,Family Sharing","Action,Indie,Early Access","Action Roguelike,Dungeon Crawler,Shooter,Action,Fantasy,Top-Down,2D,Pixel Graphics,Lore-Rich,Magic,Robots,Underground,Combat,Crafting,Tutorial,Looter Shooter,Singleplayer,Early Access,Indie"
Elon and the Divine Proof,"Sep 4, 2024",0 - 20000,0,0,0.99,80,0,"['English', 'French', 'Italian', 'Spanish - Latin America', 'Portuguese - Brazil']",True,False,False,0,0,6,2,10,0,0,Derik D.F,Derik D.F,"Single-player,Steam Achievements,Full controller support,Family Sharing","Adventure,Indie","Adventure,Platformer,Action-Adventure,Collectathon,Exploration,3D Platformer,3D,Cartoony,Cinematic,Stylized,Indie,Third Person,3D Vision,Fantasy,Open World,Singleplayer"
The Dark Story,"Feb 15, 2024",0 - 20000,0,0,0.9,0,0,['English'],True,False,False,0,0,2,0,0,0,0,MY DREAM GAME STUDIO,MY DREAM GAME STUDIO,"Single-player,Family Sharing","Action,Adventure,Indie","Adventure,Action-Adventure,First-Person,Dark,Hunting,Mystery,Mythology,Sci-fi,Open World,Singleplayer,Action,Survival,Realistic,Puzzle,3D,Indie,Stealth,Choose Your Own Adventure,Horror,Zombies"
Cubion,"Nov 5, 2017",0 - 20000,0,0,0.0,0,0,"['English', 'French', 'Italian', 'German', 'Spanish - Spain', 'Arabic', 'Bulgarian', 'Portuguese - Brazil', 'Hungarian', 'Greek', 'Danish', 'Traditional Chinese', 'Simplified Chinese', 'Korean', 'Dutch', 'Norwegian', 'Polish', 'Portuguese - Portugal', 'Romanian', 'Russian', 'Thai', 'Turkish', 'Ukrainian', 'Finnish', 'Czech', 'Swedish', 'Japanese']",True,False,False,0,0,13,3,9,0,0,BBit,BBit,"Single-player,Steam Achievements",Indie,"Indie,Free to Play"
Yui Tui,"Dec 3, 2021",0 - 20000,0,0,0.49,0,0,['English'],True,False,True,0,0,3,1,36,0,0,Anamik Majumdar,Anamik Majumdar,"Single-player,Steam Achievements,Partial Controller Support,Family Sharing","Action,Casual,Indie","2D Platformer,Difficult,Retro,Action,Casual,Arcade,Platformer,Side Scroller,2D,Pixel Graphics,Gore,Indie,Violent,Old School,Singleplayer,Shooter,Action-Adventure,Family Friendly,Sci-fi,Comedy"
Surflexers,"May 19, 2022",0 - 20000,0,0,4.99,25,0,"['English', 'French', 'Italian', 'German', 'Spanish - Spain', 'Arabic', 'Bulgarian', 'Czech', 'Danish', 'Dutch', 'Finnish', 'Greek', 'Hungarian', 'Japanese', 'Korean', 'Norwegian', 'Polish', 'Portuguese - Portugal', 'Portuguese - Brazil', 'Romanian', 'Russian', 'Simplified Chinese', 'Spanish - Latin America', 'Swedish', 'Thai', 'Traditional Chinese', 'Turkish', 'Ukrainian', 'Vietnamese', 'Afrikaans', 'Albanian', 'Amharic', 'Armenian', 'Assamese', 'Azerbaijani', 'Bangla', 'Basque', 'Belarusian', 'Bosnian', 'Catalan', 'Cherokee', 'Croatian', 'Dari', 'Estonian', 'Filipino', 'Galician', 'Georgian', 'Gujarati', 'Hausa', 'Hebrew', 'Hindi', 'Icelandic', 'Igbo', 'Indonesian', 'Irish', K'iche', 'Kannada', 'Kazakh', 'Khmer', 'Kinyarwanda', 'Konkani', 'Kyrgyz', 'Latvian', 'Lithuanian', 'Luxembourgish', 'Macedonian', 'Malay', 'Malayalam', 'Maltese', 'Maori', 'Marathi', 'Mongolian', 'Nepali', 'Odia', 'Persian', 'Punjabi (Gurmukhi)', 'Punjabi (Shahmukhi)', 'Quechua', 'Scots', 'Serbian', 'Sindhi', 'Sinhala', 'Slovak', 'Slovenian', 'Sorani', 'Sotho', 'Swahili', 'Tajik', 'Tamil', 'Tatar', 'Telugu', 'Tigrinya', 'Tswana', 'Turkmen', 'Urdu', 'Uyghur', 'Uzbek', 'Valencian', 'Welsh', 'Wolof', 'Xhosa', 'Yoruba', 'Zulu']",True,False,False,0,0,4,1,0,0,0,ksxtin,Self,"Single-player,Tracked Controller Support,VR Only,Steam Cloud,Family Sharing","Casual,Indie","Puzzle,Arcade,3D,VR,Linear,Casual,Indie,Singleplayer"
Avocado Puzzle Quest,"Jul 26, 2022",0 - 20000,0,0,5.49,50,0,"['English', 'Russian']",True,False,False,0,0,19,5,5,0,0,Dnovel,Studio2760,"Single-player,Steam Achievements,Family Sharing","Action,Adventure,Casual,Indie,Early Access","Casual,Match 3,Adventure,Puzzle,2D,Cute,Logic,Singleplayer,Early Access,Action,Indie,Linear"
Miryam: The Polluted Land Playtest,"Mar 9, 2025",0 - 0,0,0,0.0,0,0,[],True,False,False,0,0,0,0,0,0,0,,,,,
Treasure Journey,"Jul 15, 2024",0 - 20000,0,0,5.99,0,0,"['English', 'French', 'Italian', 'German', 'Spanish - Spain', 'Indonesian', 'Japanese', 'Korean', 'Polish', 'Portuguese - Portugal', 'Russian', 'Simplified Chinese', 'Thai']",True,False,False,0,0,5,0,14,0,0,Argyron,Argyron,"Single-player,Steam Achievements,Steam Cloud,Stats,Family Sharing","Adventure,Indie","Puzzle,3D,Exploration,Sokoban,Hidden Object,Logic,Difficult,Grid-Based Movement,Point & Click,Voxel,Third Person,Relaxing,Underground,Stylized,Family Friendly,Atmospheric,Adventure,Singleplayer,Indie"
Infinite sky,"Oct 2, 2021",0 - 20000,0,0,19.99,0,0,['English'],True,False,False,0,0,3,7,0,0,0,Blue panda Games,Blue panda Games,"Single-player,Family Sharing",Casual,"Casual,Space Sim,3D Platformer,Third Person,Futuristic,Linear,Singleplayer"
NYYO,"Jul 26, 2022",0 - 20000,0,0,3.99,0,0,"['English', 'Thai']",True,True,False,0,0,8,0,0,0,0,Amita Innovation,"Amita Innovation,Opendream","Single-player,Full controller support,Family Sharing","Action,Adventure,RPG","Adventure,Action,RPG,Puzzle,Action RPG,Action-Adventure,Exploration,1990's,Old School,Hack and Slash,2D,Hand-drawn,Anime,Singleplayer,Puzzle-Platformer,Mystery Dungeon,Fantasy,Cartoon,Dungeon Crawler,Mystery"
Toy War - Cannon,"Apr 27, 2023",0 - 20000,0,0,199.99,90,0,"['English', 'French', 'Italian', 'German', 'Spanish - Spain', 'Arabic', 'Bulgarian', 'Czech', 'Danish', 'Dutch', 'Finnish', 'Greek', 'Hungarian', 'Japanese', 'Korean', 'Norwegian', 'Polish', 'Portuguese - Portugal', 'Portuguese - Brazil', 'Romanian', 'Russian', 'Simplified Chinese', 'Spanish - Latin America', 'Swedish', 'Thai', 'Traditional Chinese', 'Turkish', 'Ukrainian', 'Vietnamese', 'Afrikaans', 'Albanian', 'Amharic', 'Armenian', 'Assamese', 'Azerbaijani', 'Bangla', 'Basque', 'Belarusian', 'Bosnian', 'Catalan', 'Cherokee', 'Croatian', 'Dari', 'Estonian', 'Filipino', 'Galician', 'Georgian', 'Gujarati', 'Hausa', 'Hebrew', 'Hindi', 'Icelandic', 'Igbo', 'Indonesian', 'Irish', K'iche', 'Kannada', 'Kazakh', 'Khmer', 'Kinyarwanda', 'Konkani', 'Kyrgyz', 'Latvian', 'Lithuanian', 'Luxembourgish', 'Macedonian', 'Malay', 'Malayalam', 'Maltese', 'Maori', 'Marathi', 'Mongolian', 'Nepali', 'Odia', 'Persian', 'Punjabi (Gurmukhi)', 'Punjabi (Shahmukhi)', 'Quechua', 'Scots', 'Serbian', 'Sindhi', 'Sinhala', 'Slovak', 'Slovenian', 'Sorani', 'Sotho', 'Swahili', 'Tajik', 'Tamil', 'Tatar', 'Telugu', 'Tigrinya', 'Tswana', 'Turkmen', 'Urdu', 'Uyghur', 'Uzbek', 'Valencian', 'Welsh', 'Wolof', 'Xhosa', 'Yoruba', 'Zulu']",True,True,True,0,0,10,10,6,0,0,Hede,Hede,"Single-player,Steam Achievements,Steam Leaderboards,Family Sharing","Action,Adventure,Casual,Indie,Racing,RPG,Simulation,Sports,Strategy","Side Scroller,Tactical RPG,3D Platformer,Racing,FPS,Sports,Wargame,Real Time Tactics,Tower Defense,Auto Battler,RPG,RTS,Strategy RPG,3D Fighter,Character Customization,Strategy,3D,First-Person,War,Physics"
Souls of Tartarus,"Mar 17, 2023",0 - 20000,0,0,0.0,0,0,['English'],True,False,False,0,0,0,0,0,0,0,Neon Notes Studio,Neon Notes Studio,"Single-player,Partial Controller Support","Action,Casual,Indie,Early Access",
Yet Another Hero Story,"Jul 9, 2019",0 - 20000,0,0,1.79,0,0,['English'],True,True,False,0,0,48,15,20,0,0,Sinking Sheep,Sinking Sheep,"Single-player,Steam Achievements,Steam Cloud,Family Sharing","Adventure,Casual,Indie","Adventure,Indie,Casual,Point & Click,Singleplayer,Third Person,Cartoony,Puzzle,2D,Mouse only,Fantasy,Old School,Retro,Colorful,Hand-drawn"
Captain Cook: Word Puzzle,"Nov 29, 2019",20000 - 50000,0,0,1.99,60,0,['English'],True,True,True,0,0,1,3,6,0,0,Superpow,Mini Fun Games,"Single-player,Steam Achievements,Steam Cloud,Family Sharing","Casual,Indie","Exploration,Spelling,Clicker,Puzzle,Word Game,Cooking,Education,Board Game,Point & Click,Tabletop,2D,Cute,Text-Based,Casual,Cartoony,Colorful,Stylized,Family Friendly,Crafting,Adventure"
Debtors' Club,"Aug 26, 2024",0 - 20000,0,0,7.49,50,0,"['English', 'Portuguese - Brazil']",True,False,False,0,0,50,22,40,0,0,mecagames,mecagames,"Single-player,Steam Achievements,Family Sharing","Adventure,Indie","Minigames,Satire,Rogue-lite,Job Simulator,Resource Management,Narrative,Story Rich,Simulation,Casual,Strategy,Management,Singleplayer,Choices Matter,Adventure,Indie,Multiple Endings,Puzzle,Immersive,Dice,Point & Click"
Arizona Sunshine®,"Dec 6, 2016",500000 - 1000000,29,17,19.99,0,2,"['English', 'French', 'Italian', 'German', 'Spanish - Spain', 'Japanese', 'Korean', 'Russian', 'Simplified Chinese']",True,False,False,81,0,7354,1911,48,7460,259,"Vertigo Games,Jaywalkers Interactive",Vertigo Games,"Single-player,Steam Achievements,Tracked Controller Support,VR Only,Steam Trading Cards,VR Support,SteamVR Collectibles,Steam Cloud,Steam Leaderboards,Family Sharing","Action,Adventure,Indie","Action,VR,Zombies,Horror,Multiplayer,Survival,Co-op Campaign,Online Co-Op,Adventure,Gore,FPS,Shooter,First-Person,Survival Horror,Indie,Co-op,Open World,Violent,Singleplayer,Post-apocalyptic"
Endless Fables 2: Frozen Path,"Nov 16, 2017",20000 - 50000,0,0,3.74,75,0,"['English', 'French', 'Italian', 'German', 'Japanese', 'Korean', 'Polish', 'Russian', 'Simplified Chinese']",True,True,True,0,0,218,24,28,170,113,Sunward Games,Artifex Mundi,"Single-player,Steam Achievements,Steam Trading Cards,Steam Cloud,Family Sharing","Adventure,Casual","Adventure,Casual,Hidden Object,Point & Click,Female Protagonist,Puzzle,Mythology,Fantasy,2D,Singleplayer,Mystery,Atmospheric,Indie,Great Soundtrack,Family Friendly,Story Rich,Horror"
Escape 9 to 5,"Nov 19, 2025",0 - 0,0,0,5.99,0,0,['English'],True,False,False,0,0,0,0,11,0,0,Room Zero Studios,Room Zero Studios,"Single-player,Steam Achievements,Custom Volume Controls,Narrated Game Menus,Save Anytime,Stereo Sound,Surround Sound,Family Sharing","Action,Adventure,Casual,Simulation",
The Life and Suffering of Sir Brante,"Mar 4, 2021",200000 - 500000,40,0,7.99,60,1,"['English', 'Russian', 'Korean', 'Portuguese - Brazil', 'Japanese', 'Simplified Chinese']",True,False,False,82,0,7790,829,89,7536,713,"Sever,Schisma Games",101XP,"Single-player,Steam Achievements,Steam Trading Cards,Family Sharing","Adventure,Indie,RPG,Simulation,Strategy","Choices Matter,Story Rich,RPG,Interactive Fiction,Choose Your Own Adventure,Visual Novel,Text-Based,Indie,Medieval,Adventure,Singleplayer,Simulation,Atmospheric,Replay Value,Dark Fantasy,Strategy,Violent,Management,2D,Tabletop"
BlowHI,"Sep 3, 2024",0 - 20000,0,0,7.99,0,0,"['Korean', 'English', 'Japanese', 'Simplified Chinese']",True,False,False,0,0,3,0,0,0,0,BIGXL,BIGXL,"Single-player,Steam Cloud,Family Sharing","Action,Casual,Indie","Action Roguelike,Bullet Hell,PvE,Shooter,Action RPG,Rogue-like,RPG,Third Person,3D,Casual,Cute,Action,Controller,Medieval,Fantasy,Atmospheric,Indie,Combat,Singleplayer,Party-Based RPG"
Dragon Of Saiyu,"Jan 17, 2025",0 - 20000,0,0,6.74,25,0,['English'],True,False,False,0,0,8,0,0,0,0,Studio OpA,Studio OpA,"Single-player,Partial Controller Support,Family Sharing","Action,Indie","Action,Platformer,Retro,Pixel Graphics,2D,2D Platformer,PvE,Controller,Linear,Indie,Colorful,Mythology,Fantasy,Singleplayer"
spec,"Jun 14, 2024",0 - 20000,0,0,0.74,75,0,['English'],True,False,False,0,0,21,0,0,0,0,Euch,Euch,"Single-player,Partial Controller Support,Family Sharing","Casual,Indie","Casual,Minimalist,2D,Pixel Graphics,1990's,1980s,Old School,Singleplayer,Controller,Indie,Linear,Arcade,Runner"
Hello Lady! -New Division-,"Apr 19, 2019",0 - 20000,0,0,5.09,66,0,"['Japanese', 'Simplified Chinese', 'Traditional Chinese']",True,False,False,0,0,315,15,0,266,78,AKATSUKI-WORKS,HIKARI FIELD,"Single-player,Steam Trading Cards,Partial Controller Support,Steam Cloud,Family Sharing","Adventure,Casual","Adventure,Sexual Content,Casual,Visual Novel,Nudity,Violent,Gore,Anime,Cute"
Majikoi! Love Me Seriously!,"Feb 26, 2021",0 - 20000,3,0,17.49,50,0,['English'],True,False,False,0,0,177,7,0,182,4821,Minato Soft,JAST,"Single-player,Steam Cloud,Family Sharing","Adventure,Casual","Visual Novel,Anime,Comedy,Martial Arts,Casual,Dating Sim,Adventure,Drama,Choose Your Own Adventure,2D,Modern,Choices Matter,Multiple Endings,Story Rich,Text-Based,Singleplayer,Fighting,Sexual Content,Nudity,Hentai"
Idle Paladin Playtest,"Jul 12, 2022",0 - 0,0,0,0.0,0,0,[],True,False,False,0,0,0,0,0,0,0,,,,,
汉尘：腐草为萤 Playtest,"May 2, 2025",0 - 0,0,0,0.0,0,0,[],True,False,False,0,0,0,0,0,0,0,,,,,
Labyronia RPG,"Aug 14, 2015",200000 - 500000,1,0,0.55,72,0,['English'],True,False,False,0,0,944,331,6,1120,241,Labyrinthine,Senpai Industrial Studios,"Single-player,Steam Achievements,Full controller support,Steam Trading Cards,Captions available,Steam Cloud,Family Sharing","Action,Adventure,Indie,RPG","RPG,RPGMaker,Adventure,Anime,Action,Indie,2D,JRPG,Strategy,Pixel Graphics,Fantasy,Turn-Based,Story Rich,Singleplayer,Open World,Retro,Classic,Shooter,Action RPG,Shoot 'Em Up"
WEscape,"Aug 17, 2018",0 - 20000,0,0,2.0,33,0,['English'],True,False,False,0,0,26,7,8,0,0,Xerologik,Xerologik,"Single-player,Multi-player,PvP,Online PvP,Co-op,Online Co-op,Steam Achievements,Full controller support,Family Sharing","Adventure,Casual,Indie,Early Access","Adventure,Indie,Casual,Early Access,Puzzle"
Alternis Playtest,"Nov 19, 2024",0 - 0,0,0,0.0,0,0,[],True,False,False,0,0,0,0,0,0,0,,,,,
Animal Lover,"Feb 14, 2017",0 - 20000,0,0,9.99,0,0,['English'],True,True,False,0,0,135,22,24,110,477,Trainwreck Studios,Trainwreck Studios,"Single-player,Steam Achievements,Partial Controller Support,Family Sharing","Casual,Indie,Simulation","Indie,Casual,Simulation,Visual Novel,Otome,Female Protagonist,Romance,Dating Sim,Nudity,Sexual Content,LGBTQ+"
Canyon,"Mar 23, 2022",0 - 20000,0,0,8.99,0,0,['English'],True,False,False,0,0,0,0,0,0,0,Radiant Potato,Radiant Potato,"Single-player,Family Sharing","Casual,Indie,Simulation,Early Access",
Steel Torrent,"Jul 18, 2022",0 - 20000,0,0,0.99,0,0,"['English', 'Simplified Chinese']",True,False,False,0,0,1,0,0,0,0,伊泽悦耳,伊泽悦耳,"Single-player,Family Sharing","Action,Adventure,Casual,Indie,RPG","Strategy,RTS,Action RTS,2.5D,World War II,Base-Building,Singleplayer"
Ketamine Girl,"Jan 10, 2025",0 - 20000,0,0,0.99,0,0,['English'],True,False,False,0,0,0,0,0,0,0,Depraved Spirit,Depraved Spirit,"Single-player,Family Sharing",Casual,
The Expression Amrilato,"Jun 21, 2019",0 - 20000,1,0,13.74,0,0,"['English', 'Japanese', 'Simplified Chinese', 'Traditional Chinese']",True,True,True,0,0,674,17,0,656,830,SukeraSparo,"MangaGamer,mirai works","Single-player,Steam Cloud,Family Sharing","Adventure,Indie","LGBTQ+,Female Protagonist,Visual Novel,Adventure,Anime,Romance,Cute,Education,Indie,Story Rich,Singleplayer,Sexual Content,Nudity"
Insect Adventure Demo,"Oct 20, 2020",0 - 20000,0,0,0.0,0,0,['English'],True,False,False,0,0,10,1,0,0,0,MAYOFORCE,MAYOFORCE,"Single-player,Full controller support","Action,Adventure","Action-Adventure,Beat 'em up,Metroidvania,Side Scroller,2D Platformer,Collectathon,Platformer,Character Customization,2D,Dragons,Relaxing,Underground,Action,Nonlinear,Cartoony,Colorful,Hand-drawn,Pixel Graphics,Fantasy,Adventure"
Tres-Bashers,"Sep 30, 2021",0 - 20000,0,0,5.99,40,0,['English'],True,True,False,0,0,170,6,18,179,0,ondydev,ondydev,"Single-player,Steam Achievements,Full controller support,Family Sharing","Action,Adventure,Indie","Metroidvania,Pixel Graphics,Horror,Action,Action-Adventure,Atmospheric,Adventure,Cute,Funny,Platformer,Side Scroller,2D Platformer,Colorful,2D,Retro,1980s,1990's,Lore-Rich,Magic,Controller"
Vacuum Warrior - Idle Game,"Jun 29, 2023",50000 - 100000,68,0,0.0,0,3,['English'],True,False,False,0,0,616,139,62,0,2739,Benjamin Staugaard,Benzoft,"Single-player,Steam Achievements,In-App Purchases,Steam Cloud","Casual,Indie,Simulation,Free To Play,Early Access","Casual,Idler,Clicker,Top-Down,Relaxing,Singleplayer,Free to Play,2D,Puzzle,Minimalist,Automation,Early Access,Simulation,Indie,Tactical,Choices Matter,Resource Management"
Aerofly FS 2 Flight Simulator,"Nov 20, 2017",200000 - 500000,4,0,49.99,0,21,"['English', 'German', 'French']",True,True,True,0,0,1580,422,0,1944,882,IPACS,IPACS,"Single-player,Tracked Controller Support,VR Supported,Partial Controller Support,Family Sharing","Action,Indie,Racing,Simulation","Flight,Simulation,VR,Racing,Open World,Physics,Realistic,Education,Exploration,Jet,3D Vision,Relaxing,3D,Level Editor,America,Singleplayer,TrackIR,Early Access,Indie,Multiplayer"
Flappy Horse,"Jul 21, 2024",0 - 0,0,0,0.0,0,0,['English'],True,False,False,0,0,0,0,0,0,0,Steaming Coffee Studios,Steaming Coffee Studios,Single-player,"Casual,Indie,Free To Play",
Just Work,"Aug 29, 2025",0 - 0,0,0,4.99,0,0,"['English', 'Spanish - Spain']",True,False,False,0,0,0,0,5,0,0,DuckLoopStudios,DuckLoopStudios,"Single-player,Multi-player,Co-op,Online Co-op,Steam Achievements,Family Sharing","Action,Adventure,Indie,Early Access",
The Levels of Backrooms,"Oct 28, 2022",0 - 20000,0,0,2.49,0,0,['English'],True,False,False,0,0,3,2,0,0,0,AprilSoft,AprilSoft,"Single-player,Family Sharing","Adventure,Casual,Indie,Simulation,Early Access","Early Access,Survival,Psychological Horror,Mystery Dungeon,Surreal,Atmospheric,Exploration,Dungeon Crawler,PvE,Action-Adventure,Nonlinear,3D,Psychedelic,First-Person,Underground,Horror,Stealth,Adventure,Thriller,Psychological"
Ghost Mountain Roller Coaster,"May 9, 2018",0 - 20000,0,0,2.99,0,0,['English'],True,False,False,0,0,4,4,0,0,11,Raw Lion Workshop,Raw Lion Workshop,"Single-player,Full controller support,Tracked Controller Support,VR Only,Family Sharing","Adventure,Casual,Indie,Simulation,Accounting","Adventure,Indie,Casual,Simulation,VR"
Holy Carrot Simulator,"Aug 14, 2025",0 - 0,0,0,0.99,0,0,['English'],True,False,False,0,0,0,0,0,0,0,Lunar Code Studio,Lunar Code Studio,"Single-player,Multi-player,Co-op,Shared/Split Screen Co-op,Shared/Split Screen,Custom Volume Controls,Remote Play Together,Family Sharing","Casual,Indie,Simulation",
Ninja Scroller,"Mar 31, 2023",0 - 20000,0,0,2.39,0,0,"['English', 'French']",True,False,False,0,0,3,0,55,0,0,Mars Touch Studio,Mars Touch Studio,"Single-player,Steam Achievements,Full controller support,Steam Cloud,Stats,Steam Leaderboards,Family Sharing","Action,Indie","Action,Arcade,Difficult,Ninja,Martial Arts,Retro,1980s,1990's,Old School,2D,Pixel Graphics,Side Scroller,Racing,Parkour,Combat,2D Fighter,Combat Racing,Procedural Generation,Linear,Singleplayer"
Prop Game,"Jul 7, 2023",0 - 20000,0,0,1.99,0,0,"['English', 'French']",True,False,True,0,0,6,0,0,0,0,Olivette Noa,Olivette Noa,"Single-player,Multi-player,PvP,Online PvP,Co-op,Online Co-op,Partial Controller Support,Family Sharing","Casual,Indie","Casual,Arcade,Battle Royale,3D Fighter,3D Platformer,3D,Cartoony,Colorful,Cute,Minimalist,Comic Book,Building,Cooking,Destruction,PvP,Physics,Score Attack,Team-Based,Co-op,Online Co-Op"
The Puppeteer,"Oct 18, 2023",0 - 20000,0,0,4.99,0,0,['English'],True,True,False,0,0,7,0,3,0,0,Danny Martin,Danny Martin,"Single-player,Steam Achievements,Full controller support,Family Sharing","Action,Adventure,Indie,RPG","Action RPG,2D Platformer,Pixel Graphics,Adventure,Crafting,Multiple Endings,Action,RPG,Souls-like,Action-Adventure,Platformer,2D,Top-Down,Fantasy,Retro,Dark Fantasy,Mystery,Combat,Singleplayer,Indie"
Matching Meadows,"Feb 29, 2024",0 - 20000,0,0,2.24,0,0,"['English', 'French', 'Italian', 'German', 'Spanish - Spain', 'Dutch', 'Simplified Chinese', 'Japanese', 'Romanian']",True,False,True,0,0,33,0,32,0,0,Squeezecat,Squeezecat,"Single-player,Steam Achievements,Full controller support,Steam Cloud,Steam Leaderboards,Family Sharing","Casual,Indie,Simulation,Strategy","Casual,Card Game,Puzzle,Strategy,Deckbuilding,Relaxing,Turn-Based Tactics,2D,Turn-Based Strategy,Isometric,Hex Grid,Board Game,Score Attack,Stylized,Atmospheric,Singleplayer,Nature,Building,City Builder,Logic"
Amber's Airline - 7 Wonders,"Apr 18, 2019",20000 - 50000,1,0,13.49,0,0,"['English', 'French', 'Italian', 'German', 'Spanish - Spain', 'Dutch', 'Japanese', 'Korean', 'Polish', 'Portuguese - Brazil', 'Russian', 'Simplified Chinese', 'Swedish', 'Thai', 'Traditional Chinese', 'Vietnamese']",True,True,False,0,0,81,8,16,0,0,"Old Skull Games,GameHouse",GameHouse,"Single-player,Steam Achievements,Family Sharing",Casual,"Casual,Story Rich,Time Management,Adventure,Female Protagonist"
Circadian City,"Oct 1, 2020",0 - 20000,0,0,11.99,0,0,"['English', 'French', 'Italian', 'German', 'Spanish - Spain', 'Portuguese - Brazil']",True,True,False,0,0,98,65,15,143,0,Nowhere Studios,Way Down Deep,"Single-player,Steam Achievements,Partial Controller Support,Steam Cloud,Family Sharing","Adventure,Indie,RPG,Simulation,Strategy,Early Access","Life Sim,RPG,Pixel Graphics,Farming Sim,Agriculture,Simulation,Relaxing,Crafting,Sandbox,Indie,Building,Singleplayer,Casual,Great Soundtrack,2D,Early Access,Dating Sim,Strategy,Top-Down,Character Customization"
MageRun,"Nov 26, 2021",0 - 20000,0,0,0.0,0,0,"['English', 'German', 'Traditional Chinese', 'Simplified Chinese', 'Russian']",True,False,False,0,0,12,3,10,0,0,AroGames,AroGames,"Single-player,Steam Achievements,Partial Controller Support","Action,Casual,Indie","Action,Casual,3D,Colorful,Stylized,Top-Down,Fantasy,Magic,Nature,Surreal,Character Customization,Combat,Bullet Time,Linear,PvE,Singleplayer,Indie,Arcade,Arena Shooter,Action Roguelike"
GLASS,"Jul 12, 2023",0 - 20000,0,0,5.99,0,0,['English'],True,False,False,0,0,1,0,0,0,0,DaniTonnGames,Dani Tonnessen,"Single-player,Family Sharing",Indie,"Walking Simulator,RPG,3D,First-Person,Psychological,Atmospheric,Story Rich,Dynamic Narration,Surreal,Mystery,Hidden Object,Linear,Dark,Narration,Open World,Realistic,Thriller,Investigation,Cinematic,Emotional"
Dialoop -Roguelite Puzzle-,"Dec 8, 2025",0 - 20000,0,0,7.19,0,0,"['English', 'Japanese', 'Spanish - Spain', 'Russian', 'Simplified Chinese', 'Traditional Chinese']",True,False,False,0,0,0,0,30,0,0,Byking Inc.,Byking Inc.,"Single-player,Multi-player,PvP,Online PvP,Steam Achievements,Custom Volume Controls,Playable without Timed Input,Partial Controller Support,Steam Cloud,Steam Leaderboards,Family Sharing","Casual,Indie,Simulation,Strategy,Early Access",
Myriad Hotel,"Sep 29, 2023",0 - 0,0,0,0.0,0,1,['English'],True,True,True,0,0,0,0,36,0,0,Artchokers,Artchokers,Single-player,Casual,
Damn Ropes,"Mar 25, 2023",0 - 0,0,0,0.0,0,0,"['English', 'French', 'Italian', 'German', 'Spanish - Spain']",True,False,False,0,0,0,0,35,0,0,CoreSprout Games,CoreSprout Games,"Single-player,Steam Achievements,Partial Controller Support,Stats","Action,Indie,Free To Play",
Knock Harder,"Apr 27, 2020",20000 - 50000,3,0,4.99,0,0,"['English', 'Russian']",True,False,False,0,0,362,24,47,368,0,Snail-Ninja Studio,Snail-Ninja Studio,"Single-player,Steam Achievements,Full controller support,Steam Trading Cards,Steam Cloud,Family Sharing","Action,Adventure,Casual,Indie,RPG,Simulation","Indie,Action,Adventure,Casual,RPG,Simulation,Replay Value,Singleplayer,Atmospheric,Mystery,Zombies,Survival,Experimental,Horror,2D,Comedy,Hand-drawn,Difficult,Addictive,Top-Down"
Rift Saviours Playtest,"Nov 30, 2024",0 - 0,0,0,0.0,0,0,[],True,False,False,0,0,0,0,0,0,0,,,,,
Open Fishing XL,"Jul 22, 2023",0 - 20000,0,0,2.24,0,0,['English'],True,False,False,0,0,43,6,10,0,0,Kunstaat,Kunstaat,"Single-player,Multi-player,Co-op,Online Co-op,Partial Controller Support,Family Sharing","Casual,Simulation,Sports","Fishing,Relaxing,Simulation,Collectathon,Nature,Open World,Hunting,Survival,Singleplayer,First-Person,Exploration,Early Access,Casual,Sandbox,Walking Simulator,Cooking,Life Sim,Sports,3D,Inventory Management"
Last Hope,"Dec 31, 2017",0 - 20000,0,0,1.99,0,0,['English'],True,False,False,0,0,2,7,0,0,3,Ben Lovegrove,Ben Lovegrove,"Single-player,Family Sharing","Casual,Indie","Indie,Casual"
Frostpunk 2 Playtest,"Nov 4, 2025",0 - 0,0,0,0.0,0,0,[],True,False,False,0,0,0,0,0,0,0,,,,,
Gash,"Dec 27, 2023",0 - 20000,0,0,0.0,0,0,['English'],True,False,False,0,0,5,2,7,0,0,Woyboy,Felinton Inc.,"Single-player,Steam Achievements","Action,Adventure,Casual,Indie,Free To Play","Action Roguelike,Hack and Slash,PvE,Arcade,Action-Adventure,Rogue-like,3D,Cute,Action,First-Person,Medieval,Ninja,Adventure,Class-Based,Combat,Singleplayer,Casual,Linear,Indie,Free to Play"
Survival Maze,"Dec 1, 2021",0 - 20000,0,0,3.99,0,0,"['English', 'Russian']",True,False,False,0,0,2,4,9,0,0,Sergey Jakovlev,TAC Games,"Single-player,Steam Achievements,Family Sharing","Action,Adventure,Indie,RPG,Strategy","Strategy,Indie,Adventure,Action,RPG,Survival"
Mystic Rest Stop,"Jan 12, 2025",0 - 20000,0,0,1.99,50,0,"['English', 'Spanish - Spain']",True,False,False,0,0,30,17,0,0,0,Catire Games Studio,Catire Games Studio,"Single-player,Family Sharing","Adventure,Casual,Indie","Horror,Atmospheric,Adventure,Psychological Horror,Narration,Exploration,Simulation,Walking Simulator,First-Person,Cinematic,Thriller,Realistic,Crime,Driving,Casual,Story Rich,Singleplayer,Psychological,3D,Indie"
MotorSim 3,"Feb 1, 2022",0 - 20000,0,0,2.99,0,0,"['English', 'Spanish - Spain', 'Spanish - Latin America']",True,False,False,0,0,9,0,0,0,0,TheBrainSphere,TheBrainSphere,"Single-player,Full controller support,Family Sharing","Racing,Simulation,Early Access","Racing,Automobile Sim,Immersive Sim,Runner,Crafting,Realistic,Automation,Family Friendly,Early Access,Simulation,Combat Racing,3D,Singleplayer"
Define,"Apr 6, 2025",0 - 20000,0,0,2.99,0,0,['Simplified Chinese'],True,False,False,0,0,0,0,0,0,0,Define,Define,"Single-player,Family Sharing","Casual,Simulation",
Poop,"Jul 4, 2024",0 - 0,0,0,0.0,0,1,"['English', 'French', 'Italian', 'German', 'Spanish - Spain', 'Arabic', 'Bulgarian', 'Portuguese - Brazil', 'Hungarian', 'Vietnamese', 'Greek', 'Danish', 'Indonesian', 'Spanish - Latin America', 'Traditional Chinese', 'Simplified Chinese', 'Korean', 'Dutch', 'Norwegian', 'Polish', 'Portuguese - Portugal', 'Romanian', 'Russian', 'Thai', 'Turkish', 'Ukrainian', 'Finnish', 'Czech', 'Swedish', 'Japanese', 'Azerbaijani', 'Albanian', 'Amharic', 'Armenian', 'Assamese', 'Afrikaans', 'Basque', 'Belarusian', 'Bangla', 'Bosnian', 'Valencian', 'Welsh', 'Wolof', 'Galician', 'Georgian', 'Gujarati', 'Dari', 'Zulu', 'Hebrew', 'Igbo', 'Irish', 'Icelandic', 'Yoruba', 'Kazakh', 'Kannada', 'Catalan', 'Quechua', 'Kinyarwanda', K'iche', 'Konkani', 'Xhosa', 'Khmer', 'Kyrgyz', 'Latvian', 'Lithuanian', 'Luxembourgish', 'Macedonian', 'Malay', 'Malayalam', 'Maltese', 'Maori', 'Marathi', 'Mongolian', 'Nepali', 'Odia', 'Punjabi (Gurmukhi)', 'Punjabi (Shahmukhi)', 'Persian', 'Serbian', 'Sotho', 'Sinhala', 'Sindhi', 'Slovak', 'Slovenian', 'Sorani', 'Swahili', 'Tajik', 'Tamil', 'Tatar', 'Telugu', 'Tigrinya', 'Tswana', 'Turkmen', 'Uzbek', 'Uyghur', 'Urdu', 'Filipino', 'Hausa', 'Hindi', 'Croatian', 'Cherokee', 'Scots', 'Estonian']",True,False,False,0,0,0,0,2,0,0,thug lifers,thug lifers,"Single-player,Steam Achievements,In-App Purchases,Steam Leaderboards","Adventure,Casual,Simulation,Free To Play",
GoNNER,"Oct 12, 2016",50000 - 100000,1,0,1.99,80,2,"['English', 'Italian', 'German', 'Spanish - Spain', 'Swedish', 'French', 'Dutch', 'Norwegian', 'Portuguese - Portugal', 'Russian', 'Simplified Chinese', 'Portuguese - Brazil', 'Polish', 'Japanese', 'Korean']",True,True,True,81,0,1075,243,19,985,135,Art in Heart,Raw Fury,"Single-player,Steam Achievements,Full controller support,Steam Trading Cards,Steam Leaderboards,Family Sharing",Indie,"Rogue-lite,Indie,Action Roguelike,Platformer,Shooter,Singleplayer,Difficult,Great Soundtrack,2D,Procedural Generation,Action,Perma Death,Cute,Atmospheric,Side Scroller,Rogue-like"
CatMxn: Chapter 1,"Apr 22, 2022",0 - 20000,0,0,1.49,50,0,['English'],True,False,False,0,0,1,0,0,0,0,BearFoot Games,BearFoot Games,"Single-player,Family Sharing","Action,Adventure,Indie","Action,Adventure,Platformer,Visual Novel,2D Platformer,Colorful,Hand-drawn,Cats,Comedy,Dark Comedy,Gore,Nudity,Indie,Dark Humor,Horror,Superhero,Singleplayer"
The Neverending Summer,"Apr 28, 2025",0 - 20000,0,0,2.39,20,0,['Simplified Chinese'],True,False,False,0,0,18,0,0,0,0,LSAusa,LSAusa,"Single-player,Family Sharing","Adventure,Casual,Indie,RPG","RPG,Visual Novel,Casual,LGBTQ+,Adventure,Female Protagonist,Anime,2D Platformer,Singleplayer,Indie"
SeedHero,"May 23, 2025",0 - 20000,1,0,1.79,40,0,"['English', 'Spanish - Latin America']",True,False,False,0,0,11,0,14,0,0,Oniric Mob,Oniric Mob,"Single-player,Steam Achievements,Family Sharing","Casual,Indie,Early Access","Casual,Rhythm,Difficult,Indie,Arcade,2D,Agriculture,Cartoon,Singleplayer,Music,Rock Music,Soundtrack,Early Access,2.5D,Retro"
RUSH!!!,"Feb 15, 2021",0 - 20000,0,0,0.99,0,0,['English'],True,False,False,0,0,1,0,0,0,0,FoxPixStudio,FoxPixStudio,"Single-player,Family Sharing","Action,Casual,Indie","Action,Casual,Arcade,Platformer,2D Platformer,2D,Minimalist,Pixel Graphics,Cyberpunk,Retro,Indie,Linear,Physics,Singleplayer"
Allergenium,"Oct 26, 2018",0 - 20000,0,0,7.99,0,0,['English'],True,False,False,0,0,2,1,51,0,0,OSA Studio,OSA Studio,"Single-player,Multi-player,PvP,Online PvP,Co-op,Online Co-op,Steam Achievements,Stats,Family Sharing","Action,Adventure,Simulation,Early Access","Action,Simulation,Adventure,Early Access,Zombies,Survival"
Yearning: A Gay Story,"Aug 2, 2021",0 - 20000,0,0,0.0,0,1,['English'],True,True,True,0,0,0,0,16,0,0,bobcgames,Project Ensō,"Single-player,Steam Achievements,Partial Controller Support","Casual,Simulation,Free To Play",
Eris Dysnomia,"Aug 18, 2023",0 - 20000,0,0,9.09,30,0,"['English', 'Japanese', 'Simplified Chinese']",True,False,False,0,0,229,18,0,241,0,Above a Damage Tile,Kagura Games,"Single-player,Steam Cloud,Family Sharing","Action,Indie,RPG","Sexual Content,RPG,Hentai,2D,Action,Nudity,JRPG,Anime,Singleplayer,Mature,Female Protagonist,Indie,Pixel Graphics,NSFW"
Draginsanity,"Dec 5, 2021",0 - 20000,0,0,2.99,0,0,['English'],True,False,False,0,0,2,1,0,0,0,Gerd Mömken,Gerd Mömken,"Single-player,Partial Controller Support,Family Sharing","Action,Casual,Indie","Action,Arcade,Retro,2D Platformer,Pixel Graphics,Soundtrack,Side Scroller,Shoot 'Em Up,1980s,Dragons,Demons,Atmospheric,Dark,Minimalist,Linear,Singleplayer,Platformer,Casual,Precision Platformer,Cartoon"
Dream Tactics,"Apr 15, 2024",20000 - 50000,5,0,8.99,50,0,"['English', 'Japanese', 'Simplified Chinese']",True,False,False,0,0,466,42,10,491,884,Spectra Entertainment Inc.,indie.io,"Single-player,Steam Achievements,Full controller support,Steam Cloud,Family Sharing","Adventure,Indie,RPG,Strategy","JRPG,Tactical,Strategy,Turn-Based Tactics,Card Battler,Pixel Graphics,Anime,Adventure,Deckbuilding,Tactical RPG,Strategy RPG,Character Customization,Cute,Party-Based RPG,Female Protagonist,RPG,2D,Indie,Fantasy,Singleplayer"
DRAGON QUEST I & II HD-2D Remake,"Oct 30, 2025",0 - 20000,0,0,47.99,20,0,"['English', 'French', 'Italian', 'German', 'Spanish - Spain', 'Japanese', 'Korean', 'Simplified Chinese', 'Spanish - Latin America', 'Traditional Chinese']",True,False,False,0,0,0,0,48,1172,1078,"Square Enix,ARTDINK",Square Enix,"Single-player,Steam Achievements,Steam Trading Cards,Camera Comfort,Custom Volume Controls,Adjustable Difficulty,Keyboard Only Option,Playable without Timed Input,Partial Controller Support,Steam Cloud,Family Sharing",RPG,
Super Alien Sniper - Super Realistic Simulator,"Aug 29, 2024",0 - 20000,0,0,0.0,0,0,['English'],True,False,False,0,0,0,0,14,0,0,James Stringer,Digital Crypt,"Single-player,Steam Achievements,Full controller support","Action,Casual,Simulation,Free To Play","Action,Casual,Aliens,Comedy,Arcade,Colorful,Shooter,Shoot 'Em Up,2D,Cartoony,Simulation,Pixel Graphics,Futuristic,Funny,Logic,Sci-fi,Space,Choices Matter,Controller,Quick-Time Events"
Malpractice Hospital,"Mar 3, 2025",0 - 20000,0,0,3.99,0,0,['English'],True,False,False,0,0,2,0,16,0,0,Jason Hodge Games,Jason Hodge Games,"Single-player,Steam Achievements,Includes level editor,Family Sharing","Indie,Simulation,Strategy","Simulation,Strategy,Medical Sim,Level Editor,Voxel,RTS,Strategy RPG,Stylized,Real Time Tactics,Time Management,Third Person,3D,Parody,Dark Humor,Funny,Horror,Satire,Linear,Resource Management,Tutorial"
My Magical Demon Lover,"Oct 2, 2018",0 - 20000,0,0,4.69,53,3,['English'],True,True,True,0,0,0,0,14,0,114,Y Press Games,Y Press Games,"Single-player,Steam Achievements,Family Sharing","Indie,Simulation",
Singularity™,"Jun 30, 2010",200000 - 500000,11,0,9.89,67,0,"['English', 'French', 'German', 'Italian', 'Spanish - Spain']",True,False,False,76,0,5183,395,0,5290,397,Raven Software,Activision,"Single-player,Multi-player,Family Sharing",Action,"FPS,Action,Sci-fi,Time Manipulation,Singleplayer,Horror,Atmospheric,Shooter,First-Person,Alternate History,Time Travel,Story Rich,Adventure,Gore,Bullet Time,Multiplayer,Survival Horror,Classic,Multiple Endings"
Labyrinth of Axarith,"Jun 8, 2023",0 - 20000,0,0,2.99,0,0,"['Japanese', 'English']",True,False,False,0,0,19,5,0,0,0,Koniro Dice,Koniro Dice,"Single-player,Family Sharing","RPG,Early Access","RPG,Singleplayer,Party-Based RPG,Character Customization,Dark Fantasy,Fantasy,2D,Early Access,Grid-Based Movement,Violent,3D,CRPG"
Performer,"Jul 31, 2020",0 - 20000,0,0,2.99,0,0,"['English', 'German', 'Simplified Chinese', 'Russian', 'Ukrainian']",True,False,False,0,0,3,0,27,0,0,Exsom,Exsom,"Single-player,Steam Achievements,Steam Cloud,Family Sharing","Casual,Indie","Casual,Puzzle,Turn-Based Strategy,Logic,Side Scroller,Singleplayer,Minimalist,Top-Down,Indie,Funny,3D,Linear"
Shadow Alchemist,"Nov 22, 2024",0 - 20000,0,0,1.99,50,0,['English'],True,False,False,0,0,97,3,9,0,0,PostHuman Interactive,PostHuman Interactive,"Single-player,Steam Achievements,Full controller support,Steam Cloud,Family Sharing","Adventure,Casual,Indie","Exploration,Puzzle-Platformer,Puzzle,2D,Isometric,Surreal,Mystery,Controller,Linear,Story Rich,Adventure,Pixel Graphics,Magic,Fantasy,Casual,Atmospheric,Action,Indie,Combat,Singleplayer"
King Arthur - The Role-playing Wargame,"Nov 24, 2009",200000 - 500000,1,0,2.49,75,4,['English'],True,False,False,0,0,416,189,0,435,429,NeocoreGames,Paradox Interactive,"Single-player,Multi-player,Family Sharing","RPG,Strategy","Strategy,RPG,Fantasy,Turn-Based,Real-Time with Pause,Singleplayer,Grand Strategy,Medieval,Turn-Based Strategy"
Forest Runner,"Feb 5, 2025",0 - 20000,0,0,0.55,0,0,['English'],True,False,False,0,0,0,0,1,0,0,Pumpk1nDuke,Pumpk1nDuke,"Single-player,Steam Achievements,Family Sharing","Casual,Indie,Simulation",
Mirlo Above the Sun,"Jun 17, 2021",50000 - 100000,0,0,0.0,0,0,"['English', 'Spanish - Spain', 'Basque']",True,False,False,0,0,182,32,0,0,0,DigiPen Europe-Bilbao,DigiPen Institute of Technology,"Single-player,Partial Controller Support","Action,Adventure,Free To Play","Hack and Slash,Action,Female Protagonist,3D,Third Person,Controller,Adventure,Colorful,Family Friendly,Fantasy,Free to Play,Atmospheric,Combat,Singleplayer,Action RPG"
Carnage in Space: Ignition,"Dec 31, 2017",0 - 20000,0,0,2.49,50,0,['English'],True,True,True,0,0,7,5,30,0,6,MM//Productions,Throwback Entertainment,"Single-player,Steam Achievements,Partial Controller Support,Family Sharing","Action,Indie","Action,Indie,Platformer,Retro,Space,Side Scroller,Sci-fi,Futuristic,On-Rails Shooter"
Fallout Tactics: Brotherhood of Steel,"Aug 19, 2009",500000 - 1000000,18,16,2.49,75,0,"['English', 'French', 'German']",True,False,False,82,0,2063,548,0,2180,314,14° East,Bethesda Softworks,"Single-player,Multi-player,Steam Cloud,Family Sharing",Strategy,"Post-apocalyptic,RPG,Turn-Based,Strategy,Tactical,Isometric,Classic,Singleplayer,Turn-Based Strategy,Sci-fi,Tactical RPG,Open World,Real-Time with Pause,Action,Atmospheric,Turn-Based Tactics,Story Rich,Multiplayer,CRPG,Adventure"
Chessсakе,"Apr 15, 2020",0 - 20000,0,0,5.99,0,0,['English'],True,False,False,0,0,5,3,0,0,0,Kedexa,Kedexa,"Single-player,Multi-player,PvP,Shared/Split Screen PvP,Shared/Split Screen,Remote Play Together,Family Sharing","Casual,Indie,Simulation,Sports,Strategy","Strategy,Indie,Casual,Simulation,Sports,Tabletop"
The Exit 8,"Nov 29, 2023",200000 - 500000,46,0,2.79,30,0,"['English', 'Japanese', 'French', 'Italian', 'German', 'Spanish - Spain', 'Portuguese - Brazil', 'Simplified Chinese', 'Traditional Chinese', 'Korean']",True,False,False,0,0,7846,548,2,9249,81,KOTAKE CREATE,PLAYISM,"Single-player,Full controller support,Family Sharing","Adventure,Indie,Simulation","Psychological Horror,Walking Simulator,Horror,First-Person,Puzzle,Exploration,Atmospheric,3D,Surreal,Immersive Sim,Funny,Realistic,Linear,Simulation,Psychological,Mystery,Controller,Singleplayer,Adventure,Modern"
Vermillion Watch: Moorgate Accord Collector's Edition,"Jun 23, 2016",0 - 20000,0,0,4.99,50,0,['English'],True,False,False,0,0,22,1,0,0,0,Eipix Entertainment,BFG Entertainment,"Single-player,Steam Trading Cards,Family Sharing","Adventure,Casual","Casual,Adventure,Hidden Object"
渣男游戏,"Oct 23, 2025",0 - 0,0,0,4.99,0,0,['Simplified Chinese'],True,False,False,0,0,0,0,0,0,0,SinoYAO,SinoYAO,"Single-player,Adjustable Text Size,Custom Volume Controls,Keyboard Only Option,Mouse Only Option,Playable without Timed Input,Save Anytime,Stereo Sound,Subtitle Options,Touch Only Option,Family Sharing","Casual,Indie,RPG",
Mystic Defense,"Nov 23, 2016",0 - 20000,0,0,0.99,0,0,['English'],True,False,False,0,0,2,4,11,0,0,Mystified Games,Mystified Games,"Single-player,Steam Achievements,Steam Cloud,Steam Leaderboards,Family Sharing","Action,Casual,Indie","Casual,Action,Indie,Tower Defense,Point & Click"
ASV Soccer,"Nov 5, 2025",0 - 0,0,0,2.0,0,0,['English'],True,False,False,0,0,0,0,0,0,0,xVinci,xVinci,"Single-player,Multi-player,PvP,Online PvP,Co-op,Online Co-op,Full controller support,Color Alternatives,Custom Volume Controls,Playable without Timed Input,Stereo Sound,Steam Cloud,Remote Play on TV,Family Sharing",Sports,
What Lurks Inside,"Jun 7, 2025",0 - 20000,0,0,4.99,0,0,['English'],True,False,False,0,0,0,0,0,0,0,Dimension Unknown Studio LLC,Dimension Unknown Studio LLC,"Single-player,Multi-player,Co-op,Online Co-op,Family Sharing","Action,Adventure,Indie",
The incredible friends,"Dec 4, 2019",0 - 20000,0,0,0.55,72,0,"['English', 'Russian', 'French', 'German', 'Spanish - Spain']",True,False,False,0,0,0,8,7,0,0,Sun & Eyes,Astero,"Single-player,Steam Achievements,Partial Controller Support,Steam Leaderboards,Remote Play Together,Family Sharing","Action,Adventure,Indie","Action,Indie,Adventure,Platformer,Pixel Graphics,Arcade,2D,Side Scroller"
Floodcore,"Aug 23, 2024",20000 - 50000,0,0,0.0,0,0,['English'],True,False,False,0,0,149,7,0,0,0,Floodcore Team,Floodcore Team,"Single-player,Full controller support","Adventure,Casual,Indie,Free To Play","Puzzle,Adventure,Exploration,Atmospheric,Relaxing,Stylized,Cinematic,3D,Puzzle-Platformer,Free to Play,Fantasy,Mystery,Cartoony,Colorful,Top-Down,Magic,Logic,Family Friendly,Singleplayer,Indie"
Enigma Playtest,"Feb 27, 2024",0 - 0,0,0,0.0,0,0,[],True,False,False,0,0,0,0,0,0,0,,,,,
Fos,"Jun 29, 2017",0 - 20000,0,0,0.99,0,0,['English'],True,False,False,0,0,4,1,7,0,0,Plaidman Games,Plaidman Games,"Single-player,Steam Achievements,Family Sharing",Indie,"Indie,Platformer,2D,Pixel Graphics,Runner"
Crazy Islands,"Jan 17, 2025",0 - 20000,1,0,13.99,0,0,"['English', 'Simplified Chinese']",True,False,False,0,0,55,21,40,0,0,Ge-Aivan,Ge-Aivan,"Single-player,Multi-player,Co-op,Online Co-op,Steam Achievements,Steam Cloud,Family Sharing","Action,Adventure,Casual,Indie,Simulation,Strategy","Adventure,Survival,Open World Survival Craft,First-Person,Online Co-Op,Open World,Action-Adventure,Shooter,Sandbox,Exploration,Time Management,FPS,3D,Agriculture,Base-Building,Story Rich,Building,Resource Management,Gun Customization,Combat"
Nazi 2,"Jul 21, 2018",0 - 20000,0,0,1.31,88,0,['English'],True,False,False,0,0,39,22,0,0,0,wraithgames,wraithgames,"Single-player,Family Sharing","Action,Casual,Indie,Simulation","Action,Indie,Casual,Violent,Simulation"
Passpartout 2: The Lost Artist,"Apr 4, 2023",50000 - 100000,16,0,14.99,40,1,"['English', 'German', 'Japanese', 'Korean', 'Polish', 'Portuguese - Brazil', 'Simplified Chinese', 'Spanish - Latin America', 'Traditional Chinese', 'French', 'Spanish - Spain', 'Danish', 'Dutch', 'Finnish', 'Norwegian', 'Swedish', 'Turkish', 'Italian']",True,True,False,0,0,1123,61,24,1140,220,Flamebait Games,Flamebait Games,"Single-player,Steam Achievements,Steam Cloud,Family Sharing","Casual,Indie,Simulation","Simulation,Indie,Exploration,Casual,Singleplayer,Story Rich,Design & Illustration,Point & Click,Photo Editing,Sandbox,3D,Stylized,Cute,Multiple Endings,Atmospheric,Open World,Hand-drawn"
IT LURKS,"Oct 29, 2025",0 - 20000,0,0,3.74,25,0,['English'],True,False,False,0,0,0,0,2,0,0,Alex Le Mesurier,Alex Le Mesurier,"Single-player,Steam Achievements,Family Sharing",Adventure,
Nothing To Declare,"Dec 19, 2024",0 - 20000,0,0,1.99,60,0,"['English', 'French', 'Italian', 'German', 'Spanish - Spain', 'Dutch']",True,True,False,0,0,2,1,37,0,0,Flying Squirrel Games,Flying Squirrel Games,"Single-player,Steam Achievements,Full controller support,Steam Cloud,Family Sharing","Casual,Indie,Simulation","Casual,Simulation,Puzzle,Point & Click,Investigation,Choices Matter,Management,Conversation,Singleplayer,Replay Value,Linear,2D,Hand-drawn,Cartoony,Cartoon,Colorful,Stylized,Indie"
LOOM™,"Jul 8, 2009",100000 - 200000,1,0,2.99,0,0,['English'],True,True,False,0,0,579,69,0,590,510,LucasArts,"LucasArts,Lucasfilm,Disney","Single-player,Steam Cloud,Family Sharing",Adventure,"Adventure,Point & Click,Classic,Fantasy,Puzzle,Singleplayer,Music,1990's,Retro,Pixel Graphics,Cult Classic,Atmospheric,Story Rich,Great Soundtrack,Short,Comedy,Magic,Third Person,Funny,2D"
Philna Fantasy Playtest,"Sep 15, 2023",0 - 0,0,0,0.0,0,0,[],True,False,False,0,0,0,0,0,0,0,,,,,
COVEN,"Oct 24, 2024",0 - 20000,2,0,10.49,30,0,['English'],True,False,True,0,0,156,8,26,234,40,Gator Shins,Hellforge Studios,"Single-player,Family Sharing","Action,Adventure,Indie,Early Access","Boomer Shooter,Horror,FPS,Gore,Female Protagonist,Old School,Action,Shooter,Adventure,3D,First-Person,Atmospheric,Violent,Early Access,Indie,Combat,Singleplayer,Arcade,Exploration,Retro"
"Dimmdrive :: Gaming Ramdrive @ 10,000+ MB/s","Jan 1, 2015",50000 - 100000,5,0,14.99,0,0,"['English', 'French', 'Italian', 'German', 'Spanish - Spain', 'Arabic', 'Bulgarian', 'Czech', 'Danish', 'Dutch', 'Finnish', 'Greek', 'Hungarian', 'Japanese', 'Korean', 'Norwegian', 'Polish', 'Portuguese - Portugal', 'Portuguese - Brazil', 'Romanian', 'Russian', 'Simplified Chinese', 'Swedish', 'Thai', 'Traditional Chinese', 'Turkish', 'Ukrainian']",True,False,False,0,0,280,168,6,361,21,Dimmdrive Inc.,Dimmdrive Inc.,Steam Achievements,Utilities,"Utilities,Software"
Gorescript,"Jun 15, 2017",0 - 20000,0,0,0.89,85,1,['English'],True,False,False,0,0,70,7,28,0,189,Sergiu Bucur,Sergiu Bucur,"Single-player,Steam Achievements,Full controller support,Steam Trading Cards,Steam Workshop,Steam Leaderboards,Family Sharing","Action,Indie","FPS,Shooter,First-Person,Voxel,3D,Controller,Action,Colorful,Retro,Old School,Combat,Indie,Singleplayer,Great Soundtrack,Survival,Difficult,Action-Adventure,Gore,Pixel Graphics,Free to Play"
Spellcaster University,"Jun 15, 2021",200000 - 500000,36,0,8.74,65,3,"['English', 'French', 'Simplified Chinese', 'Traditional Chinese', 'German', 'Spanish - Spain', 'Japanese', 'Polish']",True,True,False,73,0,3357,691,20,3303,687,Sneaky Yak Studio,"Sneaky Yak Studio,WhisperGames","Single-player,Steam Achievements,Steam Cloud,Family Sharing","Simulation,Strategy","Magic,Simulation,Colony Sim,Base-Building,Management,Immersive Sim,Singleplayer,Economy,Choices Matter,3D,Dark Fantasy,Colorful,Indie,Supernatural,Nonlinear,Strategy,Resource Management,Cartoony,Funny,Medieval"
Invaderz,"Jul 26, 2025",0 - 20000,0,0,11.99,0,0,"['English', 'Russian']",True,True,True,0,0,7,0,3,0,0,Mgcck industries,KusTech,"Single-player,Steam Achievements,Family Sharing","Indie,Strategy","Early Access,Turn-Based Tactics,Strategy,Turn-Based Strategy,Rogue-like,2D,Isometric,Dark Comedy,Dark Humor,Parody,Post-apocalyptic,Base-Building,Choices Matter,Procedural Generation,Turn-Based Combat,Cartoony,Colorful,Pixel Graphics,Economy,Logic"
Massi,"Dec 3, 2022",0 - 20000,0,0,4.99,0,0,"['English', 'French']",True,True,False,0,0,5,1,0,0,0,"Farid Iberraken,Farid Iberraken",Farid Iberraken,"Single-player,Full controller support,Family Sharing","Adventure,Indie","Indie,Metroidvania,Pixel Graphics,2D Platformer,Side Scroller,Action-Adventure,Souls-like,Retro,Stealth,Soundtrack,Platformer,Action RPG,Adventure,Difficult,Singleplayer,RPG,Action,2D,Puzzle-Platformer,Exploration"
To The Rescue!,"Nov 2, 2021",100000 - 200000,7,0,7.99,60,1,"['English', 'French', 'Italian', 'German', 'Spanish - Spain', 'Japanese', 'Korean', 'Portuguese - Brazil', 'Russian', 'Simplified Chinese']",True,True,False,0,0,1377,678,0,1815,476,"Little Rock Games,indie.io",indie.io,"Single-player,Partial Controller Support,Steam Cloud,Family Sharing","Casual,Indie,Simulation","Dog,Management,Immersive Sim,Building,Casual,Life Sim,Cute,2D,Top-Down,Choices Matter,Simulation,Stylized,Family Friendly,Singleplayer,Resource Management,Indie,Hand-drawn,Base-Building,Pixel Graphics"
Nightlight Secrets,"Nov 24, 2021",0 - 20000,0,0,10.99,0,0,['English'],True,False,False,0,0,18,4,9,0,0,Starbit Light,Starbit Light,"Single-player,Steam Achievements,Full controller support,Family Sharing","Action,Adventure,Indie,Simulation,Strategy,Early Access","Adventure,Anime,Stealth,Dark,Stylized,Action,Emotional,Mystery,Character Customization,Horror,Artificial Intelligence,Action-Adventure,Music-Based Procedural Generation,Singleplayer,Indie,Third Person,Simulation,Strategy,Romance,Early Access"
Narwhal Heist,"Jul 9, 2019",0 - 20000,0,0,4.99,0,0,['English'],True,False,False,0,0,11,0,32,0,0,Grumbismal Games,Grumbismal Games,"Single-player,Steam Achievements,Family Sharing","Action,Adventure,Casual,Indie,Simulation,Early Access","Action,Casual,Indie,Simulation,Adventure,Early Access,3D Platformer,Stealth,Comedy,Difficult"
Car Parkour,"Apr 22, 2023",0 - 20000,0,0,4.99,95,0,"['English', 'Russian', 'Simplified Chinese', 'French', 'Italian', 'German', 'Spanish - Spain', 'Arabic', 'Bulgarian', 'Czech', 'Danish', 'Dutch', 'Finnish', 'Greek', 'Hungarian', 'Indonesian', 'Japanese', 'Korean', 'Norwegian', 'Polish', 'Portuguese - Brazil', 'Portuguese - Portugal', 'Romanian', 'Spanish - Latin America', 'Swedish', 'Thai', 'Traditional Chinese', 'Turkish', 'Ukrainian', 'Vietnamese', 'Afrikaans', 'Albanian', 'Amharic', 'Armenian', 'Assamese', 'Azerbaijani', 'Bangla', 'Basque', 'Belarusian', 'Bosnian', 'Catalan', 'Cherokee', 'Croatian', 'Dari', 'Estonian', 'Filipino', 'Galician', 'Georgian', 'Gujarati', 'Hausa', 'Hebrew', 'Hindi', 'Icelandic', 'Igbo', 'Irish', K'iche', 'Kannada', 'Kazakh', 'Khmer', 'Kinyarwanda', 'Konkani', 'Kyrgyz', 'Latvian', 'Lithuanian', 'Luxembourgish', 'Macedonian', 'Malay', 'Malayalam', 'Maltese', 'Maori', 'Marathi', 'Mongolian', 'Nepali', 'Odia', 'Persian', 'Punjabi (Gurmukhi)', 'Punjabi (Shahmukhi)', 'Quechua', 'Scots', 'Serbian', 'Sindhi', 'Sinhala', 'Slovak', 'Slovenian', 'Sorani', 'Sotho', 'Swahili', 'Tajik', 'Tamil', 'Tatar', 'Telugu', 'Tigrinya', 'Tswana', 'Turkmen', 'Urdu', 'Uyghur', 'Uzbek', 'Valencian', 'Welsh', 'Wolof', 'Xhosa', 'Yoruba', 'Zulu']",True,False,False,0,0,22,11,0,0,0,Gamesforgames,Gamesforgames,"Single-player,Partial Controller Support,Remote Play Together,Family Sharing","Casual,Indie,Racing,Simulation,Sports","Casual,Simulation,Racing,Sports,Auto Battler,Automobile Sim,Multiple Endings,Singleplayer,Indie,Parkour,Realistic"
My Sticker Book,"Aug 24, 2022",0 - 0,0,0,0.0,0,1,"['English', 'Japanese', 'Simplified Chinese', 'Traditional Chinese']",True,False,False,0,0,0,0,0,0,0,ElementSu,ElementSu,Single-player,"Adventure,Indie,Free To Play",
Rescue Team 2,"Sep 23, 2015",0 - 20000,1,0,1.24,75,0,"['English', 'French', 'Italian', 'German', 'Spanish - Spain', 'Czech', 'Polish', 'Russian', 'Swedish']",True,False,False,0,0,50,4,0,0,421,Alawar Entertainment,ESDigital Games,"Single-player,Family Sharing","Casual,Simulation,Strategy","Simulation,Strategy,Casual,Time Management"
BallStack,"Jul 10, 2025",0 - 0,0,0,1.59,0,0,['English'],True,False,False,0,0,0,0,0,0,0,PlaySpace Interactive,PlaySpace Interactive,"Single-player,Full controller support,Keyboard Only Option,Steam Leaderboards,Family Sharing",Casual,
CRYPTIC,"Dec 25, 2020",0 - 20000,0,0,0.8,0,0,['English'],True,False,False,0,0,3,0,0,0,0,Shoho Games,Shoho Games,"Single-player,Family Sharing",Indie,"Interactive Fiction,Text-Based,Multiple Endings,Story Rich,Choices Matter,Choose Your Own Adventure,Horror,Time Management,Survival Horror,Investigation,Exploration,Difficult,Survival,Psychological Horror,Surreal,Puzzle,Thriller,Abstract,Atmospheric,Drama"
Construct PRO,"Feb 3, 2024",0 - 20000,0,0,0.99,0,0,"['English', 'Russian']",True,False,False,0,0,8,4,9,0,0,EnterUserNamePlease,EnterUserNamePlease,"Single-player,Steam Achievements,Family Sharing",Simulation,Simulation
I commissioned some bees 0,"Jan 12, 2023",50000 - 100000,4,0,0.0,0,0,"['English', 'French', 'German', 'Spanish - Spain', 'Japanese', 'Korean', 'Polish', 'Russian', 'Simplified Chinese', 'Swedish', 'Slovak']",True,False,False,0,0,4277,134,11,0,0,Follow the fun,I commissioned some series,"Single-player,Steam Achievements","Casual,Indie,Free To Play","Hidden Object,Nature,Relaxing,Casual,Hand-drawn,Family Friendly,Music,Wholesome,Colorful,Creature Collector,Puzzle,Abstract,Atmospheric,Comic Book,Design & Illustration,Free to Play,Cute,Fantasy,Cartoon,Psychedelic"
Hyper Void,"Oct 9, 2017",0 - 20000,0,0,9.99,0,0,['English'],True,False,False,0,0,9,0,15,0,99,IN|Framez Technology Corp.,IN|Framez Technology Corp.,"Single-player,Steam Achievements,Full controller support,Steam Cloud,Steam Leaderboards,Remote Play on TV,Family Sharing","Action,Indie","Action,Indie,Space"
Stay Close,"Oct 14, 2016",100000 - 200000,4,0,2.96,67,0,"['English', 'German']",True,False,False,0,0,1165,720,17,1475,106,Blind Bird,Blind Bird,"Single-player,Multi-player,PvP,Online PvP,Co-op,Online Co-op,Steam Achievements,Steam Trading Cards,Family Sharing","Action,Adventure,Indie","Horror,Co-op,Multiplayer,Survival Horror,Psychological Horror,Adventure,Action,Indie,Online Co-Op,Singleplayer,FPS,First-Person"
Desomnia,"Sep 19, 2025",0 - 0,0,0,0.99,0,0,"['English', 'Korean']",True,False,False,0,0,0,0,9,0,0,Doubleline Studio,Doubleline Studio,"Single-player,Steam Achievements,Save Anytime,Stereo Sound,Steam Cloud,Family Sharing","Indie,Simulation",
despelote,"May 1, 2025",0 - 20000,3,0,9.74,35,1,"['English', 'Spanish - Latin America', 'French', 'German', 'Portuguese - Brazil', 'Simplified Chinese', 'Spanish - Spain']",True,True,False,89,0,233,5,11,559,87,"Julián Cordero,Sebastian Valbuena",Panic,"Single-player,Full controller support,Family Sharing","Adventure,Sports","Adventure,Football (Soccer),Emotional,Sandbox,Story Rich,Interactive Fiction,Exploration,Immersive Sim,3D,Cinematic,Comic Book,First-Person,Stylized,Hand-drawn,Foreign,Conversation,Funny,Walking Simulator,Singleplayer,Sports"
Dust Raiders,"Jul 17, 2025",0 - 20000,0,0,10.39,35,0,"['English', 'French', 'German', 'Spanish - Spain', 'Simplified Chinese', 'Polish', 'Russian']",True,False,False,0,0,0,0,27,146,25,Vixa Games,"Games Operators,PlayWay S.A.","Single-player,Steam Achievements,Steam Cloud,Family Sharing","Indie,Strategy",
The Store is Closed ALPHA Playtest,"Aug 6, 2022",0 - 0,0,0,0.0,0,0,[],True,False,False,0,0,0,0,0,0,0,,,,,
Cat Warfare,"Feb 26, 2020",0 - 20000,0,0,0.0,0,3,['English'],True,True,True,0,0,36,6,0,0,0,Not-So Classic Games,Not-So Classic Games,"Multi-player,PvP,Online PvP,Cross-Platform Multiplayer","Action,Casual,Indie,Free To Play","Action,Strategy,Indie,FPS,Arena Shooter,First-Person,Multiplayer,Early Access,PvP,Violent,Gore,Cats,3D,Atmospheric,Funny,Character Customization,Difficult,Arcade"
Sector 404,"Jul 13, 2025",0 - 20000,0,0,2.39,0,0,"['English', 'German', 'Spanish - Spain', 'Indonesian', 'Japanese', 'Korean', 'Romanian', 'Russian', 'Simplified Chinese', 'Thai', 'Turkish']",True,False,False,0,0,0,0,5,0,0,Empty Studio,Empty Studio,"Single-player,Steam Achievements,Family Sharing","Adventure,Indie,Simulation",
SteamForge,"Feb 2, 2025",0 - 0,0,0,0.0,0,0,['English'],True,False,False,0,0,0,0,0,0,0,Stefan Tatar,Stefan Tatar,"Single-player,Steam Achievements,Stats","Indie,Free To Play",
Awakening: The Skyward Castle Collector's Edition,"Mar 9, 2018",0 - 20000,0,0,4.99,50,0,['English'],True,False,False,0,0,10,1,0,0,0,Boomzap Entertainment,BFG Entertainment,"Single-player,Family Sharing","Adventure,Casual","Adventure,Casual,Hidden Object"
Code Racer,"Mar 6, 2024",20000 - 50000,0,0,4.99,50,0,['English'],True,False,False,0,0,3,1,0,0,0,Hondune Games,Hondune Games,"Single-player,Multi-player,PvP,Online PvP,Full controller support,Steam Cloud,Family Sharing","Casual,Indie,Racing,Simulation,Strategy","Puzzle,Driving,Programming,Physics,Strategy,Education,Racing,Puzzle-Platformer,Simulation,Arcade,Top-Down,Family Friendly,Singleplayer,Casual,Asynchronous Multiplayer,PvP,Controller,Relaxing,Turn-Based Strategy,3D"
Baggy Duo,"Nov 17, 2024",0 - 20000,0,0,2.39,0,0,['English'],True,False,False,0,0,2,0,26,0,0,MorningMondayGames,Naplab Game Studio,"Single-player,Multi-player,Co-op,Shared/Split Screen Co-op,Shared/Split Screen,Steam Achievements,Steam Cloud,Remote Play Together,Family Sharing","Adventure,Casual,Indie","Adventure,Platformer,Casual,2D Platformer,Side Scroller,Puzzle,Co-op Campaign,Local Co-Op,Co-op,Singleplayer,2.5D,Cartoon,Cute,Funny,Horror,Character Customization,Multiple Endings,Indie"
Dungeon Camp,"Dec 12, 2025",0 - 0,0,0,14.99,0,0,['English'],True,True,False,0,0,0,0,0,0,0,Pincushion Games,Pincushion Games,"Single-player,Partial Controller Support,Family Sharing","Action,Adventure,Indie",
Ominigun,"Jul 9, 2025",0 - 20000,0,0,0.79,0,0,"['English', 'Spanish - Spain', 'Portuguese - Brazil']",True,False,False,0,0,0,0,8,0,0,Joas Neves,Joas Neves,"Single-player,Family Sharing","Action,Indie",
Scikor - Final Scale,"Feb 28, 2020",0 - 20000,0,0,3.99,0,1,"['English', 'Portuguese - Brazil']",True,False,False,0,0,5,0,20,0,0,Rob Scikōr,Scikōr Games,"Single-player,Steam Achievements,Full controller support,Family Sharing","Action,Adventure,Indie","Action,Indie,Adventure,Puzzle,2D Platformer"
蒼い夏休み,"Jul 27, 2023",0 - 20000,0,0,3.99,20,0,['Japanese'],True,False,False,0,0,4,3,0,0,0,Max Neet Games,Max Neet Games,"Single-player,Family Sharing",Adventure,"Adventure,Puzzle,Visual Novel,Collectathon,Hidden Object,Choose Your Own Adventure,2D,Anime,1990's,Drama,Mystery,Violent,Nature,Text-Based,Multiple Endings,Story Rich,Singleplayer"
Root Connections,"May 25, 2023",0 - 20000,0,0,0.0,0,0,['English'],True,False,False,0,0,0,0,8,0,0,Ethan Harris-Austin,Ethan Harris-Austin,"Single-player,Steam Achievements,Full controller support","Free To Play,Strategy",
Infinite World: Randomize everything,"Jun 12, 2018",0 - 20000,0,0,0.99,0,0,['English'],True,False,False,0,0,24,30,0,0,20,Vik,VicX Studio,"Single-player,Family Sharing","Action,Adventure,Indie,RPG","Adventure,Indie,Action,RPG,Survival,Open World,Shooter"
Bakemono - Demon Brigade Tenmen Unit 01,"May 4, 2020",0 - 20000,0,0,19.99,0,0,['English'],True,False,False,0,0,16,6,0,0,0,SuperSane Games,SuperSane Games,"Single-player,Tracked Controller Support,VR Only,Family Sharing","Action,Adventure,Indie,Simulation,Early Access","Early Access,Mechs,Hero Shooter,Hack and Slash,Swordplay,Shooter,VR,Space Sim,Flight,Beat 'em up,3D Fighter,Action-Adventure,First-Person,Bullet Time,Military,Robots,Space,War,Simulation,Hand-drawn"
Amata Playtest,"Aug 24, 2022",0 - 0,0,0,0.0,0,0,[],True,False,False,0,0,0,0,10,0,0,,,,,
Monstrous Liberation,"Mar 17, 2025",0 - 20000,0,0,7.49,0,0,['English'],True,False,False,0,0,0,0,0,0,221,BP Games,TinyHat Studios,"Single-player,Steam Trading Cards,Steam Cloud,Family Sharing","Indie,Early Access",
"Just Dodge, LOL","Jan 25, 2024",0 - 20000,0,0,0.0,0,0,['English'],True,False,False,0,0,6,2,21,0,0,Gretham,Gretham,"Single-player,Partial Controller Support","Action,Indie,Free To Play","Action,Top-Down,2D,Singleplayer,Bullet Hell,Pixel Graphics,Controller,Puzzle,Tutorial,Arcade,Indie,Action-Adventure,Linear,Multiple Endings,Retro"
Cython Cat,"Nov 30, 2025",0 - 0,0,0,0.0,0,0,['English'],True,True,True,0,0,0,0,0,0,0,"Tiny Void,PopSplash Games","Tiny Void,PopSplash Games","Single-player,Full controller support,Custom Volume Controls,Playable without Timed Input,Save Anytime","Action,Adventure,Indie,Free To Play",
Porcelain Tales,"Feb 4, 2022",0 - 0,0,0,0.0,0,0,['English'],True,False,False,0,0,0,0,12,0,0,Oohoo Studio,Oohoo Studio,"Single-player,Steam Achievements,Partial Controller Support,Stats","Action,Adventure,Free To Play,Indie",
Luminous Combat,"Jul 27, 2018",0 - 20000,0,0,1.99,0,0,"['English', 'Russian']",True,False,False,0,0,2,2,0,0,0,"Apefoot Studios, LLC","Apefoot Studios, LLC","Multi-player,PvP,Online PvP,Full controller support,Family Sharing","Action,Indie","Action,Indie,FPS,First-Person,Multiplayer"
Time to Morp Playtest,"Dec 1, 2023",0 - 0,0,0,0.0,0,0,[],True,False,False,0,0,0,0,0,0,0,,,,,
Vulcard,"Jun 27, 2025",0 - 0,0,0,5.99,0,0,"['English', 'German']",True,True,True,0,0,0,0,0,0,0,Goblin Games Studio,Goblin Games Studio,"Multi-player,Co-op,Shared/Split Screen Co-op,Shared/Split Screen,Full controller support,Custom Volume Controls,Keyboard Only Option,Steam Cloud,Stats,Remote Play Together,Family Sharing","Indie,Strategy,Early Access",
L.O.L. Surprise! B.B.s BORN TO TRAVEL™,"Oct 7, 2022",0 - 20000,0,0,5.99,85,1,"['English', 'French', 'Italian', 'German', 'Spanish - Spain', 'Arabic', 'Danish', 'Dutch', 'Finnish', 'Norwegian', 'Polish', 'Swedish']",True,False,False,0,0,11,0,14,0,0,Xaloc Studios,Outright Games Ltd.,"Single-player,Multi-player,Co-op,Shared/Split Screen Co-op,Shared/Split Screen,Steam Achievements,Full controller support,Remote Play Together,Family Sharing","Casual,Simulation","Colorful,Casual,Arcade,3D,Cute,4 Player Local,Action,Party,Family Friendly,Multiplayer,Wholesome,Singleplayer,Adventure,Crafting,Controller,Co-op,Local Co-Op,Local Multiplayer,Simulation,Funny"
Pediluvium,"Oct 29, 2025",0 - 0,0,0,1.19,0,0,"['English', 'French', 'Italian', 'German', 'Spanish - Spain', 'Arabic', 'Bulgarian', 'Hungarian', 'Vietnamese', 'Greek', 'Danish', 'Indonesian', 'Spanish - Latin America', 'Traditional Chinese', 'Simplified Chinese', 'Korean', 'Dutch', 'Norwegian', 'Polish', 'Portuguese - Brazil', 'Portuguese - Portugal', 'Romanian', 'Russian', 'Thai', 'Turkish', 'Ukrainian', 'Finnish', 'Czech', 'Swedish', 'Japanese', 'Azerbaijani', 'Albanian', 'Amharic', 'Armenian', 'Assamese', 'Afrikaans', 'Basque', 'Belarusian', 'Bangla', 'Bosnian', 'Valencian', 'Welsh', 'Wolof', 'Galician', 'Georgian', 'Gujarati', 'Dari', 'Zulu', 'Hebrew', 'Igbo', 'Irish', 'Icelandic', 'Yoruba', 'Kazakh', 'Kannada', 'Catalan', 'Quechua', 'Kinyarwanda', K'iche', 'Konkani', 'Xhosa', 'Khmer', 'Kyrgyz', 'Latvian', 'Lithuanian', 'Luxembourgish', 'Macedonian', 'Malay', 'Malayalam', 'Maltese', 'Maori', 'Marathi', 'Mongolian', 'Nepali', 'Odia', 'Punjabi (Gurmukhi)', 'Punjabi (Shahmukhi)', 'Persian', 'Serbian', 'Sotho', 'Sinhala', 'Sindhi', 'Slovak', 'Slovenian', 'Sorani', 'Swahili', 'Tajik', 'Tamil', 'Tatar', 'Telugu', 'Tigrinya', 'Tswana', 'Turkmen', 'Uzbek', 'Uyghur', 'Urdu', 'Filipino', 'Hausa', 'Hindi', 'Croatian', 'Cherokee', 'Scots', 'Estonian']",True,False,False,0,0,0,0,5,0,0,Alice Karaush,Alice Karaush,"Single-player,Steam Achievements,Family Sharing","Indie,Simulation",
Eight Dragons 2 Playtest,"Feb 10, 2025",0 - 0,0,0,0.0,0,0,[],True,False,False,0,0,0,0,0,0,0,,,,,
Shadowrun Returns,"Jul 25, 2013",2000000 - 5000000,31,0,3.74,75,0,"['English', 'French', 'Italian', 'Spanish - Spain', 'German', 'Russian']",True,True,True,76,0,11833,1549,0,9371,502,Harebrained Schemes,Paradox Interactive,"Single-player,Steam Trading Cards,Steam Workshop,Steam Cloud,Includes level editor,Remote Play on Tablet,Family Sharing","Adventure,Indie,RPG,Strategy","RPG,Cyberpunk,Turn-Based,Isometric,Sci-fi,Indie,Strategy,Singleplayer,Tactical,Adventure,Moddable,Kickstarter,CRPG,Story Rich,Fantasy,Atmospheric,Dystopian,Crowdfunded,Turn-Based Strategy,Female Protagonist"
Chessie Chicken,"Mar 23, 2022",0 - 20000,0,0,0.99,0,0,['English'],True,False,False,0,0,2,0,6,0,0,OMEGABYTE,OMEGABYTE,"Single-player,Steam Achievements,Partial Controller Support,Steam Leaderboards,Family Sharing","Indie,Sports,Strategy","Strategy,Grand Strategy,Puzzle,Real Time Tactics,Cute,Top-Down,Fantasy,Logic,Magic,Indie,Sports,Medieval,Tutorial,Singleplayer"
MCAS Simulation,"Dec 6, 2020",0 - 20000,0,0,5.99,0,0,['English'],True,False,False,0,0,3,2,0,0,0,Kayo Games,Kayo Games,"Single-player,Family Sharing","Indie,Simulation","Simulation,Indie"
Azkend 2: The World Beneath,"Jan 3, 2017",20000 - 50000,0,0,2.79,65,0,['English'],True,False,False,0,0,22,13,16,0,76,10tons Ltd,10tons Ltd,"Single-player,Steam Achievements,Steam Trading Cards,Steam Cloud,Family Sharing","Adventure,Casual,Indie","Hidden Object,Match 3,Puzzle,Visual Novel,Difficult,Female Protagonist,2D,Historical,Relaxing,Romance,Underwater,Narration,Story Rich,Casual,Hand-drawn,Fantasy,Philosophical,Hex Grid,Adventure,Cinematic"
Joan Jade and the Gates of Xibalba,"Mar 7, 2019",0 - 20000,0,0,2.09,70,0,"['English', 'French', 'German', 'Spanish - Spain', 'Portuguese - Brazil', 'Korean', 'Dutch', 'Polish', 'Russian']",True,False,False,0,0,22,19,0,0,0,Artifex Mundi,Alawar Casual,"Single-player,Family Sharing","Adventure,Casual,Indie","Adventure,Casual,Indie,Hidden Object,Point & Click,Singleplayer,Addictive"
Astral Quest,"Feb 4, 2025",0 - 20000,0,0,3.49,30,0,"['English', 'Russian']",True,False,False,0,0,0,0,0,0,0,Taranau Aliaksei,Taranau Aliaksei,"Single-player,Family Sharing","Adventure,Casual,Indie,RPG",
Beautiful Ukraine,"May 27, 2022",0 - 20000,0,0,0.79,80,0,['English'],True,False,False,0,0,23,1,0,0,0,QubicGames,"Untold Tales,QubicGames","Single-player,Family Sharing",Casual,"Casual,Puzzle,Clicker,Puzzle-Platformer,Colorful,Education,Emotional,Family Friendly"
Escape Of The Cat-Aslyum,"Sep 30, 2024",0 - 20000,0,0,0.79,60,0,['English'],True,False,False,0,0,0,0,0,0,0,CodingQuests,CodingQuests,"Single-player,Family Sharing","Action,Adventure,Indie",
Native Isekai Defense,"Oct 31, 2024",0 - 20000,0,0,5.49,50,0,"['English', 'Indonesian', 'Japanese', 'Korean', 'Portuguese - Brazil', 'Simplified Chinese', 'Spanish - Latin America']",True,False,False,0,0,6,1,27,0,0,Hi-Clay,Hi-Clay,"Single-player,Multi-player,Co-op,Online Co-op,Steam Achievements,Full controller support,Steam Cloud,Family Sharing","Action,Indie,RPG,Early Access","Early Access,Action,RPG,Action RPG,JRPG,Anime,Action Roguelike,Hack and Slash,Tower Defense,Co-op,Rogue-lite,3D,Third Person,Fantasy,Post-apocalyptic,Combat,Controller,PvE,Female Protagonist,Team-Based"
To Make a Game,"Feb 12, 2022",0 - 20000,0,0,0.49,51,1,"['English', 'French', 'Spanish - Latin America', 'Simplified Chinese']",True,False,True,0,0,65,6,1,0,0,TheBluePenguin,TheBluePenguin,"Single-player,Steam Achievements,Family Sharing","Casual,Indie","Casual,Visual Novel,Choose Your Own Adventure,Pixel Graphics,2D,Emotional,Atmospheric,Game Development,Psychological,Relaxing,Indie,Choices Matter,Multiple Endings,Text-Based,Singleplayer"
The Running Man,"Jun 25, 2020",0 - 20000,0,0,0.99,0,0,['English'],True,False,False,0,0,64,33,0,0,0,samuel crevier,samuel crevier,"Single-player,Full controller support,Family Sharing","Action,Adventure,Indie,Racing","2D Platformer,Action,Adventure,Casual,Parkour,Platformer,3D,Singleplayer,Indie,Stealth,Racing"
Dokkaebi Hentai Adventures,"Feb 28, 2018",0 - 20000,0,0,0.49,0,1,"['English', 'Russian']",True,False,False,0,0,57,45,5,0,0,Nikita Ghost_RUS,Ghost_RUS Games,"Single-player,Steam Achievements,Family Sharing","Adventure,Casual,Indie","Indie,Adventure,Casual,Hentai,Sexual Content,Nudity"
Schmaragon Playtest,"Mar 17, 2023",0 - 0,0,0,0.0,0,0,[],True,False,False,0,0,0,0,0,0,0,,,,,
FamilyWorldRoam,"Sep 10, 2021",0 - 20000,0,0,0.99,0,0,['English'],True,False,False,0,0,4,3,0,0,0,WanXiang Personal Studio,WanXiang Personal Studio,"Single-player,Tracked Controller Support,VR Only,Family Sharing","Casual,Indie","Casual,Life Sim,Exploration,VR,Relaxing,6DOF,Story Rich,Linear,Indie,Singleplayer,Local Multiplayer"
TangramsVR,"Sep 14, 2017",0 - 20000,0,0,3.99,0,0,['English'],True,False,False,0,0,5,6,0,0,153,Kristin Dragos,"Beazle Bee, LLC","Single-player,Tracked Controller Support,VR Only,Family Sharing","Casual,Early Access","Casual,Early Access,Indie,VR"
Numeral Lord,"Oct 14, 2022",0 - 20000,3,0,2.99,0,0,"['English', 'French', 'German', 'Japanese', 'Simplified Chinese', 'Traditional Chinese']",True,False,False,0,0,59,5,30,0,0,Flint Games,Flint Games,"Single-player,Multi-player,PvP,LAN PvP,Family Sharing","Casual,Indie,Strategy,Early Access","Casual,Turn-Based Strategy,Strategy,Minimalist,PvP,Multiplayer,2D,4X,Early Access,Indie,Tactical,Turn-Based Tactics,Hex Grid"
Cook Fest Playtest,"Dec 9, 2022",0 - 0,0,0,0.0,0,0,[],True,False,False,0,0,0,0,0,0,0,,,,,
A Very Corporate Escape Room Playtest,"Jul 11, 2022",0 - 0,0,0,0.0,0,0,[],True,False,False,0,0,0,0,0,0,0,,,,,
Jack the Barbarian,"May 21, 2018",0 - 20000,0,0,1.99,60,0,['English'],True,False,True,0,0,23,11,0,0,4,Cloaz Studio,Cloaz Studio,"Single-player,Full controller support,Family Sharing","Adventure,Casual,Indie,RPG","Adventure,RPG,Indie,Casual,RPGMaker"
RPG Fighter League,"Mar 15, 2019",0 - 20000,1,0,4.99,0,0,['English'],True,False,False,0,0,26,1,50,0,530,Owl Green Sea,Owl Green Sea,"Single-player,Steam Achievements,Partial Controller Support,Family Sharing","Action,Indie,RPG","Action,RPG,Indie,RPGMaker,JRPG"
Mark One,"Feb 17, 2021",0 - 20000,0,0,0.99,0,0,['English'],True,False,False,0,0,5,0,8,0,0,Orfeas Eleftheriou,Orfeas Eleftheriou,"Single-player,Steam Achievements,Family Sharing","Action,Indie","Action,Indie,Violent,Sci-fi,Top-Down Shooter,Twin Stick Shooter"
Goolems,"Jul 16, 2023",0 - 20000,0,0,4.99,50,0,['English'],True,False,False,0,0,2,0,21,0,0,Wrinkly Wizard Ltd,Wrinkly Wizard Ltd,"Single-player,Steam Achievements,Family Sharing","Adventure,Casual,Indie,Strategy","Puzzle,Strategy,Casual,Pixel Graphics,Singleplayer,2D,Adventure,Point & Click,Indie,Comedy,Fantasy,Horror"
Recurring Dream,"Nov 4, 2024",0 - 20000,0,0,1.04,65,0,['English'],True,False,False,0,0,2,0,0,0,0,Grow Now!,Grow Now!,"Single-player,Family Sharing","Adventure,Casual","Adventure,Casual,Walking Simulator,Exploration,3D,First-Person,Atmospheric,Emotional,Mystery,Relaxing,Romance,Linear,Story Rich,Singleplayer"
Blaster Master Zero,"Jun 14, 2019",20000 - 50000,1,0,4.99,50,2,"['English', 'Japanese', 'French', 'Italian', 'German', 'Spanish - Spain', 'Portuguese - Portugal', 'Traditional Chinese', 'Korean']",True,False,False,0,0,907,64,15,970,175,"INTI CREATES CO., LTD.","INTI CREATES CO., LTD.","Single-player,Multi-player,PvP,Shared/Split Screen PvP,Co-op,Shared/Split Screen Co-op,Steam Achievements,Steam Trading Cards,Partial Controller Support,Steam Cloud,Remote Play Together,Family Sharing",Action,"Action,Metroidvania,Pixel Graphics,Retro,Platformer,2D,Anime,Singleplayer,Great Soundtrack,Side Scroller,Adventure"
Captain 13 Beyond the Hero,"Sep 29, 2017",0 - 20000,0,0,3.99,0,0,['English'],True,True,False,0,0,1,1,29,0,0,Zombie Soup,Zombie Soup,"Single-player,Steam Achievements,Tracked Controller Support,VR Supported,Family Sharing","Action,Casual","Action,Casual"
Pillazon: MMO Drug Lord Tycoon,"Jan 13, 2023",0 - 20000,0,0,1.99,60,0,"['English', 'French', 'Italian', 'German', 'Spanish - Spain', 'Russian', 'Turkish', 'Simplified Chinese', 'Japanese']",True,False,False,0,0,26,14,49,0,0,PiCorp,PiCorp,"Multi-player,MMO,PvP,Steam Achievements,In-App Purchases,Family Sharing","Casual,Indie,Massively Multiplayer,RPG,Simulation,Strategy,Early Access","Early Access,Casual,Massively Multiplayer,MMORPG,PvP,Resource Management,RPG,Economy,Simulation,Immersive Sim,Strategy,Inventory Management,Strategy RPG,Life Sim,Idler,Clicker,3D,3D Vision,Pixel Graphics,Colorful"
Whispers in the Void,"May 7, 2024",20000 - 50000,0,0,9.99,0,0,"['English', 'Russian']",True,False,False,0,0,11,3,0,0,0,"Anri Khachaturov,Artur Manukyan,Arman Petrosyan",HenDo Games,"Single-player,Family Sharing","Adventure,Indie","Adventure,Horror,Survival Horror,Psychological Horror,Puzzle,Walking Simulator,Exploration,Hidden Object,First-Person,Realistic,Atmospheric,Survival,Detective,Logic,Psychological,3D,Investigation,Singleplayer,Mystery,PvE"
Releaseburg,"Oct 31, 2025",0 - 0,0,0,6.99,0,0,"['English', 'French', 'Italian', 'German', 'Spanish - Spain', 'Polish', 'Portuguese - Portugal', 'Czech', 'Spanish - Latin America', 'Japanese', 'Portuguese - Brazil', 'Simplified Chinese', 'Traditional Chinese']",True,False,False,0,0,0,0,13,0,0,SteadyBoar,Drageus Games,"Single-player,Steam Achievements,Full controller support,Family Sharing","Action,Indie,RPG",
Bale Out Playtest,"Mar 18, 2023",0 - 0,0,0,0.0,0,0,[],True,False,False,0,0,0,0,0,0,0,,,,,
Spellarium 2,"Feb 27, 2024",0 - 20000,0,0,6.99,0,0,['English'],True,False,False,0,0,0,0,0,0,0,LGT SIA,LGT SIA,"Single-player,Family Sharing",Casual,
Mortuar,"Jul 9, 2024",0 - 0,0,0,0.0,0,0,['English'],True,True,False,0,0,0,0,0,0,0,"Dan-Rareș Crai,Raul-Sebastian Bîrnoschi,Andrei Mihăilă",mortuargame,"Single-player,Multi-player,Co-op,Online Co-op","Action,Casual,Indie,Free To Play",
Whispered Secrets: Forgotten Sins Collector's Edition,"Aug 5, 2025",0 - 0,0,0,6.99,0,0,"['English', 'French', 'German']",True,True,False,0,0,0,0,0,0,0,GrandMa Studios,BFG Entertainment,"Single-player,Family Sharing","Adventure,Casual",
B-17 Flying Fortress: The Mighty 8th,"Oct 30, 2014",50000 - 100000,1,0,4.79,0,0,"['English', 'French', 'German']",True,False,False,82,0,66,17,0,0,4,Wayward Design,MicroProse Software,"Single-player,Family Sharing",Simulation,"Simulation,Flight,World War II,Singleplayer,Strategy,1990's,War,Choices Matter,Combat,Nonlinear,Historical,Realistic,Action,Retro,Open World,3D,Sequel,Old School,Adventure,Remake"
Nexus Rumble: The Ultimate Showdown,"Jul 22, 2024",0 - 20000,1,0,0.0,0,0,"['English', 'Russian', 'Turkish']",True,True,True,0,0,50,3,0,0,0,Brainyplanet,Brainyplanet Productions,"Multi-player,MMO,PvP,Online PvP,Co-op,Online Co-op,Cross-Platform Multiplayer,In-App Purchases","Action,Indie,Massively Multiplayer,Racing,Strategy,Free To Play","Action,Racing,Multiplayer,PvP,Survival,Puzzle,Combat,Indie,Battle Royale,MOBA,Character Customization,First-Person,Time Management,Cinematic,Parkour,Atmospheric,Third Person,Massively Multiplayer,Physics,Strategy"
AI CG Generation Engine,"Mar 21, 2022",0 - 20000,0,0,0.89,0,0,['English'],True,False,False,0,0,1,10,0,0,0,William at Oxford,William at Oxford,In-App Purchases,"Design & Illustration,Photo Editing,Game Development","Design & Illustration,Photo Editing,Game Development"
100 Cats Lost In Poland Find & Color,"Aug 1, 2025",0 - 0,0,0,0.0,0,1,"['English', 'French', 'Italian', 'German', 'Spanish - Spain', 'Arabic', 'Simplified Chinese', 'Portuguese - Brazil', 'Bulgarian', 'Danish', 'Indonesian', 'Dutch', 'Finnish', 'Traditional Chinese', 'Japanese', 'Korean', 'Spanish - Latin America', 'Polish', 'Hungarian', 'Norwegian', 'Portuguese - Portugal', 'Romanian', 'Russian', 'Thai', 'Turkish', 'Ukrainian', 'Vietnamese', 'Greek', 'Czech', 'Swedish', 'Afrikaans', 'Amharic', 'Albanian', 'Assamese', 'Azerbaijani', 'Bangla', 'Basque', 'Belarusian', 'Bosnian', 'Dari', 'Armenian', 'Estonian', 'Persian', 'Filipino', 'Welsh', 'Galician', 'Gujarati', 'Georgian', 'Hausa', 'Hindi', 'Croatian', 'Kannada', 'Catalan', 'Kazakh', 'Quechua', K'iche', 'Khmer', 'Konkani', 'Kyrgyz', 'Latvian', 'Lithuanian', 'Luxembourgish', 'Macedonian', 'Malayalam', 'Malay', 'Maltese', 'Maori', 'Marathi', 'Mongolian', 'Nepali', 'Odia', 'Punjabi (Gurmukhi)', 'Punjabi (Shahmukhi)', 'Kinyarwanda', 'Sinhala', 'Sindhi', 'Slovak', 'Slovenian', 'Sorani', 'Sotho', 'Swahili', 'Serbian', 'Tajik', 'Tamil', 'Tatar', 'Telugu', 'Tigrinya', 'Tswana', 'Turkmen', 'Urdu', 'Uyghur', 'Valencian', 'Wolof', 'Xhosa', 'Yoruba', 'Zulu', 'Cherokee', 'Uzbek', 'Hebrew', 'Igbo', 'Irish', 'Scots', 'Icelandic']",True,False,False,0,0,0,0,4,0,0,Two Cats Games,Two Cats Games,"Single-player,Multi-player,Co-op,Online Co-op,Steam Achievements","Casual,Indie,Free To Play",
Formula Evolution 2025,"Dec 9, 2025",0 - 0,0,0,0.0,0,0,"['English', 'French', 'Italian', 'German', 'Spanish - Spain', 'Arabic', 'Czech', 'Danish', 'Dutch', 'Finnish', 'Greek', 'Hungarian', 'Norwegian', 'Polish', 'Portuguese - Brazil', 'Portuguese - Portugal', 'Romanian', 'Spanish - Latin America', 'Swedish', 'Ukrainian', 'Bulgarian']",True,False,False,0,0,0,0,30,0,0,Petr Šimůnek,Petr Šimůnek,"Single-player,Multi-player,PvP,Online PvP,Steam Achievements,In-App Purchases","Action,Casual,Indie,Massively Multiplayer,Racing,Simulation,Sports,Free To Play,Early Access",
SYREN,"Feb 16, 2017",0 - 20000,0,0,19.99,0,0,['English'],True,False,False,0,0,20,17,0,0,0,Hammerhead VR,Hammerhead VR,"Single-player,Tracked Controller Support,VR Only,Family Sharing","Nudity,Violent,Gore,Action","Nudity,Action,Gore,Violent,VR"
Masked Shooters,"May 21, 2017",20000 - 50000,0,0,0.75,24,0,['English'],True,False,False,0,0,99,42,13,135,266,FreezeNova,FreezeNova,"Single-player,Steam Achievements,Steam Trading Cards,Partial Controller Support,Stats,Steam Leaderboards,Family Sharing","Action,Indie","Action,Indie,FPS,First-Person,Shooter,Singleplayer,Sniper,Military,Nonlinear"
Kanojo xx Switch,"Apr 6, 2021",0 - 20000,0,0,0.49,0,0,"['English', 'French', 'Italian', 'German', 'Spanish - Spain', 'Arabic', 'Bulgarian', 'Czech', 'Danish', 'Dutch', 'Finnish', 'Greek', 'Hungarian', 'Japanese', 'Korean', 'Norwegian', 'Polish', 'Portuguese - Portugal', 'Portuguese - Brazil', 'Romanian', 'Russian', 'Simplified Chinese', 'Spanish - Latin America', 'Swedish', 'Thai', 'Traditional Chinese', 'Turkish', 'Ukrainian', 'Vietnamese']",True,False,False,0,0,0,0,100,0,0,Rectangular Circle,Rectangular Circle,"Single-player,Family Sharing","Casual,Indie,Simulation",
End of Ember Playtest,"Jul 3, 2025",0 - 0,0,0,0.0,0,0,[],True,False,False,0,0,0,0,0,0,0,,,,,
I commissioned some stickmen,"Feb 2, 2024",0 - 20000,0,0,1.19,70,0,['English'],True,False,False,0,0,8,0,16,0,0,Follow the fun,I commissioned some series,"Single-player,Steam Achievements,Family Sharing","Casual,Indie","Hidden Object,Stylized,Casual,Hand-drawn,Music,Family Friendly,Relaxing,Puzzle,Atmospheric,Wholesome,Fantasy,Creature Collector,Singleplayer,Colorful,Abstract,Indie,Comic Book,Point & Click"
Street Boss,"Jun 25, 2024",0 - 20000,0,0,0.59,70,0,['English'],True,False,False,0,0,5,3,0,0,0,Kiro Games,Kiro Games,"Single-player,Family Sharing","Action,Casual,Indie,RPG","Action,RPG,Casual,Action Roguelike,Singleplayer,Fighting,3D Fighter,Open World,Indie,3D,Early Access,Third Person,Physics,Action-Adventure,Beat 'em up,Real-Time,Action RPG,Stylized,Beautiful,Crime"
VR PingPong Sweetie,"Sep 5, 2022",0 - 20000,0,0,3.99,0,0,"['English', 'Japanese', 'Simplified Chinese', 'Traditional Chinese', 'Korean']",True,False,False,0,0,2,1,0,0,0,Thoth VR Health,Thoth VR Health,"Single-player,Tracked Controller Support,VR Only,Family Sharing","Casual,RPG,Simulation,Sports","Sports,Simulation,RPG,3D,First-Person,Singleplayer,Casual"
Racket: Nx,"Jul 17, 2018",50000 - 100000,0,0,13.39,33,0,"['English', 'Japanese', 'Korean', 'Simplified Chinese']",True,False,False,0,0,507,22,28,488,49,One Hamsa,One Hamsa,"Single-player,Multi-player,PvP,Online PvP,Co-op,Online Co-op,Cross-Platform Multiplayer,Tracked Controller Support,VR Only,SteamVR Collectibles,Steam Leaderboards,Family Sharing","Action,Indie,Sports","VR,Sports,Co-op,Casual,Music,Stylized,Soundtrack,Arcade,Moddable,Fast-Paced,Multiplayer,Level Editor,Singleplayer,Indie,First-Person,Pinball,Colorful,Simulation,PvP,Retro"
Silent Hunter®: Wolves of the Pacific U-Boat Missions,"Jun 13, 2008",50000 - 100000,11,0,2.49,75,0,['English'],True,False,False,0,0,247,59,0,303,1109,Ubisoft Romania,Ubisoft,"Single-player,Multi-player,Family Sharing",Simulation,"Simulation,Naval Combat,Submarine,World War II,Naval,Singleplayer"
Home Deco Puzzles,"Aug 18, 2022",0 - 20000,0,0,0.99,80,0,['English'],True,False,False,0,0,2,3,18,0,0,Kistler Studios,Kistler Studios,"Single-player,Steam Achievements,Stats,Family Sharing","Casual,Indie","Puzzle,Board Game,3D,Isometric,3D Vision,Cute,Top-Down,Relaxing,Casual,Colorful,Minimalist,Stylized,Family Friendly,Hidden Object,Atmospheric,Emotional,Singleplayer,Indie"
Climber: Sky is the Limit,"Nov 21, 2022",0 - 20000,0,0,5.49,0,0,"['English', 'French', 'German', 'Spanish - Spain', 'Polish', 'Russian', 'Simplified Chinese', 'Hungarian', 'Japanese', 'Portuguese - Brazil', 'Italian', 'Turkish']",True,False,False,0,0,111,45,6,129,1676,"A2 Softworks,Art Games Studio S.A.","Art Games Studio S.A.,G-DEVS.com","Single-player,Steam Achievements,Family Sharing","Action,Simulation,Sports","Inventory Management,Management,Walking Simulator,3D,Choices Matter,Sports,Resource Management,First-Person,Simulation,Experience,Survival,Unforgiving,Difficult,Replay Value,Snow,Nature,Singleplayer,Exploration,Atmospheric,Immersive Sim"
Radio Station,"Mar 30, 2020",0 - 20000,0,0,0.99,0,0,"['English', 'Russian']",True,False,False,0,0,14,6,0,0,0,Nikolay Karakelyan,Nikolay Karakelyan,"Single-player,Family Sharing","Adventure,Indie","Adventure,Indie,First-Person,Great Soundtrack,Exploration,Atmospheric,Singleplayer,Walking Simulator,Drama,Story Rich"
Aierlon,"Jun 2, 2022",0 - 0,0,0,0.0,0,0,['English'],True,False,False,0,0,0,0,0,0,0,Shadow Path Studios,Marist College,Single-player,"Adventure,Free To Play,Indie,Strategy",
Infectonator: Survivors,"Aug 8, 2016",50000 - 100000,2,0,0.99,90,1,['English'],True,True,False,0,0,742,361,19,974,258,Toge Productions,Toge Productions,"Single-player,Steam Achievements,Steam Trading Cards,Steam Cloud,Family Sharing","Action,Adventure,Indie,RPG,Simulation,Strategy","Zombies,Strategy,Survival,Indie,Pixel Graphics,Simulation,Tower Defense,RPG,Action,Adventure,Rogue-like,Procedural Generation,Perma Death,Gore,Violent,Singleplayer,2D,Multiplayer,RTS,Rogue-lite"
モノノケの国 Playtest,"Oct 23, 2024",0 - 0,0,0,0.0,0,0,[],True,False,False,0,0,0,0,0,0,0,,,,,
Royal Tumble,"Jan 9, 2018",0 - 20000,0,0,0.99,0,0,['English'],True,True,False,0,0,8,6,0,0,0,4ShawGames,4ShawGames,"Single-player,Family Sharing","Action,Casual,Indie,Simulation,Strategy","Casual,Strategy,Action,Indie,Simulation,Building,Physics"
The Turdler,"Aug 30, 2018",0 - 20000,0,0,0.0,0,0,['English'],True,False,False,0,0,2,1,9,0,0,BucketShop Games,BucketShop Games,"Single-player,Steam Achievements,Tracked Controller Support,VR Only,Steam Leaderboards,Family Sharing","Action,Casual","Action,Casual,VR"
Elly,"Feb 5, 2021",0 - 20000,0,0,0.99,0,0,['English'],True,False,False,0,0,6,1,12,0,0,EmotionalMingo,EmotionalMingo,"Single-player,Full controller support,Family Sharing","Action,Adventure,Casual,Indie","Metroidvania,2D Platformer,Precision Platformer,Action,Action-Adventure,Adventure,Stylized,Casual,Platformer,Visual Novel,2D,Cartoon,Colorful,Hand-drawn,Atmospheric,Dark Fantasy,Fantasy,Futuristic,Sci-fi,Character Customization"
Lord of Darkness: Aftermath,"Dec 2, 2023",0 - 20000,0,0,0.54,45,0,"['English', 'Russian', 'Japanese']",True,False,False,0,0,1,1,0,0,0,Pixel Lion Studios,Pixel Lion Studios,"Single-player,Family Sharing","Adventure,Indie,RPG","Adventure,JRPG,Tactical RPG,Anime,Magic,Fantasy,Story Rich,Linear,Open World,Indie,RPG,Narration,Turn-Based Combat,Singleplayer,Comedy,Cute,Parody"
Comixxx Jixxaw,"Dec 1, 2021",0 - 20000,0,0,0.95,52,0,['English'],True,False,False,0,0,0,0,32,0,0,Lieon Games,Sinnera,"Single-player,Steam Achievements,Family Sharing","Casual,Indie",
SpiritScape,"Aug 12, 2024",0 - 20000,0,0,3.49,0,0,['English'],True,False,False,0,0,2,0,0,0,0,NovaStar,Nexus Technologies,"Single-player,Family Sharing","Indie,Strategy,Early Access","Strategy,Action-Adventure,3D,First-Person,Horror,Inventory Management,Co-op,Multiplayer,Violent,Indie,Early Access,Online Co-Op,Singleplayer"
Alien Tag,"Apr 19, 2024",0 - 20000,0,0,0.0,0,0,['English'],True,False,False,0,0,0,0,0,0,0,IRLDLC.COM INC,IRLDLC.COM INC,"Single-player,Multi-player,PvP,Online PvP,Co-op,Online Co-op,Cross-Platform Multiplayer,Tracked Controller Support,VR Only","Action,Adventure,Casual,Indie,Massively Multiplayer,Free To Play,Early Access",
DreamLand,"Jul 7, 2016",0 - 20000,2,0,0.0,0,0,['Simplified Chinese'],True,False,False,0,0,41,27,0,0,11,SandVUE,SANPACE,"Single-player,Tracked Controller Support,VR Only",RPG,"RPG,VR"
Bambino Rally 3,"Apr 1, 2017",0 - 20000,0,0,1.99,0,0,['English'],True,False,False,0,0,35,17,0,0,852,Play Publishing,Play Publishing,"Single-player,Family Sharing","Action,Racing,Simulation","Racing,Automobile Sim,Action,Simulation"
STRAY GIRL 🔞,"May 24, 2025",0 - 0,0,0,5.49,0,0,"['English', 'French', 'Italian', 'German', 'Spanish - Spain', 'Arabic', 'Bulgarian', 'Vietnamese', 'Greek', 'Danish', 'Simplified Chinese', 'Traditional Chinese', 'Korean', 'Norwegian', 'Dutch', 'Polish', 'Portuguese - Brazil', 'Portuguese - Portugal', 'Russian', 'Romanian', 'Thai', 'Turkish', 'Hungarian', 'Ukrainian', 'Finnish', 'Czech', 'Swedish', 'Japanese', 'Indonesian', 'Spanish - Latin America']",True,False,False,0,0,0,0,27,161,0,Carnality INC,Taboo Tales 💘,"Single-player,Steam Achievements,Steam Trading Cards,Family Sharing","Casual,RPG,Simulation",
OpenTTD,"Apr 1, 2021",1000000 - 2000000,445,0,0.0,0,0,"['English', 'French', 'Italian', 'German', 'Spanish - Spain', 'Arabic', 'Bulgarian', 'Czech', 'Danish', 'Dutch', 'Finnish', 'Greek', 'Hungarian', 'Japanese', 'Korean', 'Norwegian', 'Polish', 'Portuguese - Portugal', 'Portuguese - Brazil', 'Romanian', 'Russian', 'Simplified Chinese', 'Spanish - Latin America', 'Swedish', 'Thai', 'Traditional Chinese', 'Turkish', 'Ukrainian', 'Vietnamese']",True,True,True,0,0,13845,549,0,0,0,OpenTTD,OpenTTD,"Single-player,Multi-player,PvP,Online PvP,LAN PvP,Co-op,Online Co-op,LAN Co-op,Cross-Platform Multiplayer","Casual,Indie,Simulation,Free To Play","Simulation,Building,Free to Play,Economy,Sandbox,Management,Trains,Transportation,Multiplayer,Resource Management,City Builder,Moddable,Singleplayer,2D,Isometric,Strategy,Online Co-Op,Co-op,Indie,Casual"
Dinoland,"Sep 12, 2021",0 - 20000,0,0,4.99,0,0,['English'],True,False,False,0,0,1,0,0,0,0,Canmaru,RealBlocks,"Single-player,Family Sharing","Casual,Sports","Casual,Sports,Puzzle,Cute,Pool,Singleplayer,Strategy,Third-Person Shooter,3D,Third Person,Dinosaurs,Physics"
Spacey Vade,"Nov 1, 2021",0 - 20000,0,0,4.99,0,0,['English'],True,False,False,0,0,2,0,0,0,0,Brown Bot,Brown Bot,"Single-player,Full controller support,Family Sharing","Action,Casual,Indie","Top-Down Shooter,Physics,Pixel Graphics,Action,1980s,Shoot 'Em Up,Casual,Puzzle,Shooter,Old School,Retro,Stylized,Top-Down,Futuristic,Sci-fi,Space,Bullet Hell,2D,Arcade,Tactical"
Terra Ventura,"Sep 5, 2022",20000 - 50000,0,0,3.24,0,0,"['English', 'Spanish - Spain', 'Japanese', 'Portuguese - Brazil', 'Simplified Chinese']",True,False,True,0,0,13,4,15,0,0,Logical Progression Games,Logical Progression Games,"Single-player,Steam Achievements,Steam Leaderboards,Family Sharing","Action,Indie,RPG","RPG,Action RPG,Exploration,Loot,Old School,Dungeon Crawler,Hack and Slash,Isometric,Survival,Character Customization,Atmospheric,Resource Management,Medieval,Retro,Combat,CRPG,Swordplay,Singleplayer,Action,Action-Adventure"
Soulflow,"Mar 18, 2022",20000 - 50000,0,0,1.49,50,0,"['English', 'Turkish', 'French', 'Simplified Chinese', 'Traditional Chinese']",True,False,False,0,0,45,36,8,0,124,Bluespy Studios,Next in Game,"Single-player,Steam Achievements,In-App Purchases,Family Sharing","Adventure,Casual,Indie,RPG","Multiple Endings,Story Rich,Detective,Investigation,Time Management,Choices Matter,Casual,RPG,Puzzle,Interactive Fiction,Choose Your Own Adventure,2.5D,Stylized,Mystery,Survival,Logic,Psychological,Retro,Crime,Singleplayer"
Ghostlore,"May 17, 2023",50000 - 100000,8,0,11.99,40,1,"['English', 'French', 'Italian', 'German', 'Japanese', 'Korean', 'Simplified Chinese', 'Thai', 'Traditional Chinese', 'Vietnamese', 'Filipino', 'Indonesian', 'Malay']",True,False,False,0,0,536,124,33,649,271,"Andrew Teo,Adam Teo",AT-AT Games,"Single-player,Multi-player,Co-op,Shared/Split Screen Co-op,Shared/Split Screen,Steam Achievements,Full controller support,Steam Workshop,Steam Cloud,Stats,Steam Leaderboards,Remote Play Together,Family Sharing","Action,Indie,RPG","Loot,Hack and Slash,Action RPG,Character Customization,RPG,Indie,Crafting,Isometric,Action,Procedural Generation,Local Co-Op,Dungeon Crawler,Moddable,Fantasy,2D,Pixel Graphics,Lore-Rich,Mythology,Co-op,Singleplayer"
Virtual Virtual Reality 2,"Oct 25, 2022",0 - 20000,0,0,9.99,0,0,['English'],True,False,False,0,0,20,18,0,0,0,Tender Claws,Tender Claws,"Single-player,Tracked Controller Support,VR Only,Family Sharing","Action,Adventure,Indie","Action-Adventure,Story Rich,VR,Artificial Intelligence,Funny,Dark Comedy,Rhythm,Action,Singleplayer,Platformer,Vehicular Combat,Adventure,Narrative,Combat,Exploration,3D,Soundtrack,3D Platformer,Satire,Surreal"
Night Call,"Jul 17, 2019",50000 - 100000,2,0,2.99,0,1,"['English', 'French', 'German']",True,True,False,0,0,508,170,45,361,271,"Monkey Moon,BlackMuffin",Raw Fury,"Single-player,Steam Achievements,Full controller support,Steam Cloud,Family Sharing","Indie,Simulation","Indie,Simulation,Noir,Story Rich,Visual Novel,Investigation,Mystery,Singleplayer,Detective,Atmospheric,Choices Matter,Great Soundtrack,Casual"
Hero Academy 2,"May 29, 2018",0 - 20000,0,0,0.0,0,0,"['English', 'French', 'Italian', 'German', 'Spanish - Spain', 'Korean', 'Russian', 'Portuguese - Brazil']",True,True,False,0,0,77,31,19,0,144,BonusXP,Robot Entertainment,"Single-player,Multi-player,Online PvP,Cross-Platform Multiplayer,Steam Achievements,In-App Purchases,Family Sharing",Strategy,"Strategy,Card Game,Turn-Based,Turn-Based Tactics,Tactical,Free to Play"
RunOut,"Oct 3, 2022",0 - 0,0,0,0.0,0,0,['Japanese'],True,False,False,0,0,0,0,0,0,0,Byking RooKIES,Byking Inc.,"Multi-player,PvP,Shared/Split Screen PvP,Shared/Split Screen,Partial Controller Support,Remote Play Together","Action,Sports,Free To Play",
Rhythm Journey,"Dec 20, 2023",0 - 0,0,0,0.0,0,0,['Japanese'],True,False,False,0,0,0,0,0,0,0,TOKYO COOL JAPAN,TOKYO COOL JAPAN,Single-player,"Casual,Indie",
记忆碎片Fragment,"Jul 25, 2022",0 - 20000,0,0,0.99,0,0,['Simplified Chinese'],True,True,True,0,0,2,0,15,0,0,bbo,bbo,"Single-player,Family Sharing","Action,Adventure,Casual,Indie,RPG","Casual,Adventure,Action,RPG,Action-Adventure,Action RPG,2D Platformer,Action Roguelike,Rogue-lite,Dungeon Crawler,2D,Pixel Graphics,Cartoony,Third Person,1980s,1990's,Level Editor,Singleplayer,Puzzle,Indie"
Soul Touch,"Dec 4, 2025",0 - 20000,0,0,9.99,24,0,"['English', 'Simplified Chinese']",True,False,False,0,0,0,0,53,962,1412,URAYAHA,URAYAHA,"Single-player,Steam Achievements,Steam Cloud,Family Sharing","Adventure,Casual,Indie,RPG,Simulation,Strategy",
Run Dude,"Jan 24, 2020",0 - 20000,0,0,1.99,0,0,['English'],True,False,False,0,0,43,6,18,0,0,Skull Box Games,Skull Box Games,"Single-player,Steam Achievements,Partial Controller Support,Family Sharing","Action,Indie","Action,Indie,Gore,Violent,Platformer,Pixel Graphics,2D"
Shadow Madness,"Feb 15, 2022",0 - 20000,0,0,5.24,65,0,['English'],True,False,False,0,0,15,10,0,0,10,Crave,"Piko Interactive LLC,Bleem!","Single-player,Partial Controller Support,Family Sharing","Action,Adventure,RPG","Action,Adventure,RPG,Action RPG,Action-Adventure,JRPG,3D,Anime,Top-Down,Dystopian,Fantasy,Futuristic,Medieval,Pirates,Retro,Sci-fi,Singleplayer"
Particle Fleet: Emergence,"Sep 29, 2016",50000 - 100000,31,0,4.94,67,1,['English'],True,True,True,0,0,1131,92,20,1164,1151,Knuckle Cracker,Knuckle Cracker,"Single-player,Steam Achievements,Steam Cloud,Stats,Includes level editor,Remote Play Together,Family Sharing","Indie,Simulation,Strategy","Strategy,Indie,Simulation,Space,RTS,Real-Time with Pause,Sci-fi,2D,Singleplayer,Tower Defense,Pixel Graphics,Great Soundtrack,Level Editor"
"Tears - 9, 10","Jan 31, 2018",0 - 20000,0,0,5.99,0,0,"['English', 'Korean', 'Japanese']",True,False,False,0,0,21,4,0,0,0,Fancyday,Fancyday,"Single-player,Family Sharing","Adventure,Casual,Indie,Simulation","Visual Novel,Emotional,Story Rich,Indie,Adventure,Simulation,Casual,Anime,Singleplayer,Sexual Content,Female Protagonist"
URAANKHIANS Dygyn - The Beginning,"Oct 24, 2024",0 - 20000,0,0,1.99,0,0,"['English', 'Russian']",True,False,False,0,0,5,7,36,0,0,MonsterAttack,MonsterAttack,"Single-player,Multi-player,PvP,Co-op,Online Co-op,Steam Achievements,Family Sharing","Action,Adventure,Indie,Sports,Strategy","Funny,Co-op,Survival,Multiplayer,Adventure,Crafting,PvE,Action,Online Co-Op,Exploration,Controller,Third Person,Gambling,Strategy,PvP,Character Customization,Open World,Singleplayer,Indie,Team-Based"
Slide Puzzle: Cute Moe Girls,"Mar 23, 2023",0 - 20000,0,0,1.99,0,0,['English'],True,False,False,0,0,0,0,64,0,0,HOLY GATE,HOLY GATE,"Single-player,Steam Achievements,Family Sharing",Casual,
PARA♰BELLUM ~ 魔弹帕菈,"Apr 30, 2024",0 - 20000,0,0,1.49,0,0,"['Simplified Chinese', 'English', 'Russian']",True,False,False,0,0,131,5,17,111,0,ChronoYuki,马家沟红旗农机合作社,"Single-player,Steam Leaderboards,Family Sharing","Action,Indie","Action Roguelike,Rogue-lite,Shoot 'Em Up,Bullet Hell,Top-Down Shooter,Action,Female Protagonist,Shooter,2D,Anime,Pixel Graphics,Retro,Capitalism,Fantasy,Magic,Tactical,Singleplayer,Funny,Indie,Combat"
Fruit vs. Aliens,"Nov 6, 2025",0 - 20000,0,0,3.74,25,0,['English'],True,True,False,0,0,0,0,11,0,0,Pollapee,Pollapee,"Single-player,Steam Achievements,Full controller support,Steam Leaderboards,Family Sharing",Strategy,
I Shall Remain,"Aug 24, 2015",20000 - 50000,0,0,9.99,0,0,['English'],True,False,False,0,0,108,51,104,0,209,Scorpius Games,Scorpius Games,"Single-player,Steam Achievements,Family Sharing","Action,Indie,RPG","Indie,RPG,Action,Post-apocalyptic,Survival,Zombies,Horror,Action RPG,Hack and Slash,Loot,Singleplayer,Alternate History,Replay Value,Atmospheric,Perma Death,Great Soundtrack,Story Rich,Third Person,Difficult,Dark"
Guardian's Oath,"Sep 28, 2016",20000 - 50000,0,0,0.99,0,0,"['English', 'Turkish']",True,False,False,0,0,110,40,12,0,2,Nodamex,NDMX Game Studios,"Single-player,Steam Achievements,Family Sharing","Action,Indie,RPG","Action,RPG,Indie"
그녀가 다시 노래할 때까지.,"Nov 14, 2022",0 - 20000,0,0,4.99,0,0,['Korean'],True,False,False,0,0,8,2,0,0,0,TS-Project,TS-Project,"Single-player,Family Sharing","Indie,Simulation","Simulation,Visual Novel,2D,Anime,Cute,Romance,Emotional,Text-Based,Indie,Choices Matter,Singleplayer"
Movavi Slideshow Maker 8,"Nov 9, 2020",0 - 20000,1,0,34.97,50,7,"['English', 'French', 'Italian', 'German', 'Spanish - Spain', 'Portuguese - Brazil', 'Traditional Chinese', 'Simplified Chinese', 'Korean', 'Dutch', 'Polish', 'Turkish', 'Japanese', 'Russian']",True,True,False,0,0,10,4,0,0,0,Movavi Software,Movavi Software,,"Animation & Modeling,Audio Production,Design & Illustration,Education,Photo Editing,Software Training,Utilities,Video Production","Utilities,Audio Production,Photo Editing,Animation & Modeling,Education,Software Training,Design & Illustration,Video Production,Multiplayer,Software,Beautiful,Family Friendly,Singleplayer,Cinematic,Music,Soundtrack,Web Publishing,Tutorial,FMV,360 Video"
Yatzi 2,"Nov 27, 2025",0 - 0,0,0,14.99,0,0,"['English', 'French', 'Italian', 'German', 'Spanish - Spain', 'Dutch', 'Polish', 'Russian']",True,False,False,0,0,0,0,25,0,0,Korion Interactive,Markt+Technik Verlag GmbH,"Single-player,Multi-player,PvP,Online PvP,Shared/Split Screen PvP,Shared/Split Screen,Full controller support,Remote Play Together,Family Sharing",Casual,
Virgin Simulator,"Feb 2, 2025",0 - 20000,0,0,4.49,10,0,"['English', 'Russian']",True,False,False,0,0,9,18,0,0,0,Ilmir Nasertdinov,Ilmir Nasertdinov,"Single-player,Family Sharing","Indie,RPG,Simulation","RPG,Simulation,Dating Sim,Walking Simulator,Exploration,CRPG,3D,First-Person,Third Person,Realistic,Memes,Nature,Romance,Funny,Comedy,Conversation,Story Rich,Linear,6DOF,Singleplayer"
Paintey,"Apr 18, 2016",0 - 20000,0,0,9.99,0,0,['English'],True,False,False,0,0,3,1,0,0,0,Brian Lindenhof,ShadowBrain Games,"Single-player,Multi-player,PvP,Online PvP,Tracked Controller Support,VR Only,VR Support,Family Sharing","Indie,Simulation,Early Access","Simulation,Early Access,Indie,VR"
Zombies TD,"Aug 23, 2022",0 - 20000,0,0,1.99,0,0,['English'],True,False,False,0,0,2,2,0,0,0,IVS96,IVS96,"Single-player,Family Sharing","Casual,Strategy","Casual,Strategy,Tower Defense,Shooter,Bullet Hell,Wargame,3D,Colorful,Top-Down,War,Military,Post-apocalyptic,Survival,Zombies,Combat,Quick-Time Events,Singleplayer"
Supermarket Bash,"Jan 22, 2025",50000 - 100000,0,0,0.53,68,0,"['English', 'Simplified Chinese']",True,False,False,0,0,14,0,0,0,0,Kayla.Z,Flight Project,"Single-player,Family Sharing","Action,Adventure,Casual,Indie,Racing,RPG,Simulation,Strategy","Casual,Adventure,Cute,Strategy,Cartoon,RPG,Point & Click,Strategy RPG,Puzzle,3D Platformer,Match 3,Exploration,Dungeon Crawler,Hidden Object,3D,Pixel Graphics,Cartoony,Hand-drawn,Minimalist,Third Person"
Bepuzzled Jigsaw Puzzle: Japan,"Jul 3, 2019",20000 - 50000,0,0,1.59,60,0,['English'],True,True,True,0,0,1,0,0,0,0,Team Spikkeee,Team Spikkeee,"Single-player,Family Sharing",Casual,"Casual,Puzzle"
Elf World Adventure,"Oct 3, 2024",0 - 20000,0,0,0.99,50,0,"['English', 'Russian', 'French', 'Italian', 'Bulgarian', 'Portuguese - Brazil', 'Hungarian', 'Vietnamese', 'Danish', 'Spanish - Latin America', 'Simplified Chinese', 'Korean', 'Dutch', 'Polish', 'Thai', 'Turkish', 'Ukrainian', 'Finnish', 'Swedish', 'Japanese', 'Indonesian']",True,False,False,0,0,0,0,44,0,0,430Games,430Games,"Single-player,Steam Achievements,Family Sharing","Casual,Indie,Simulation",
Before The Green Moon,"Mar 14, 2023",0 - 20000,0,0,3.59,70,0,['English'],True,True,False,0,0,96,7,0,124,0,Turnfollow,Turnfollow,"Single-player,Full controller support,Family Sharing","Casual,Indie,RPG,Simulation","Sci-fi,Farming,Nature,Story Rich,Atmospheric,Conversation,Relaxing,Casual,Character Customization,Inventory Management,Farming Sim,Life Sim,Agriculture,3D,Open World,Controller,Singleplayer,Futuristic,RPG,Simulation"
Kotoko's a Little Weird,"Mar 15, 2024",0 - 20000,1,0,6.99,0,0,"['English', 'Japanese', 'Simplified Chinese']",True,False,False,0,0,60,18,0,0,71,shinachiku-castella,Kagura Games,"Single-player,Steam Cloud,Family Sharing","Casual,Indie,RPG","Casual,RPG,JRPG,Anime,2D,Sexual Content,Cute,Singleplayer,Hentai,Indie,Nudity,NSFW,Mature,RPGMaker,Female Protagonist"
Save Giant Girl from monsters 2,"Feb 22, 2024",0 - 0,0,0,199.99,0,0,"['English', 'French', 'Italian', 'German', 'Spanish - Spain', 'Arabic', 'Bulgarian', 'Czech', 'Danish', 'Dutch', 'Finnish', 'Greek', 'Hungarian', 'Indonesian', 'Japanese', 'Korean', 'Norwegian', 'Polish', 'Portuguese - Brazil', 'Portuguese - Portugal', 'Romanian', 'Russian', 'Simplified Chinese', 'Spanish - Latin America', 'Swedish', 'Thai', 'Traditional Chinese', 'Turkish', 'Ukrainian', 'Vietnamese', 'Afrikaans', 'Albanian', 'Amharic', 'Armenian', 'Assamese', 'Azerbaijani', 'Bangla', 'Basque', 'Belarusian', 'Bosnian', 'Catalan', 'Cherokee', 'Croatian', 'Dari', 'Estonian', 'Filipino', 'Galician', 'Georgian', 'Gujarati', 'Hausa', 'Hebrew', 'Hindi', 'Icelandic', 'Igbo', 'Irish', K'iche', 'Kannada', 'Kazakh', 'Khmer', 'Kinyarwanda', 'Konkani', 'Kyrgyz', 'Latvian', 'Lithuanian', 'Luxembourgish', 'Macedonian', 'Malay', 'Malayalam', 'Maltese', 'Maori', 'Marathi', 'Mongolian', 'Nepali', 'Odia', 'Persian', 'Punjabi (Gurmukhi)', 'Punjabi (Shahmukhi)', 'Quechua', 'Scots', 'Serbian', 'Sindhi', 'Sinhala', 'Slovak', 'Slovenian', 'Sorani', 'Sotho', 'Swahili', 'Tajik', 'Tamil', 'Tatar', 'Telugu', 'Tigrinya', 'Tswana', 'Turkmen', 'Urdu', 'Uyghur', 'Uzbek', 'Valencian', 'Welsh', 'Wolof', 'Xhosa', 'Yoruba', 'Zulu']",True,True,True,0,0,0,0,6,0,0,Save Giant Girl,Save Giant Girl,"Single-player,Steam Achievements,Steam Leaderboards,Family Sharing","Action,Adventure,Casual,Indie,Racing,RPG,Simulation,Sports,Strategy",
Argus Panoptes,"Sep 17, 2021",0 - 20000,0,0,1.49,50,0,['English'],True,False,False,0,0,18,0,26,0,0,Tempel 1 Studio,Tempel 1 Studio,"Single-player,Steam Achievements,Full controller support,Steam Cloud,Family Sharing","Action,Indie","Action,Platformer,2D Platformer,2D,Pixel Graphics,Atmospheric,Dystopian,Post-apocalyptic,Physics,Controller,Indie,Singleplayer,Difficult"
The Albatross,"Feb 15, 2017",20000 - 50000,0,0,0.49,51,0,['English'],True,False,False,0,0,87,61,7,125,244,FlagmanJeremy,FlagmanJeremy,"Single-player,Steam Achievements,Steam Trading Cards,Steam Leaderboards,Family Sharing","Action,Adventure,Indie","Action,Indie,Adventure,First-Person"
GACHIMUCHI M♂NLY PUZZLE,"Dec 13, 2018",0 - 20000,0,0,0.99,0,0,['English'],True,False,False,0,0,63,15,24,0,0,M♂NLY,M♂NLY,"Single-player,Steam Achievements,Family Sharing","Casual,Indie,Simulation,Strategy","Nudity,Sexual Content,Casual,Indie,Simulation,Strategy,Memes,Puzzle,Singleplayer,Mature,Great Soundtrack,Relaxing,Linear,First-Person,Action-Adventure,Romance,Tutorial,Horror,Comedy,Survival Horror"
Lovely Sex with Tsundere Girl -She is too much into pleasure and loves your cock-,"Mar 13, 2025",0 - 20000,0,0,6.49,50,0,"['English', 'Simplified Chinese', 'Japanese']",True,False,False,0,0,0,0,4,0,0,竜偶城,竜偶城,"Single-player,Steam Achievements,Family Sharing","Casual,Indie,Simulation",
I Need Spirit: Off Road Edition,"Mar 7, 2019",0 - 20000,0,0,0.49,51,0,['English'],True,False,False,0,0,47,42,0,0,0,dev dev,,"Single-player,Partial Controller Support,Family Sharing","Adventure,Casual,Indie,Racing,Simulation,Sports","Casual,Racing,Indie,Simulation,Sports,Adventure,Automobile Sim,Driving,Great Soundtrack,First-Person,Old School,Modern,Relaxing,Third Person,Comedy,Difficult,Funny,Atmospheric,Realistic,Dark"
Incremental Epic Hero,"Feb 22, 2021",0 - 20000,66,0,0.0,0,5,"['English', 'Japanese', 'Simplified Chinese']",True,True,False,0,0,229,80,24,0,8753,Hapiwaku,"Idle System, Inc.","Single-player,Steam Achievements,In-App Purchases,Steam Cloud","Adventure,Free To Play,RPG,Strategy","Idler,Auto Battler,Clicker,Anime,RPG,Free to Play,Cute,Adventure,2D,Class-Based,Colorful,Cartoon,Cartoony,Crafting,Inventory Management,Character Customization,Combat,Singleplayer,2D Platformer,Strategy"
The Chicken's Fall,"Sep 24, 2021",0 - 20000,0,0,0.99,0,0,"['English', 'Portuguese - Brazil']",True,False,False,0,0,12,0,0,0,0,Raya Games,Raya Games,"Single-player,Full controller support,Family Sharing","Casual,Indie,Simulation,Strategy","Minimalist,Pixel Graphics,Family Friendly,Strategy,Platformer,Character Customization,Parkour,Atmospheric,Cute,Simulation,Arcade,2D Platformer,2D,Colorful,Comedy,Retro,Controller,Singleplayer,Casual,Indie"
Gun Gone Wrong Playtest,"Feb 5, 2025",0 - 0,0,0,0.0,0,0,[],True,False,False,0,0,0,0,0,0,0,,,,,
GLADIUM,"Jun 24, 2021",0 - 20000,0,0,1.19,80,0,['English'],True,False,False,0,0,59,21,33,0,0,Eirik Wiklund,Eirik Wiklund,"Single-player,Steam Achievements,Full controller support,Steam Leaderboards,Family Sharing",Action,"Fast-Paced,Unforgiving,Rome,Fighting,Difficult,Pixel Graphics,Combat,Historical,Action,Atmospheric,Violent,Gore,Souls-like,2D Fighter,Retro,Hack and Slash,Top-Down,2D,Indie,Singleplayer"
World Of Leaders,"Dec 17, 2014",0 - 20000,0,0,4.99,0,2,"['English', 'French', 'German']",True,False,False,0,0,21,95,0,108,495,Eversim,Eversim,"Multi-player,MMO,Family Sharing",Simulation,"Simulation,Massively Multiplayer,MMORPG"
Mysterious Night (The First Night),"Nov 13, 2021",0 - 20000,0,0,2.99,0,0,"['English', 'Vietnamese']",True,False,False,0,0,2,1,0,0,0,THung,THung,"Single-player,Family Sharing","Action,Adventure,Casual","Action,Adventure,Casual,Horror,Dark,Action-Adventure,3D Platformer,Exploration,3D,Minimalist,Singleplayer,Puzzle-Platformer,Puzzle,Mystery"
Bootsies Playtest,"Oct 1, 2025",0 - 0,0,0,0.0,0,0,[],True,False,False,0,0,0,0,0,0,0,,,,,
Excessive Speed,"Aug 26, 2024",0 - 20000,0,0,3.49,0,0,['English'],True,False,False,0,0,3,0,0,0,0,Iridon,"Piko Interactive LLC,Bleem.net","Single-player,Family Sharing",Racing,"Racing,Combat Racing,Driving,Auto Battler,Isometric,Action,1990's,Retro,Combat,Singleplayer,Local Multiplayer"
Murder on the Marine Express,"Jul 30, 2021",0 - 20000,0,0,4.99,0,0,"['English', 'Spanish - Spain', 'French', 'Japanese']",True,True,True,0,0,66,3,0,0,0,1564 Studio,1564 Studio,"Single-player,Family Sharing","Adventure,Casual","Visual Novel,Detective,Female Protagonist,Pixel Graphics,Mystery,Comedy,Story Rich,Anime,Investigation,Drama,Text-Based,Linear,Adventure,Casual,Singleplayer,2D,Retro,LGBTQ+,Indie"
Alone in the crowd,"Feb 27, 2024",20000 - 50000,0,0,2.79,0,0,['English'],True,True,False,0,0,37,2,23,0,0,Machine Nun,Machine Nun,"Single-player,Steam Achievements,Family Sharing","Adventure,Indie","Adventure,Investigation,Detective,Dystopian,Mystery,Immersive Sim,Interactive Fiction,Story Rich,Point & Click,Choices Matter,Choose Your Own Adventure,Sci-fi,Futuristic,Conversation,Linear,2.5D,Singleplayer,Isometric,Multiple Endings,Procedural Generation"
Fluffy Gore,"May 28, 2021",0 - 20000,0,0,1.99,0,0,['English'],True,False,False,0,0,7,1,50,0,0,Darkenauts Studio,Darkenauts Studio,"Single-player,Steam Achievements,Full controller support,Steam Leaderboards,Family Sharing","Action,Indie,RPG","RPG,Action,Singleplayer,Action-Adventure,Action RPG,Platformer,Rogue-like,2D Platformer,Rogue-lite,Indie,2D,Cartoony,Dark,Dark Humor,Procedural Generation"
Fantasy Strip Poker & Blackjack,"May 1, 2021",0 - 20000,0,0,7.99,0,0,['English'],True,False,False,0,0,0,0,0,0,0,MotorWizard,MotorWizard,"Single-player,Family Sharing",Casual,
Rabbit Run,"May 17, 2021",0 - 20000,0,0,3.99,0,0,['English'],True,False,False,0,0,3,2,0,0,0,Prestige Games,Prestige Games,"Single-player,Family Sharing",Adventure,"3D Platformer,Puzzle,Arcade,3D,Adventure,Cute,Funny,Colorful,Stylized,Fantasy,Family Friendly,Comedy,Singleplayer"
Limitless Bit,"Apr 29, 2021",0 - 20000,0,0,3.63,48,0,"['Japanese', 'Simplified Chinese', 'Traditional Chinese']",True,False,False,0,0,13,2,0,0,0,Inu to Neko,Starship Studio,"Single-player,Steam Cloud,Family Sharing","Adventure,Casual,Indie,RPG,Simulation,Strategy","Exploration,Time Management,Idler,Interactive Fiction,Visual Novel,Point & Click,Strategy RPG,Strategy,JRPG,Romance,RPG,2D,Cute,Comic Book,Relaxing,Funny,Story Rich,Management,Casual,Simulation"
Sex Game - Gay Affair - Episode 1,"Aug 11, 2025",0 - 20000,0,0,4.99,0,0,['English'],True,True,True,0,0,0,0,2,0,0,EroticGamesClub,EroticGamesClub,"Single-player,Steam Achievements,Steam Leaderboards,Family Sharing","Adventure,Casual,Simulation",
Nanairo Reincarnation,"Sep 27, 2019",20000 - 50000,0,0,14.99,0,0,['English'],True,False,False,0,0,155,7,0,156,0,"Silky's Plus Wasabi,Silky’s Plus Alpha",Sekai Project,"Single-player,Steam Trading Cards,Family Sharing","Adventure,Casual","Visual Novel,Anime,Romance,Violent,Adventure,Choices Matter,Mature,Gore,Casual,2D,Multiple Endings,Singleplayer,Supernatural,Sexual Content,Nudity,Story Rich,Text-Based,Interactive Fiction,Hentai"
Bogos Binted?,"Jul 24, 2025",0 - 20000,0,0,3.29,40,0,"['English', 'Turkish', 'Spanish - Spain', 'Italian', 'German', 'Simplified Chinese', 'Traditional Chinese', 'Portuguese - Portugal', 'Russian', 'French', 'Japanese', 'Korean']",True,False,False,0,0,0,0,25,439,117,underbadger,"GameDev.ist,underbadger","Multi-player,PvP,Online PvP,Co-op,Online Co-op,Steam Achievements,Family Sharing","Casual,Indie,Simulation,Strategy,Early Access",
Karnage Chronicles,"Jul 31, 2020",0 - 20000,0,0,9.99,60,0,['English'],True,False,False,0,0,1128,219,48,1181,260,Nordic Trolls,Nordic Trolls,"Single-player,Multi-player,Co-op,Online Co-op,Steam Achievements,Tracked Controller Support,VR Only,Steam Trading Cards,Steam Cloud,Family Sharing","Action,Adventure,RPG","VR,Hack and Slash,Loot,RPG,Adventure,Action,Co-op,Action RPG,Co-op Campaign,Action-Adventure,Inventory Management,Fantasy,Archery,Swordplay,Dungeon Crawler,First-Person,Singleplayer,Nudity,PvE,3D"
PONE,"Oct 22, 2025",0 - 0,0,0,9.99,0,0,['English'],True,False,False,0,0,0,0,0,151,0,Graggl,Graggl,"Single-player,Multi-player,Co-op,Online Co-op,Playable without Timed Input,Stereo Sound,Family Sharing","Action,Adventure,Early Access",
Haunted Hotel: Lonely Dream,"Jan 22, 2018",0 - 20000,0,0,3.49,50,0,['English'],True,False,False,0,0,12,1,0,0,0,Special Bit,BFG Entertainment,"Single-player,Family Sharing","Adventure,Casual","Adventure,Casual,Hidden Object"
Realmcraft VR,"Jun 28, 2024",0 - 20000,0,0,9.99,0,0,"['English', 'Portuguese - Portugal', 'Russian']",True,False,False,0,0,11,2,0,0,0,Tellurion Mobile,Tellurion Mobile,"Single-player,VR Only,Family Sharing","Simulation,Early Access","VR,Sandbox,Open World Survival Craft,Open World,Voxel,Procedural Generation,Exploration,Simulation,Adventure,Survival,Crafting,3D,First-Person,Third Person,Singleplayer,RPG,Zombies,Building,Early Access"
Byte Driver,"May 28, 2019",0 - 20000,0,0,3.99,50,1,['English'],True,True,True,0,0,13,0,5,0,0,Vector Hat,Thalamus Digital,"Single-player,Steam Achievements,Partial Controller Support,Steam Cloud,Steam Leaderboards,Family Sharing","Action,Indie,Racing","Action,Racing,Indie,Arcade,Retro"
A Tale of Titans Playtest,"Oct 24, 2024",0 - 0,0,0,0.0,0,0,[],True,False,False,0,0,0,0,0,0,0,,,,,
Shellborne,"Aug 17, 2025",0 - 0,0,0,0.0,0,0,"['English', 'German']",True,False,False,0,0,0,0,21,0,0,Swarmforge Games,Swarmforge Games,"Single-player,Multi-player,Co-op,Online Co-op,Steam Achievements,Playable without Timed Input,Steam Cloud,Stats","Adventure,Casual,Indie,Free To Play",
The Gametrekking Omnibus,"Dec 5, 2022",0 - 0,0,0,0.0,0,0,['English'],True,False,False,0,0,0,0,0,0,0,Jordan Magnuson,Jordan Magnuson,Single-player,"Adventure,Casual,Free To Play,Indie,Simulation",
Skyland Defense,"Feb 7, 2019",0 - 20000,0,0,2.99,75,0,['English'],True,False,False,0,0,2,2,0,0,0,SDC Ventures,SDC Ventures,"Single-player,Multi-player,PvP,Online PvP,Co-op,Online Co-op,Tracked Controller Support,VR Supported,Steam Leaderboards,Family Sharing","Indie,Strategy,Early Access","Early Access,Strategy,Indie,VR,Tower Defense,Fantasy,Co-op,Tactical,Online Co-Op,Multiplayer,Base-Building,Action,Casual,PvE,Replay Value"
Desktop Town,"Nov 10, 2025",0 - 0,0,0,4.19,0,1,"['English', 'German', 'Simplified Chinese']",True,False,False,0,0,0,0,18,0,0,EdelErde,EdelErde,"Single-player,Steam Achievements,Custom Volume Controls,Mouse Only Option,Steam Cloud,Stats,Family Sharing","Casual,Indie",
Chiki-Chiki Playtest,"Oct 11, 2023",0 - 0,0,0,0.0,0,0,[],True,False,False,0,0,0,0,0,0,0,,,,,
Stellar Initiative,"May 27, 2024",20000 - 50000,8,0,5.99,40,0,"['English', 'French', 'German', 'Spanish - Spain', 'Japanese', 'Korean', 'Portuguese - Brazil', 'Russian', 'Simplified Chinese']",True,False,False,0,0,278,73,14,367,221,Five Head Games,Five Head Games,"Single-player,Steam Achievements,Steam Cloud,Family Sharing",Strategy,"Tower Defense,Rogue-like,Strategy,Difficult,Sci-fi,Pixel Graphics,2D,Base-Building,Mechs,Procedural Generation,Aliens,Space,Singleplayer,Building"
Hotdog Man,"Mar 20, 2019",0 - 20000,0,0,0.49,51,1,"['English', 'Japanese', 'Simplified Chinese', 'Korean', 'French', 'German', 'Russian', 'Portuguese - Portugal']",True,False,False,0,0,2,1,14,0,0,Hot Game,Hot Game,"Single-player,Steam Achievements,Family Sharing","Casual,Indie,Simulation","Indie,Casual,Nudity,Simulation,Sexual Content"
The Last Sanctuary VR,"May 29, 2017",0 - 20000,0,0,6.99,0,0,['English'],True,False,False,0,0,0,0,0,0,0,Jenei Edmond,Jenei Edmond,"Single-player,Family Sharing","Action,Indie,Simulation,Sports",
UNHALLOWED: THE CABIN,"Aug 24, 2018",0 - 20000,0,0,0.0,0,0,['English'],True,False,False,0,0,10,7,0,0,0,"Tom Adams,Craig Burgess",TREEFORT VR,"Single-player,Tracked Controller Support,VR Only","Action,Indie,Strategy","Action,Strategy,Indie,Horror,Gore,Psychological Horror,VR"
Doko Roko,"Sep 9, 2022",0 - 20000,0,0,9.99,0,1,['English'],True,True,True,0,0,10,22,20,0,0,Eric Mack,Eric Mack,"Single-player,Steam Achievements,Full controller support,Stats,Family Sharing","Action,Indie","Fantasy,Indie,Hack and Slash,Action Roguelike,Bullet Hell,Platformer,Action,2D Platformer,Swordplay,Procedural Generation,Atmospheric,2D,Pixel Graphics,Dark Fantasy,Demons,Magic,Combat,Singleplayer,Inventory Management,Side Scroller"
T-night,"Jan 1, 2024",0 - 20000,0,0,2.99,0,0,"['English', 'Russian']",True,False,False,0,0,7,0,0,0,0,Scream Game,Scream Game,"Single-player,Family Sharing","Action,Adventure,Indie","Spectacle fighter,Exploration,2D Platformer,Puzzle-Platformer,Mystery Dungeon,Puzzle,Hidden Object,Design & Illustration,Interactive Fiction,Education,Bikes,Tutorial,Platformer,Action-Adventure,2D,Top-Down,FMV,Noir,360 Video,Alternate History"
Valet Parking Not Included,"Jun 2, 2025",0 - 20000,0,0,2.99,0,0,['English'],True,False,False,0,0,0,0,0,0,0,Robots in Disguise,Robots in Disguise,"Single-player,Custom Volume Controls,Playable without Timed Input,Stereo Sound,Family Sharing","Casual,Indie,Racing,Strategy",
PANZER BALL,"Aug 15, 2020",50000 - 100000,0,0,4.99,0,0,['English'],True,False,False,0,0,1113,125,0,0,99,Oz,Oz,"Single-player,Multi-player,PvP,Online PvP,LAN PvP,Full controller support,Steam Workshop,Steam Leaderboards,Includes level editor,Family Sharing","Action,Casual,Indie,Racing","Indie,Parkour,Multiplayer,Racing,Casual,Action,3D Platformer,Physics,Fast-Paced,Competitive,Difficult,Time Attack,Precision Platformer,Adventure,Split Screen,Early Access"
Dark and Light,"Jul 20, 2017",500000 - 1000000,35,0,4.85,73,1,"['English', 'Simplified Chinese', 'Traditional Chinese', 'Russian', 'Korean', 'Spanish - Spain', 'German', 'French']",True,False,False,0,0,6133,5557,29,10525,2751,Snail Games USA,Snail Games USA,"Single-player,Multi-player,PvP,Online PvP,LAN PvP,Co-op,Online Co-op,LAN Co-op,Steam Workshop,Family Sharing","Action,Adventure,Massively Multiplayer,RPG,Simulation,Early Access","Open World,Survival,Massively Multiplayer,RPG,Sandbox,Fantasy,Adventure,Magic,MMORPG,Early Access,Open World Survival Craft,Action,Multiplayer,Dragons,Simulation,Crafting,Base-Building,Medieval,PvP,Singleplayer"
Trainpunk Run,"Mar 23, 2018",0 - 20000,0,0,3.49,0,0,"['English', 'Spanish - Spain']",True,False,False,0,0,4,4,0,0,0,Jellyworld Interactive,Jellyworld Interactive,"Single-player,Family Sharing","Action,Adventure,Casual,Indie","Action,Indie,Adventure,Casual"
Choko loco 2,"Oct 29, 2024",0 - 20000,0,0,4.99,0,0,['English'],True,False,False,0,0,0,0,0,0,0,"Jacob Waldemar Buczynski,Jinxtengu",Bizarre Wound Games,"Single-player,Family Sharing",Action,
Digimon Story Time Stranger,"Oct 2, 2025",0 - 20000,0,0,55.99,20,11,"['English', 'French', 'Italian', 'German', 'Spanish - Spain', 'Spanish - Latin America', 'Portuguese - Brazil', 'Simplified Chinese', 'Traditional Chinese', 'Japanese', 'Korean']",True,False,False,0,0,0,0,46,12570,2393,Media.Vision Inc.,Bandai Namco Entertainment Inc.,"Single-player,Steam Achievements,Full controller support,Steam Cloud,Family Sharing",RPG,
Warp Out,"Jan 28, 2021",0 - 20000,0,0,9.99,0,0,"['English', 'French', 'Spanish - Spain']",True,False,False,0,0,11,1,23,0,0,ID61,ID61,"Single-player,Steam Achievements,Tracked Controller Support,VR Only,Steam Cloud,Steam Leaderboards,Family Sharing","Action,Indie","VR,Bullet Hell,Futuristic,Action,Shoot 'Em Up,Singleplayer,Score Attack,6DOF,Linear,Adventure,Arcade,Shooter,Stylized,Sci-fi,On-Rails Shooter,Combat,PvE,Family Friendly,3D,Indie"
Heroes Project,"Mar 4, 2025",0 - 20000,0,0,4.99,0,0,"['English', 'Polish', 'Russian']",True,False,False,0,0,4,0,0,0,0,Heroes Project by Robert Tamioła,Steam,"Single-player,Multi-player,PvP,Shared/Split Screen PvP,Co-op,Shared/Split Screen Co-op,Shared/Split Screen,Remote Play Together,Family Sharing","Indie,RPG,Strategy,Early Access","Early Access,Strategy,Turn-Based Strategy,Tactical RPG,Turn-Based Tactics,2D,Cartoony,Hand-drawn,Isometric,Stylized,Dark Fantasy,Dark Humor,Fantasy,Logic,Magic,Old School,Political,Tactical,Base-Building,Choices Matter"
SONAR Home Studio,"Dec 1, 2016",0 - 20000,1,0,0.0,0,0,"['English', 'French', 'Italian', 'German', 'Spanish - Spain', 'Japanese', 'Portuguese - Brazil', 'Simplified Chinese', 'Russian']",True,False,False,0,0,17,13,0,0,1157,Cakewalk,Cakewalk,,Audio Production,Audio Production
Funny Volleyball,"Apr 17, 2025",0 - 20000,0,0,0.49,0,0,"['English', 'Bulgarian', 'Russian']",True,False,False,0,0,10,0,0,0,0,Mattone Studio,Mattone Studio,"Single-player,Multi-player,PvP,Shared/Split Screen PvP,Shared/Split Screen,Partial Controller Support,Remote Play Together,Family Sharing","Casual,Sports","Casual,Sports,Arcade,2.5D,Stylized,PvP,Singleplayer,Local Multiplayer,Funny,Volleyball"
Abyss Odyssey,"Jul 15, 2014",200000 - 500000,0,13,2.99,80,1,"['English', 'French', 'Italian', 'German', 'Spanish - Spain']",True,False,False,69,0,1576,937,17,1263,283,ACE Team,SEGA,"Single-player,Multi-player,PvP,Online PvP,Shared/Split Screen PvP,Co-op,Online Co-op,Shared/Split Screen Co-op,Shared/Split Screen,Steam Achievements,Full controller support,Steam Trading Cards,Steam Cloud,Steam Leaderboards,Remote Play on TV,Remote Play Together,Family Sharing","Action,Adventure,Indie","Action,Action Roguelike,Roguevania,Platformer,Indie,Adventure,Side Scroller,Co-op,Female Protagonist,Rogue-like,Metroidvania,2D,Beat 'em up,Local Co-Op,Hack and Slash,Fighting,Fantasy,Rogue-lite,RPG,Singleplayer"
Wolf Attack,"Sep 6, 2021",0 - 20000,0,0,9.99,0,0,['English'],True,False,False,0,0,7,2,0,0,0,TOMATOVR,TOMATOVR,"Single-player,Multi-player,PvP,Online PvP,Tracked Controller Support,VR Only,Family Sharing","Action,Casual,Indie","Action,Casual,Arcade,Shooter,Tower Defense,FPS,Arena Shooter,3D,Cartoon,Colorful,Cute,VR,First-Person,Archery,Funny,Tactical,PvP,Combat,Score Attack,Multiplayer"
The Frost,"May 16, 2017",0 - 20000,0,17,0.99,0,0,['English'],True,False,False,0,0,9,18,0,0,0,Tephra Company,Tephra,"Single-player,Family Sharing","Violent,Gore,Adventure,Indie,Early Access","Indie,Gore,Violent,Early Access,Adventure"
1971 Playtest,"Sep 4, 2024",0 - 0,0,0,0.0,0,0,[],True,False,False,0,0,0,0,91,0,0,,,,,
Heart in the Cell: Rebirth,"Sep 20, 2025",0 - 20000,0,0,2.99,0,0,"['Simplified Chinese', 'English']",True,False,False,0,0,7,1,0,0,0,Team Gingerbread Man,Team Gingerbread Man,"Single-player,Family Sharing",Strategy,"Strategy,Early Access"
Vinylove,"Sep 9, 2018",0 - 20000,0,0,1.99,0,0,['English'],True,False,False,0,0,10,8,10,0,0,Space Banana Studio,Space Banana Studio,"Single-player,Steam Achievements,Partial Controller Support,Family Sharing","Adventure,Casual,Indie,Simulation,Early Access","Casual,Adventure,Indie,Early Access,Simulation"
Cubey Quarry,"Feb 14, 2025",0 - 0,0,0,0.0,0,0,['English'],True,False,False,0,0,0,0,4,0,0,Jorran,Jorran,"Single-player,Multi-player,Co-op,Online Co-op,Steam Achievements","Casual,Free To Play",
人品大冒险,"Dec 2, 2022",0 - 20000,0,0,3.0,0,0,['Simplified Chinese'],True,False,False,0,0,0,0,15,0,0,The Pumpkin Studio,The Pumpkin Studio,"Single-player,Family Sharing","Adventure,Casual,Indie,Early Access",
Virus Blast,"Jun 5, 2020",0 - 20000,0,0,0.0,0,0,['English'],True,False,False,0,0,17,3,61,0,0,Rooftop Dog,Rooftop Dog,"Single-player,Steam Achievements,Steam Leaderboards","Action,Casual,Indie,Free To Play","Action,Indie,Difficult,Replay Value,Procedural Generation,Casual,Physics,Arcade,Singleplayer,Third Person,3D Platformer,Cartoony,3D,Shooter,Runner,Sci-fi"
ALEON's Nightmare 2,"Oct 25, 2023",0 - 20000,0,0,3.99,20,0,['English'],True,False,False,0,0,2,2,7,0,0,eniscoskun,eniscoskun,"Single-player,Steam Achievements,Steam Cloud,Family Sharing","Adventure,Indie","Horror,Psychological Horror,Action,Dark,Psychological,Female Protagonist,Walking Simulator,FPS,3D,Survival Horror,Action-Adventure,First-Person,Realistic,Atmospheric,Sci-fi,Dystopian,Supernatural,Old School,Surreal,Mystery"
Knock & Run,"May 17, 2023",0 - 0,0,0,0.0,0,0,['English'],True,False,False,0,0,0,0,1,0,0,Elenby,Elenby,"Multi-player,PvP,Shared/Split Screen PvP,Shared/Split Screen,Steam Achievements,Full controller support,Remote Play Together","Action,Casual,Free To Play,Indie",
Bundle of Joy,"Mar 25, 2025",0 - 20000,0,0,6.99,0,0,['English'],True,True,False,0,0,20,0,23,0,0,Essay Games,Essay Games,"Single-player,Steam Achievements,Full controller support,Family Sharing","Indie,Simulation","Emotional,Quick-Time Events,Story Rich,Life Sim,Choose Your Own Adventure,Dynamic Narration,Simulation,Singleplayer,Cute,Funny,Linear,Cartoony,Colorful,Hand-drawn,Stylized,Indie,Family Friendly,Education,Interactive Fiction,Abstract"
DreamPlan,"Apr 21, 2017",0 - 20000,0,0,25.99,35,0,['English'],True,False,False,0,0,8,0,0,0,0,NCH Software,NCH Software,,"Animation & Modeling,Design & Illustration","Design & Illustration,Animation & Modeling"
Path of Sin: Greed,"Aug 30, 2018",50000 - 100000,1,0,4.49,70,0,"['English', 'French', 'Italian', 'German', 'Japanese', 'Korean', 'Polish', 'Russian', 'Simplified Chinese']",True,True,True,0,0,241,32,16,179,299,Cordelia Games,Artifex Mundi,"Single-player,Steam Achievements,Steam Trading Cards,Steam Cloud,Family Sharing","Adventure,Casual","Casual,Adventure,Hidden Object,Point & Click,Detective,2D,Mystery,Female Protagonist,Story Rich,Atmospheric"
London Museum Of Water & Steam,"Aug 8, 2018",0 - 20000,0,0,0.0,0,0,['English'],True,False,False,0,0,14,1,0,0,0,ThinQ Digital Media Limited,ThinQ Digital Media Limited,"Tracked Controller Support,VR Only",Education,"Education,VR"
Star Advent,"Mar 10, 2018",20000 - 50000,1,0,0.49,51,1,['English'],True,False,False,0,0,98,60,5000,112,2,Maraby,KuKo,"Single-player,Steam Achievements,Family Sharing","Action,Adventure,Indie","Indie,Action,Adventure"
Noctem,"Jul 1, 2022",0 - 20000,0,0,0.89,85,0,"['English', 'Greek']",True,False,False,0,0,33,14,11,0,0,Dreamtale Studio,Dreamtale Studio,"Single-player,Family Sharing","Action,Adventure,Indie","Adventure,Indie,Action,Horror,Psychological Horror,First-Person,Puzzle,Aliens,Lovecraftian,Female Protagonist,Drama,Walking Simulator,Mystery,Dark,Singleplayer,Realistic,Atmospheric,Survival Horror,Exploration,Story Rich"
Wildgate Community Preview,"Mar 10, 2025",0 - 0,0,0,0.0,0,0,[],True,False,False,0,0,0,0,0,0,0,,,Full controller support,,
Dream Golf VR,"Nov 3, 2017",0 - 20000,0,0,0.0,0,4,['English'],True,False,False,0,0,105,35,180,0,59,Isaac Stearns,Isaac Stearns,"Single-player,Steam Achievements,Tracked Controller Support,VR Only,Steam Cloud,Stats,Steam Leaderboards","Casual,Indie,Sports,Free To Play","Free to Play,VR,Mini Golf,Golf,Realistic,Casual,Sports,Arcade,Indie,Adventure,Futuristic,Exploration,3D Platformer,Choose Your Own Adventure,Puzzle-Platformer,Fantasy,Atmospheric,Family Friendly,Logic,Modern"
The Luffeltera Renovator,"Oct 5, 2021",0 - 20000,2,0,4.19,40,0,"['Japanese', 'Simplified Chinese', 'Traditional Chinese']",True,False,False,0,0,14,10,0,0,0,Inu to Neko,Starship Studio,"Single-player,Family Sharing","Adventure,Casual,Indie,RPG,Simulation,Strategy","Strategy,Adventure,RPG,Casual,Simulation,City Builder,Point & Click,JRPG,Strategy RPG,Visual Novel,Puzzle,Exploration,Collectathon,Dungeon Crawler,2D,Pixel Graphics,Anime,Colorful,Retro,Building"
Art-Therapy: Portraits,"Apr 6, 2023",0 - 20000,0,0,0.99,50,4,"['English', 'Italian', 'German', 'Spanish - Spain', 'Russian', 'Ukrainian', 'Tatar', 'French', 'Portuguese - Portugal']",True,False,False,0,0,4,0,6,0,0,S1im Software,S1im Software,"Single-player,Steam Achievements,Steam Cloud,Family Sharing",Casual,"Casual,Point & Click,Puzzle,2D,Cute,Colorful,Logic,Relaxing,Singleplayer"
Domestic Cat,"Dec 3, 2025",0 - 0,0,0,9.99,0,0,['English'],True,False,False,0,0,0,0,0,0,0,13th Sage,13th Sage,"Single-player,Full controller support,Family Sharing","Casual,Indie",
忘川游RiverLife,"Mar 23, 2024",0 - 20000,0,0,1.99,0,0,['Simplified Chinese'],True,False,False,0,0,6,0,0,0,0,面包店的面包,面包店的面包,"Single-player,Family Sharing","Indie,RPG","Interactive Fiction,Dating Sim,Visual Novel,RPG,Anime,Cartoon,Cute,Drama,Psychological,Mystery,Emotional,Lore-Rich,Romance,Surreal,Story Rich,Female Protagonist,Singleplayer,Indie"
Beautiful Feet Cabin,"Apr 24, 2020",0 - 20000,0,0,1.99,60,0,"['English', 'Simplified Chinese']",True,False,False,0,0,89,63,0,128,22,MAGame,MAGame,"Single-player,Family Sharing","Indie,RPG,Simulation","Simulation,Indie,RPG,Sexual Content,Casual,Nudity,Strategy,Mature"
Tabletop Warriors,"Jun 3, 2023",0 - 20000,0,0,14.99,0,0,['English'],True,False,False,0,0,2,3,0,0,0,Mad Goblin Games,Mad Goblin Games,"Multi-player,Co-op,Online Co-op,Tracked Controller Support,VR Only,Family Sharing","Indie,RPG,Early Access","RPG,Dungeon Crawler,Tabletop,VR,Board Game,Fantasy,Class-Based,Grid-Based Movement,Adventure,Early Access,Indie,Multiplayer,Online Co-Op,Immersive,Co-op"
A Home Below Playtest,"May 8, 2025",0 - 0,0,0,0.0,0,0,[],True,False,False,0,0,0,0,0,0,0,,,,,
Dooms Hair Salon,"Mar 24, 2025",0 - 20000,2,0,4.99,50,0,"['English', 'French', 'German', 'Spanish - Spain', 'Indonesian', 'Japanese', 'Korean', 'Portuguese - Brazil', 'Russian', 'Simplified Chinese', 'Traditional Chinese', 'Ukrainian', 'Vietnamese', 'Italian', 'Dutch', 'Norwegian', 'Danish', 'Romanian', 'Swedish', 'Arabic', 'Czech', 'Thai', 'Turkish', 'Polish', 'Finnish', 'Hungarian']",True,False,False,0,0,54,5,23,0,110,Slimebox,Slimebox,"Single-player,Multi-player,Co-op,Online Co-op,Steam Achievements,Custom Volume Controls,Playable without Timed Input,Save Anytime,Stereo Sound,Steam Cloud,Family Sharing","Adventure,Casual,Indie,Simulation","Simulation,Comedy,Funny,Life Sim,Multiplayer,Co-op,Immersive Sim,Management,Casual,Online Co-Op,First-Person,Inventory Management,Modern,Local Multiplayer,Local Co-Op,Adventure,3D,Building,Singleplayer,Indie"
Cube Shifter,"Aug 14, 2020",0 - 20000,0,0,0.99,0,0,['English'],True,False,False,0,0,6,2,25,0,0,Ben Phillips,Ben Phillips,"Single-player,Steam Achievements,Steam Cloud,Steam Leaderboards,Family Sharing","Action,Indie","Action,Singleplayer,Action-Adventure,Runner,3D Platformer,3D,Third Person,Parkour,Indie,Atmospheric,Character Customization,Procedural Generation"
The Aether: Life as a God,"Dec 18, 2018",0 - 20000,0,0,2.99,25,0,['English'],True,True,True,0,0,28,7,20,0,0,Hosted Games,Hosted Games,"Single-player,Steam Achievements,Captions available,Steam Cloud,Family Sharing","Adventure,Indie,RPG","Indie,Adventure,RPG,Text-Based"
The Howler,"Jul 3, 2014",200000 - 500000,0,0,0.0,0,0,['English'],True,False,False,0,0,1631,468,0,1704,154,"Antanas Marcelionis,Renė Petrulienė",Antanas Marcelionis,"Single-player,Steam Trading Cards","Casual,Indie,Simulation,Strategy","Indie,Casual,Steampunk,Puzzle,Strategy,2D,Simulation,Atmospheric,Singleplayer,Hand-drawn,Platformer,Difficult,Arcade,Physics,Short,Voice Control,Funny,Great Soundtrack,Shoot 'Em Up,Sandbox"
Toufra,"Aug 28, 2023",50000 - 100000,0,0,3.99,0,0,['English'],True,False,False,0,0,3,0,0,0,0,"Woziwodsky Tomas,Bachraty Marian",Woziwodsky Tomas,"Single-player,Family Sharing","Action,Adventure,Indie","Action,Precision Platformer,3D Platformer,Singleplayer,Dark Fantasy,Score Attack,Parkour,PvE,Minimalist,Stylized,Gun Customization,First-Person,3D,Fantasy,Nonlinear,Futuristic,Runner,Physics,Relaxing,FPS"
Traffic Chase,"Sep 21, 2021",0 - 20000,0,0,4.99,0,0,['English'],True,False,False,0,0,6,1,10,0,0,Digital Mind,Digital Mind,"Single-player,Family Sharing","Action,Indie,Racing,Simulation,Sports,Early Access","Racing,3D,Action,Sports,Driving,Controller,Physics,Singleplayer,Indie,Early Access,Simulation,Arcade,Artificial Intelligence,Automobile Sim"
Path of Hero. Story of Dartes,"Jul 26, 2024",50000 - 100000,0,0,4.99,0,0,"['Russian', 'English', 'Japanese', 'Traditional Chinese']",True,False,False,0,0,11,0,0,0,0,ZTS studio,ZTS studio,"Single-player,Family Sharing","Adventure,Indie,RPG","RPG,JRPG,Exploration,CRPG,Dungeon Crawler,Turn-Based Tactics,Tactical RPG,2D,Anime,Top-Down,Pixel Graphics,1990's,Atmospheric,Old School,Funny,Medieval,Tactical,Fantasy,Comedy,Combat"
Horizon Shift '81,"Jun 11, 2019",0 - 20000,0,0,2.24,75,0,"['English', 'French', 'Italian', 'German', 'Spanish - Spain', 'Portuguese - Portugal', 'Russian']",True,True,False,0,0,16,1,8,0,0,Flump Studios,Funbox Media Ltd,"Single-player,Steam Achievements,Full controller support,Steam Leaderboards,Family Sharing",Indie,"Indie,Shoot 'Em Up,Arcade,Shooter,Casual,Space,Retro"
Futuridium EP Deluxe,"Jan 7, 2016",20000 - 50000,0,0,1.99,80,1,"['English', 'Japanese']",True,True,True,0,0,17,6,13,0,4,MixedBag Srl,PLAYISM,"Single-player,Steam Achievements,Full controller support,Steam Trading Cards,Steam Cloud,Stats,Steam Leaderboards,Remote Play on TV,Family Sharing","Action,Indie","FPS,Spectacle fighter,Shoot 'Em Up,Flight,Shooter,Arcade,3D Vision,Third Person,First-Person,Action,Casual,Colorful,Sci-fi,Fantasy,Space,Psychedelic,Atmospheric,Illuminati,Singleplayer,Indie"
Toast The Ghost,"Oct 13, 2022",0 - 20000,0,0,1.99,0,0,['English'],True,False,False,0,0,2,0,22,0,0,Chris Hexter,Chris Hexter,"Single-player,Steam Achievements,Full controller support,Family Sharing","Action,Casual","2D Platformer,Platformer,Action,Retro,1990's,Casual,Supernatural,Family Friendly,Pixel Graphics,Score Attack,Mystery Dungeon,Hunting,Side Scroller,Parkour,Arcade,2D,Cute,Controller,Combat,Singleplayer"
Pixel Starships,"May 23, 2023",500000 - 1000000,163,0,0.0,0,0,"['English', 'French', 'German', 'Japanese', 'Korean', 'Simplified Chinese', 'Italian', 'Dutch', 'Polish', 'Russian', 'Turkish', 'Spanish - Spain', 'Thai', 'Traditional Chinese', 'Portuguese - Portugal', 'Portuguese - Brazil', 'Vietnamese']",True,True,True,0,0,2008,724,54,0,486,SavySoda,SavySoda,"Single-player,Multi-player,MMO,PvP,Online PvP,Co-op,Online Co-op,Cross-Platform Multiplayer,Steam Achievements,Captions available,In-App Purchases,Partial Controller Support,Stats,Includes level editor","Casual,Indie,Massively Multiplayer,RPG,Simulation,Strategy,Free To Play","Sci-fi,Space,Strategy,Pixel Graphics,Base-Building,Massively Multiplayer,Rogue-like,2D,Building,4X,Free to Play,Multiplayer,Anime,Wargame,Turn-Based Tactics,RPG,Simulation,Exploration,Turn-Based Strategy,Sandbox"
Island of Aito,"May 9, 2022",0 - 20000,0,0,1.19,80,1,['English'],True,False,True,0,0,13,1,26,0,0,Nevan Games,Nevan Entertainment Ltd,"Single-player,Steam Achievements,Partial Controller Support,Steam Cloud,Family Sharing","Casual,Simulation,Strategy","Survival,Casual,Strategy,Anime,Choices Matter,Multiple Endings,Comedy,Dating Sim,Choose Your Own Adventure,Hand-drawn,Point & Click,Funny,Dark Humor,Romance,Singleplayer,Simulation,Resource Management,Inventory Management,Difficult,Visual Novel"
Brick Breaker Premium 3,"Jun 22, 2018",0 - 20000,0,0,0.79,20,0,['English'],True,False,True,0,0,1,2,0,0,0,LoadUpGames.com,LoadUpGames.com,"Single-player,Partial Controller Support,Family Sharing","Action,Indie","Arcade,Retro,1980s,Old School,Pixel Graphics,2D,Action,Family Friendly,Tabletop,Singleplayer,Colorful,Modern,Controller,Casual,Indie"
What if George Washington was a Girl?,"Aug 12, 2022",0 - 0,0,0,0.0,0,0,['English'],True,False,False,0,0,0,0,9,0,0,echomune,echomune,"Single-player,Steam Achievements,Steam Cloud","Casual,Free To Play,Indie",
Fantasy Mosaics 25: Wedding Ceremony,"Mar 14, 2018",0 - 20000,0,0,2.09,70,0,['English'],True,False,False,0,0,4,0,0,0,0,Andy Jurko,Andy Jurko,"Single-player,Family Sharing","Casual,Indie,Strategy","Casual,Strategy,Indie"
BRAIN QUIZ,"Sep 24, 2023",0 - 20000,0,0,6.99,0,0,"['English', 'French']",True,False,False,0,0,0,0,0,0,0,Ange Ruiz,Howling Wolf interactive,"Single-player,Family Sharing","Indie,Simulation",
The Guard,"Feb 28, 2023",0 - 20000,0,0,0.49,51,0,['English'],True,False,False,0,0,63,40,0,111,0,STuNT,STuNT,"Single-player,Family Sharing","Action,Adventure,Indie,Simulation","Adventure,Simulation,Horror,Walking Simulator,Exploration,Hidden Object,First-Person,3D,Indie,Atmospheric,Dark,Action,Multiplayer,Singleplayer,PvE"
Hentai Stepsis,"Jan 2, 2026",0 - 0,0,0,0.59,0,0,"['English', 'French', 'Italian', 'German', 'Spanish - Spain', 'Arabic', 'Bulgarian', 'Czech', 'Danish', 'Dutch', 'Finnish', 'Greek', 'Hungarian', 'Indonesian', 'Japanese', 'Korean', 'Norwegian', 'Polish', 'Portuguese - Brazil', 'Portuguese - Portugal', 'Romanian', 'Russian', 'Simplified Chinese', 'Spanish - Latin America', 'Swedish', 'Thai', 'Traditional Chinese', 'Turkish', 'Ukrainian', 'Vietnamese', 'Afrikaans', 'Albanian', 'Amharic', 'Armenian', 'Assamese', 'Azerbaijani', 'Bangla', 'Basque', 'Belarusian', 'Bosnian', 'Catalan', 'Cherokee', 'Croatian', 'Dari', 'Estonian', 'Filipino', 'Galician', 'Georgian', 'Gujarati', 'Hausa', 'Hebrew', 'Hindi', 'Icelandic', 'Igbo', 'Irish', K'iche', 'Kannada', 'Kazakh', 'Khmer', 'Kinyarwanda', 'Konkani', 'Kyrgyz', 'Latvian', 'Lithuanian', 'Luxembourgish', 'Macedonian', 'Malay', 'Malayalam', 'Maltese', 'Maori', 'Marathi', 'Mongolian', 'Nepali', 'Odia', 'Persian', 'Punjabi (Gurmukhi)', 'Punjabi (Shahmukhi)', 'Quechua', 'Scots', 'Serbian', 'Sindhi', 'Sinhala', 'Slovak', 'Slovenian', 'Sorani', 'Sotho', 'Swahili', 'Tajik', 'Tamil', 'Tatar', 'Telugu', 'Tigrinya', 'Tswana', 'Turkmen', 'Urdu', 'Uyghur', 'Uzbek', 'Valencian', 'Welsh', 'Wolof', 'Xhosa', 'Yoruba', 'Zulu']",True,False,False,0,0,0,0,0,0,0,Boom 18,Boom 18,"Single-player,Family Sharing","Casual,Indie,Simulation,Early Access",
PATHOS,"Dec 5, 2017",0 - 20000,0,0,0.0,0,1,['English'],True,True,True,0,0,35,6,41,0,27,The Brofessionals,,"Single-player,Steam Achievements,Full controller support,Steam Cloud,Stats","Casual,Indie","Sokoban,Puzzle,Difficult,2D,Relaxing,Story Rich,Casual,Colorful,Pixel Graphics,Logic,Atmospheric,Singleplayer,Crowdfunded,Indie,Great Soundtrack"
Super Hamster Ball,"Nov 24, 2022",0 - 20000,0,0,1.19,0,0,"['English', 'Spanish - Spain', 'Japanese', 'Korean', 'Simplified Chinese', 'Traditional Chinese']",True,False,False,0,0,6,0,17,0,0,IKINAGAMES,IKINAGAMES,"Single-player,Steam Achievements,Full controller support,Steam Leaderboards,Family Sharing",Casual,"Casual,Arcade,Puzzle,2D Platformer,Puzzle-Platformer,2D,Cute,Pixel Graphics,1990's,Retro,Controller,Singleplayer"
Last Days of Lazarus,"Jun 22, 2022",0 - 20000,0,0,3.74,75,0,['English'],True,False,False,0,0,143,18,37,151,0,"Darkania Works,GrimTalin",GrimTalin,"Single-player,Steam Achievements,Full controller support,Steam Trading Cards,Steam Cloud,Family Sharing","Adventure,Indie","Dark,Adventure,Mystery,Exploration,Thriller,Walking Simulator,Story Rich,3D,Interactive Fiction,First-Person,Horror,Narrative,Linear,Supernatural,Politics,Singleplayer,Demons,Atmospheric,Drama,Cinematic"
Grimoire Groves Playtest,"Jan 15, 2025",0 - 0,0,0,0.0,0,0,[],True,False,False,0,0,0,0,0,0,0,,,,,
Gloomy Village,"Nov 30, 2023",0 - 20000,0,0,1.24,75,0,"['English', 'French', 'Simplified Chinese', 'Russian', 'Turkish', 'Japanese']",True,False,False,0,0,0,0,18,0,0,Sancta Maledicta,Sancta Maledicta,"Single-player,Steam Achievements,Family Sharing","Action,Adventure,Indie",
When Ski Lifts Go Wrong,"Jan 23, 2019",50000 - 100000,1,0,1.49,90,1,"['English', 'French', 'German', 'Spanish - Spain', 'Japanese', 'Russian', 'Simplified Chinese', 'Portuguese - Brazil', 'Korean', 'Polish']",True,True,False,80,0,736,111,40,509,394,Hugecalf Studios,Curve Games,"Single-player,Steam Achievements,Steam Trading Cards,Steam Workshop,Stats,Steam Leaderboards,Includes level editor,Family Sharing","Casual,Indie,Simulation,Sports","Simulation,Indie,Building,Casual,Physics,Sandbox,Funny,Puzzle,Sports,Skiing,Level Editor,2D,Early Access,Colorful,Singleplayer,Multiplayer,Snow"
Hentai Mermaid Sirena,"Jun 12, 2025",0 - 20000,0,0,0.49,51,0,"['English', 'French', 'Italian', 'German', 'Spanish - Spain', 'Bulgarian', 'Vietnamese', 'Greek', 'Danish', 'Simplified Chinese', 'Traditional Chinese', 'Korean', 'Norwegian', 'Dutch', 'Polish', 'Portuguese - Brazil', 'Portuguese - Portugal', 'Russian', 'Romanian', 'Thai', 'Turkish', 'Ukrainian', 'Finnish', 'Czech', 'Swedish', 'Japanese', 'Indonesian', 'Spanish - Latin America']",True,False,False,0,0,0,0,30,0,0,Cyber Keks,Cyber Keks,"Single-player,Steam Achievements,Steam Cloud,Family Sharing","Casual,Indie",
Potions!,"Dec 4, 2022",20000 - 50000,0,0,3.99,0,0,['English'],True,False,False,0,0,6,0,0,0,0,Rockwell Studios,Rockwell Studios,"Single-player,Family Sharing",Indie,"2D,Time Management,Pixel Graphics,Colorful,Fantasy,Magic,Physics,Retro,Cooking,Casual,Atmospheric,Capitalism,Strategy,Crafting,Management,Family Friendly,Medieval,Old School,Bullet Time,Singleplayer"
The Candy Adventure,"Aug 28, 2024",0 - 20000,0,0,1.99,0,0,"['English', 'German', 'Simplified Chinese', 'Portuguese - Brazil']",True,False,False,0,0,13,0,0,0,0,Patrick Aroha Velasco Borges,Aroha Studio,"Single-player,Multi-player,Co-op,Online Co-op,Family Sharing","Adventure,Casual,Indie","Adventure,Online Co-Op,Casual,Singleplayer,Platformer,3D Platformer,Parkour,Third Person,Funny,2.5D,2D Platformer,Colorful,PvE,3D,Cartoony,Fantasy,Relaxing,Quick-Time Events,Logic,Physics"
Mad Age & This Guy,"Oct 24, 2017",20000 - 50000,0,0,1.14,77,0,"['English', 'Spanish - Spain', 'Simplified Chinese', 'Polish', 'Russian', 'Ukrainian']",True,False,False,0,0,99,22,36,106,18,Atomic Wolf,Atomic Wolf,"Single-player,Steam Achievements,Full controller support,Steam Cloud,Family Sharing","Action,Casual,Indie","Indie,Action,Casual,Pixel Graphics,Singleplayer,Puzzle,Sokoban"
Zombie Panic In Wonderland DX,"Nov 6, 2019",0 - 20000,0,0,9.99,0,1,"['English', 'French', 'Spanish - Spain', 'Japanese']",True,False,False,0,0,25,4,6,0,0,Akaoni Studio,Akaoni Studio,"Single-player,Multi-player,PvP,Shared/Split Screen PvP,Co-op,Shared/Split Screen Co-op,Shared/Split Screen,Steam Achievements,Full controller support,Remote Play Together,Family Sharing","Action,Adventure,Casual,Indie","Action,Indie,Adventure,Casual,Anime,On-Rails Shooter,Zombies,Shooter"
Kehra,"Dec 1, 2021",0 - 20000,0,0,4.99,0,0,['English'],True,False,False,0,0,0,0,0,0,0,Anomateri,Anomateri,"Single-player,Family Sharing","Indie,Simulation,Strategy,Early Access",
The Warrior Of Treasures,"Jan 3, 2018",0 - 20000,0,0,0.49,51,0,['English'],True,False,False,0,0,31,16,0,0,0,VS Resolution,My Way Games,"Single-player,Family Sharing","Action,Adventure,Indie","Action,Adventure,Indie"
Mytho Duel,"Nov 4, 2024",0 - 20000,0,0,0.49,51,0,['English'],True,False,False,0,0,2,0,0,0,0,Xeip Games,Xeip Games,"Single-player,Family Sharing","Casual,Indie,Strategy","Casual,Strategy,Card Game,Turn-Based Strategy,Tabletop,Indie,Card Battler,Collectathon,Trading Card Game,Abstract,Fantasy,Tactical,PvE,Deckbuilding,Singleplayer,RPGMaker"
Subject 264,"Dec 12, 2018",0 - 20000,0,0,0.69,86,0,"['English', 'French']",True,False,False,0,0,20,3,15,0,0,Virtual Guys,Virtual Guys,"Single-player,Steam Achievements,Tracked Controller Support,VR Only,Steam Trading Cards,Steam Cloud,Family Sharing","Adventure,Indie","Adventure,Indie,Gore,Violent,Puzzle,VR,Psychological Horror,Atmospheric,Horror,Story Rich,Lore-Rich,Great Soundtrack,First-Person,Singleplayer,Kickstarter"
Spiritmorph,"Jun 17, 2024",0 - 20000,0,0,19.99,0,0,['English'],True,False,False,0,0,0,0,0,0,0,Vorrento Studios,Vorrento Studios,"Single-player,Family Sharing","RPG,Simulation,Early Access",
LANDNAV,"Nov 28, 2023",0 - 20000,1,0,24.99,0,0,['English'],True,False,False,0,0,32,1,0,0,0,A. Javor,Independent,"Single-player,Family Sharing",Simulation,"Simulation,Exploration,Immersive Sim,First-Person,Realistic,Third Person,Nature,Relaxing,Survival,Open World,Singleplayer,Action-Adventure,Adventure"
Survive in Angaria 2,"Aug 21, 2018",100000 - 200000,0,0,0.79,0,0,['English'],True,False,False,0,0,7,13,0,0,0,Cloaz Studio,Cloaz Studio,"Single-player,Partial Controller Support,Family Sharing","Adventure,Casual,Indie,RPG","RPG,Indie,Casual,Adventure"
Into the Void,"Dec 4, 2015",20000 - 50000,0,0,0.77,61,0,"['English', 'Russian']",True,True,True,0,0,84,51,19,0,339,Mozg Labs,Mozg Labs,"Single-player,Steam Achievements,Steam Trading Cards,Family Sharing","Adventure,Indie,RPG,Strategy","Strategy,Adventure,Space,RPG,Indie,Turn-Based,4X,Singleplayer,Tactical,Exploration,Turn-Based Tactics,Tactical RPG,6DOF"
Yandere Goddess: A Snatch Made in Heaven,"Aug 12, 2022",0 - 20000,0,0,6.49,0,0,"['English', 'Spanish - Spain', 'Spanish - Latin America', 'Simplified Chinese', 'Traditional Chinese']",True,True,True,0,0,0,0,10,0,0,Norn,Cherry Kiss Games,"Single-player,Steam Achievements,Full controller support,Steam Cloud,Family Sharing",Casual,
Brief Battles,"May 7, 2019",0 - 20000,0,0,2.24,88,0,"['English', 'French', 'Italian', 'German', 'Spanish - Spain']",True,False,False,0,0,16,2,41,0,0,Juicy Cupcake,Juicy Cupcake,"Single-player,Multi-player,PvP,Shared/Split Screen PvP,Co-op,Shared/Split Screen Co-op,Shared/Split Screen,Steam Achievements,Full controller support,Steam Cloud,Remote Play on TV,Remote Play Together,Family Sharing","Action,Casual,Indie","Indie,Casual,Action,Funny,Fighting,Local Co-Op,4 Player Local,Local Multiplayer,Cute,Family Friendly,Co-op"
MightyIronBall,"Dec 28, 2017",0 - 20000,0,0,0.99,0,0,"['English', 'French', 'Spanish - Spain']",True,True,False,0,0,3,0,0,0,0,Achisoft,Achisoft,"Single-player,Stats,Family Sharing","Action,Casual,Indie","Action,Indie,Casual,Platformer"
Battle Worlds: Kronos,"Nov 4, 2013",20000 - 50000,2,0,4.99,75,0,"['English', 'French', 'Italian', 'German', 'Spanish - Spain', 'Polish', 'Russian']",True,True,True,71,0,207,102,39,243,246,KING Art,"KING Art,THQ Nordic","Single-player,Multi-player,Cross-Platform Multiplayer,Steam Achievements,Steam Trading Cards,Includes level editor,Family Sharing",Strategy,"Strategy,Turn-Based Strategy,Turn-Based,Sci-fi,Kickstarter,Multiplayer,Indie,Singleplayer,Hex Grid,Asynchronous Multiplayer,Tactical,Turn-Based Tactics"
Back to the Future: The Game,"Dec 23, 2010",500000 - 1000000,1,0,0.0,0,0,"['English', 'German']",True,True,False,74,0,2052,271,0,1270,194,Telltale Games,Telltale Games,"Single-player,Family Sharing",Adventure,"Adventure,Point & Click,Puzzle,Comedy,Funny,Singleplayer,Time Travel,Episodic,Story Rich,Retro,Classic,Cult Classic,Sci-fi,Escape Room,Third Person"
Max Payne,"Jan 6, 2011",1000000 - 2000000,43,17,3.49,0,0,['English'],True,False,False,89,0,13072,1581,0,12082,277,Remedy Entertainment,Rockstar Games,"Single-player,Family Sharing",Action,"Action,Noir,Classic,Third-Person Shooter,Bullet Time,Story Rich,Atmospheric,Dark,Third Person,Singleplayer,Shooter,Great Soundtrack,Detective,Crime,Linear,Violent,Cinematic,Adventure,Psychological Horror,Horror"
Galaxy of Drones,"Aug 1, 2017",20000 - 50000,0,0,2.99,0,0,['English'],True,True,True,0,0,0,7,21,0,0,Koodilab,Koodilab,"Single-player,Steam Achievements,Steam Cloud,Family Sharing","Indie,Strategy","Strategy,Indie,Tower Defense,Sci-fi,Turn-Based,Turn-Based Strategy"
3d Bridges,"Mar 23, 2015",0 - 20000,0,0,3.99,0,0,"['English', 'German']",True,False,False,0,0,10,17,0,0,59,Robert Dahlenburg,Dahlenburg,"Single-player,Family Sharing",Simulation,"Simulation,Building,Physics,Indie,Sandbox"
Agents of Mayhem,"Aug 15, 2017",500000 - 1000000,3,0,1.49,95,10,"['English', 'French', 'Italian', 'German', 'Spanish - Spain', 'Polish', 'Korean', 'Portuguese - Brazil', 'Russian', 'Japanese']",True,False,False,68,0,2781,1970,49,3211,1011,Deep Silver Volition,Deep Silver,"Single-player,Steam Achievements,Full controller support,Steam Trading Cards,Captions available,Steam Cloud,Remote Play on TV,Family Sharing",Action,"Action,Open World,Third Person,Singleplayer,Comedy,Funny,Third-Person Shooter,Shooter,Sexual Content,Adventure,Superhero,Violent,Female Protagonist,Sci-fi,Memes,Sandbox,Cyberpunk,Atmospheric,Multiplayer,Psychological Horror"
Trainspotting Simulator,"Apr 30, 2019",20000 - 50000,0,0,1.99,0,0,['English'],True,False,False,0,0,3,0,8,0,0,Rocket Monster Games,Rocket Monster Games,"Single-player,Steam Achievements,Stats,Steam Leaderboards,Family Sharing","Casual,Indie,Simulation,Strategy","Casual,Indie,Simulation,Strategy"
10mg: SNAAAK,"Oct 19, 2020",0 - 20000,0,0,1.99,0,0,"['English', 'Spanish - Spain']",True,True,True,0,0,16,1,8,0,0,"Clovelt,Jok",10mg,"Single-player,Steam Achievements,Full controller support,Family Sharing","Action,Adventure,Indie","Adventure,Experimental,Action-Adventure,Metroidvania,Puzzle-Platformer,Dungeon Crawler,2D,Cinematic,Pixel Graphics,Action,Indie,Realistic,Colorful,Linear,Singleplayer"
Platforms,"Aug 30, 2019",0 - 20000,0,0,2.99,0,0,['English'],True,False,False,0,0,2,0,4,0,0,RealzGizmo,RealzGizmo,"Single-player,Steam Achievements,Steam Cloud,Steam Leaderboards,Includes level editor,Family Sharing","Casual,Indie,Early Access","Indie,Casual,Early Access"
Pug and Seek,"Aug 13, 2024",0 - 20000,0,0,0.0,0,0,['English'],True,False,False,0,0,0,0,0,0,0,Denis_Z96,Denis_Z96,"Multi-player,PvP,Online PvP,Co-op,Online Co-op","Action,Casual,Indie,RPG,Free To Play",
Sorter (Early Access),"May 23, 2025",0 - 20000,0,0,4.99,0,1,['English'],True,False,False,0,0,3,0,26,0,0,Tim Lewis,Tim Lewis,"Single-player,Steam Achievements,Color Alternatives,Playable without Timed Input,Save Anytime,Steam Cloud,Stats,Family Sharing","Casual,Simulation,Early Access","Puzzle-Platformer,Strategy,3D,First-Person,Early Access,Casual,Simulation,Singleplayer,Mystery,Puzzle,Relaxing,Sci-fi,Physics,Satire"
Princess Maker Refine,"Feb 17, 2017",50000 - 100000,0,0,4.99,50,0,"['English', 'Japanese', 'Simplified Chinese', 'Traditional Chinese', 'Korean']",True,False,False,0,0,261,149,39,396,69,"CFK Co., Ltd.",Bliss Brain,"Single-player,Steam Achievements,Steam Trading Cards,Family Sharing",Simulation,"Simulation,Anime,Classic,Singleplayer,Nudity,Multiple Endings,Female Protagonist,Sexual Content,RPG,Visual Novel,Cute,Management,2D"
Lumo,"May 24, 2016",20000 - 50000,0,0,3.99,0,0,"['English', 'French', 'Italian', 'German', 'Spanish - Spain', 'Portuguese - Brazil', 'Russian', 'Japanese']",True,True,True,77,0,83,33,45,0,76,Triple Eh? Ltd,Triple Eh? Ltd,"Single-player,Steam Achievements,Steam Trading Cards,Partial Controller Support,Steam Cloud,Family Sharing","Adventure,Indie","Indie,Adventure,Retro,Puzzle-Platformer,Isometric,Action-Adventure,Platformer"
Gods of Sand,"Feb 7, 2022",50000 - 100000,3,0,5.49,45,0,"['English', 'Portuguese - Brazil']",True,False,True,0,0,560,77,16,631,66,"Achenar Studios,Sad Socket",Sad Socket,"Single-player,Steam Achievements,Steam Trading Cards,Steam Cloud,Family Sharing","Indie,RPG,Simulation,Strategy,Early Access","Turn-Based,Management,Rome,Pixel Graphics,Strategy,Tactical,Turn-Based Strategy,Turn-Based Combat,Indie,Simulation,2D,RPG,Perma Death,Character Customization,Singleplayer,Choices Matter,Side Scroller,PvE,Resource Management,Early Access"
Gear Up Einstein! Playtest,"Sep 25, 2024",0 - 0,0,0,0.0,0,0,[],True,False,False,0,0,0,0,0,0,0,,,,,
Lightbender,"Dec 17, 2015",0 - 20000,0,0,2.99,0,0,['English'],True,True,False,0,0,20,4,19,0,0,"Math Nerd Productions, LLC","Math Nerd Productions, LLC","Single-player,Multi-player,Cross-Platform Multiplayer,Steam Achievements,Full controller support,Steam Trading Cards,Includes level editor,Family Sharing","Casual,Indie","Indie,Casual,Puzzle"
Sherlock Holmes - Nemesis,"Aug 7, 2008",100000 - 200000,5,0,0.99,90,0,"['English', 'French', 'Italian', 'German', 'Russian']",True,False,False,71,0,468,185,0,607,286,Frogwares,Frogwares,"Single-player,Family Sharing","Adventure,RPG","Adventure,RPG,Detective,Point & Click,Mystery,Puzzle,Investigation,First-Person,Singleplayer"
Clan O'Conall and the Crown of the Stag,"Apr 27, 2021",20000 - 50000,0,0,7.99,0,0,"['English', 'Japanese', 'Korean', 'Traditional Chinese', 'French', 'Portuguese - Portugal', 'Spanish - Latin America']",True,True,False,78,0,114,8,33,0,0,HitGrab,HitGrab,"Single-player,Steam Achievements,Full controller support,Steam Cloud,Family Sharing","Action,Adventure,Indie","Action-Adventure,Mythology,Hand-drawn,Cartoon,Colorful,Puzzle,Singleplayer,2D Platformer,Atmospheric,Puzzle-Platformer,Indie,Exploration,Casual,Beat 'em up,Controller,Adventure,Action,Medieval,Family Friendly,Cartoony"
GunWorld VR Playtest,"Aug 11, 2021",0 - 0,0,0,0.0,0,0,[],True,False,False,0,0,0,0,0,0,0,,,VR Only,,
Edge Of The End,"Aug 27, 2022",0 - 20000,0,0,0.0,0,0,['English'],True,False,False,0,0,3,3,0,0,0,Ahsin Memon,Ahsin Memon,Single-player,"Action,Adventure,Indie,Simulation,Strategy,Free To Play","Action,Adventure,Strategy,3D,Nature,Singleplayer,Walking Simulator,Exploration,First-Person,Realistic,Atmospheric,Family Friendly,Investigation,Open World,Emotional,Zombies,Survival,Gore,Stealth,Third Person"
별을 좇는 까마귀(To The Star),"Nov 12, 2023",0 - 0,0,0,0.0,0,0,['Korean'],True,False,False,0,0,0,0,0,0,0,"Lee Jimin, Na Dan, Lee Uihwan, Rhee Inyoung",Sejong Univ. PandoraCube,Single-player,Indie,
SokoPenguin,"Apr 12, 2024",20000 - 50000,0,0,1.04,30,0,"['English', 'Portuguese - Brazil']",True,False,False,0,0,60,1,100,0,0,Vergiu,Vergiu,"Single-player,Steam Achievements,Full controller support,Steam Cloud,Family Sharing","Adventure,Casual,Indie,Strategy","Sokoban,Puzzle,Cute,Colorful,Pixel Graphics,Top-Down,Relaxing,Family Friendly,Grid-Based Movement,Arcade,Linear,2D,Retro,Minimalist,Atmospheric,Casual,Adventure,Action-Adventure,Strategy,Singleplayer"
KuniTure,"Nov 19, 2019",0 - 20000,0,0,0.0,0,0,"['English', 'Spanish - Latin America', 'Spanish - Spain']",True,False,False,0,0,8,1,0,0,0,Ken Davis,Ken Davis,Single-player,"Action,Adventure","Action,Adventure,Platformer,Difficult,Free to Play"
The Epsilon Outcome,"Jan 21, 2021",0 - 20000,0,0,7.99,0,0,['English'],True,True,False,0,0,12,0,8,0,0,Kenneth A. Perrine,Academiken,"Single-player,Steam Achievements,Steam Cloud,Remote Play Together,Family Sharing","Adventure,Indie,Strategy","Interactive Fiction,Point & Click,2D,2.5D,Funny,Puzzle,Pixel Graphics,Cartoony,Hand-drawn,Sci-fi,Family Friendly,Logic,Time Travel,Mystery,Adventure,Atmospheric,Old School,Retro,Singleplayer,Indie"
The Twelve Trials,"Sep 27, 2018",0 - 20000,0,0,2.99,40,0,['English'],True,True,True,0,0,5,4,0,0,0,Hosted Games,Hosted Games,"Single-player,Captions available,Steam Cloud,Family Sharing","Adventure,Indie,RPG","Adventure,RPG,Indie,Text-Based"
The Armament Project,"Sep 28, 2017",0 - 20000,0,0,4.99,0,0,['English'],True,False,False,0,0,2,3,0,0,0,DysTop,DysTop,"Single-player,Multi-player,Co-op,Shared/Split Screen Co-op,Shared/Split Screen,Full controller support,Remote Play Together,Family Sharing","Action,Indie","Action,Indie,FPS,Dystopian,Futuristic,Space,Shooter,Sci-fi,Tactical,Fighting,Survival,Arena Shooter,3D,First-Person,Cyberpunk,Combat,Co-op,Local Co-Op,Local Multiplayer,Multiplayer"
Tire Friend Playtest,"Feb 8, 2024",0 - 0,0,0,0.0,0,0,[],True,False,False,0,0,0,0,0,0,0,,,,,
Potion island,"Sep 26, 2018",0 - 20000,0,0,1.99,0,0,['English'],True,False,False,0,0,3,4,0,0,0,Forsend,Forsend,"Single-player,Family Sharing",Simulation,Simulation
Mythos Mission: Sunken Kingdom,"Oct 23, 2024",0 - 20000,0,0,4.99,0,0,['English'],True,False,False,0,0,0,0,0,0,0,OLIVANGO,OLIVANGO,"Single-player,Family Sharing","Action,Adventure,Indie",
One More Button,"Aug 25, 2025",0 - 0,0,0,3.49,0,0,"['English', 'French', 'Italian', 'German', 'Spanish - Spain', 'Arabic', 'Bulgarian', 'Danish', 'Finnish', 'Simplified Chinese', 'Greek', 'Indonesian', 'Japanese', 'Korean', 'Dutch', 'Norwegian', 'Polish', 'Portuguese - Brazil', 'Portuguese - Portugal', 'Romanian', 'Russian', 'Spanish - Latin America', 'Swedish', 'Thai', 'Traditional Chinese', 'Czech', 'Turkish', 'Ukrainian', 'Hungarian', 'Vietnamese', 'Afrikaans', 'Albanian', 'Amharic', 'Armenian', 'Azerbaijani', 'Assamese', 'Basque', 'Belarusian', 'Bangla', 'Bosnian', 'Cherokee', 'Dari', 'Estonian', 'Filipino', 'Galician', 'Georgian', 'Gujarati', 'Hausa', 'Hebrew', 'Hindi', 'Igbo', 'Irish', 'Icelandic', 'Yoruba', K'iche', 'Kannada', 'Kazakh', 'Catalan', 'Khmer', 'Kinyarwanda', 'Kyrgyz', 'Konkani', 'Croatian', 'Latvian', 'Lithuanian', 'Luxembourgish', 'Macedonian', 'Malayalam', 'Malay', 'Maltese', 'Maori', 'Marathi', 'Mongolian', 'Nepali', 'Odia', 'Persian', 'Punjabi (Gurmukhi)', 'Punjabi (Shahmukhi)', 'Quechua', 'Serbian', 'Sindhi', 'Sinhala', 'Scots', 'Slovak', 'Slovenian', 'Sorani', 'Sotho', 'Swahili', 'Tajik', 'Tamil', 'Tatar', 'Telugu', 'Tigrinya', 'Tswana', 'Turkmen', 'Uyghur', 'Urdu', 'Uzbek', 'Valencian', 'Welsh', 'Wolof', 'Xhosa', 'Zulu']",True,False,False,0,0,0,0,15,0,0,Tommy Kjær,Tommy Kjær,"Single-player,Steam Achievements,Steam Cloud,Family Sharing","Casual,Indie",
They That Feast,"Dec 28, 2018",0 - 20000,0,0,0.0,0,0,['English'],True,False,False,0,0,17,23,0,0,0,Blackwood Specter,Blackwood Specter,Single-player,"Action,Adventure,Indie","Indie,Adventure,Gore,Action,Violent,Horror,Survival Horror,First-Person,Lovecraftian,Exploration,Singleplayer,Stealth,Story Rich,Atmospheric,3D,Dark,Psychological Horror,Resource Management,Free to Play"
Great Journey,"Apr 25, 2025",0 - 20000,0,0,3.99,0,0,['English'],True,False,False,0,0,0,0,0,0,0,"Rebelmind,North Wind",North Wind,"Single-player,Family Sharing","Action,Adventure,Casual,Indie",
VoiceMelody - Kawaii Voice Changer,"Nov 9, 2023",0 - 20000,0,0,22.99,0,0,"['English', 'French', 'Italian', 'German', 'Spanish - Spain', 'Arabic', 'Ukrainian', 'Dutch', 'Greek', 'Swedish', 'Spanish - Latin America', 'Thai', 'Czech', 'Danish', 'Turkish', 'Norwegian', 'Hungarian', 'Finnish', 'Bulgarian', 'Vietnamese', 'Portuguese - Brazil', 'Portuguese - Portugal', 'Polish', 'Romanian', 'Russian', 'Simplified Chinese', 'Traditional Chinese', 'Japanese', 'Korean']",True,False,False,0,0,6,8,0,0,0,TalkingEEL,TalkingEEL,,Audio Production,"Audio Production,Utilities,Software,Anime,Cute"
Paw Paw Destiny,"Dec 11, 2024",0 - 20000,0,0,8.99,40,0,"['English', 'French', 'Italian', 'German', 'Spanish - Spain', 'Thai', 'Portuguese - Brazil', 'Russian', 'Traditional Chinese', 'Japanese', 'Korean', 'Indonesian']",True,False,False,0,0,5,2,0,0,0,Daiyu.studio,Daiyu.studio,"Single-player,Partial Controller Support,Steam Cloud,Family Sharing","Adventure,Indie","Dark Comedy,Cats,Dog,Story Rich,Space,Rogue-lite,Action-Adventure,Character Customization,Emotional,Cinematic,Multiple Endings,Dark Humor,Conspiracy,Comedy,Pixel Graphics,Adventure,Lovecraftian,Cute,2D Platformer,Singleplayer"
Adventures of Isabelle Fine: Murder on Rails,"Jul 9, 2019",0 - 20000,0,0,0.99,0,0,['English'],True,False,False,0,0,6,1,15,0,0,Secret Forest Games,Secret Forest Games,"Single-player,Steam Achievements,Full controller support,Captions available,Remote Play on TV,Family Sharing",Adventure,"Adventure,Pixel Graphics,Singleplayer,Indie,Story Rich,2D,Puzzle,Sci-fi,Visual Novel"
Shoebill (Desktop Mascot),"Nov 11, 2025",0 - 0,0,0,4.24,0,0,"['English', 'Japanese']",True,False,False,0,0,0,0,0,0,0,Team Tea Mascot,Team Tea Mascot,"Mouse Only Option,Playable without Timed Input","Simulation,Animation & Modeling,Utilities",
Subvirtual,"Dec 12, 2024",0 - 0,0,0,0.0,0,0,['English'],True,False,False,0,0,0,0,11,0,0,The Zivraye Group,The Zivraye Group,"Single-player,Steam Achievements,VR Only,In-App Purchases","Adventure,Casual,Indie,Free To Play",
KuloNiku Playtest,"Apr 27, 2025",0 - 0,0,0,0.0,0,0,[],True,False,False,0,0,0,0,0,0,0,,,,,
World of Goo 2,"Apr 25, 2025",0 - 20000,12,0,19.79,34,1,"['English', 'French', 'Italian', 'German', 'Spanish - Spain', 'Japanese', 'Korean', 'Polish', 'Portuguese - Brazil', 'Russian', 'Simplified Chinese', 'Spanish - Latin America', 'Traditional Chinese', 'Ukrainian']",True,True,True,83,0,376,43,33,683,221,"2D BOY,Tomorrow Corporation","2D BOY,Tomorrow Corporation","Single-player,Steam Achievements,Steam Cloud,Family Sharing","Adventure,Casual,Indie","Physics,Puzzle,Building,Casual,2D,Cute,Colorful,Atmospheric,Family Friendly,Adventure,Comedy,Cartoon,Old School,Co-op,Local Co-Op,Local Multiplayer,Indie,Singleplayer,Multiplayer"
Snow Fortress 2,"Nov 16, 2023",0 - 20000,0,0,11.24,25,0,"['English', 'French', 'German', 'Spanish - Spain', 'Japanese', 'Korean', 'Simplified Chinese']",True,False,False,0,0,5,0,0,0,0,Mythical City Games,Mythical City Games,"Single-player,Multi-player,PvP,Online PvP,Co-op,Online Co-op,Tracked Controller Support,VR Only,Family Sharing","Action,Adventure,Indie,Simulation","FPS,Tower Defense,Building,Medieval,Base-Building,Physics,PvE,PvP,Shooter,Arcade,Action-Adventure,3D,Cute,First-Person,VR,Action,Simulation,Snow,Cartoony,Hack and Slash"
绛河之上 Under Supernova,"May 31, 2023",0 - 20000,0,0,7.99,0,0,"['Simplified Chinese', 'English']",True,False,False,0,0,8,2,0,0,0,UnderSupernovaGroup,UnderSupernovaGroup,"Single-player,Multi-player,PvP,LAN PvP,Co-op,LAN Co-op,Partial Controller Support,Includes level editor,Family Sharing","Indie,RPG,Simulation,Strategy,Early Access","Early Access,RPG,Sandbox,City Builder,Sci-fi,Simulation,Pixel Graphics,Strategy,2D,RTS,Party-Based RPG,Tower Defense,Grand Strategy,Life Sim,Real Time Tactics,Exploration,Cute,Space,Futuristic,Survival"
Sir! I'd Like To Report A Bug!,"Oct 19, 2015",20000 - 50000,3,0,0.49,0,0,['English'],True,False,False,0,0,31,22,13,0,204,Lord Puggington Games,Lord Puggington Games,"Single-player,Steam Achievements,Steam Trading Cards,Partial Controller Support,Family Sharing","Action,Indie","Singleplayer,Side Scroller,2D Platformer,Difficult,Platformer,Arcade,2D,Retro,Dark Humor,Funny,Parody,Surreal,Controller,Linear,Action,Pixel Graphics,Game Development,Cartoon,Old School,Psychedelic"
VR Girls’ Room in Darkness,"Jan 26, 2021",0 - 20000,0,0,1.59,68,0,"['English', 'French', 'Italian', 'German', 'Spanish - Spain', 'Russian', 'Turkish', 'Japanese', 'Polish', 'Thai', 'Simplified Chinese', 'Traditional Chinese', 'Portuguese - Portugal', 'Arabic', 'Korean']",True,False,False,0,0,5,5,0,0,0,William at Oxford,William at Oxford,"Single-player,Tracked Controller Support,VR Only,Family Sharing",Adventure,"Adventure,Exploration,First-Person,VR,Psychological Horror,Horror,Thriller,Singleplayer"
Oublivious,"Jan 31, 2025",0 - 0,0,0,0.0,0,0,['English'],True,False,False,0,0,0,0,0,0,0,Shadow Guild,Shadow Guild,"Single-player,Full controller support","Action,Adventure,Indie,Free To Play",
Card Throw VR,"Jun 26, 2019",0 - 20000,0,0,0.99,0,0,['English'],True,False,False,0,0,0,1,0,0,0,Alpaca Games,Alpaca Games,"Single-player,Tracked Controller Support,VR Only,Family Sharing","Casual,Indie,Simulation","Indie,Casual,Simulation,VR"
Just Spin,"Oct 25, 2019",0 - 20000,0,0,0.0,0,0,['English'],True,False,False,0,0,11,3,8,0,0,Just Games Co.,Just Games Co.,"Single-player,Steam Achievements,Steam Cloud,Steam Leaderboards,Remote Play on Phone,Remote Play on Tablet","Action,Casual,Indie","Casual,Indie,Action,Minimalist"
Home Office Tasker,"Sep 8, 2021",0 - 20000,0,0,0.99,0,0,"['English', 'Russian', 'German', 'Spanish - Spain', 'Simplified Chinese', 'Japanese', 'French']",True,False,False,0,0,25,9,0,0,0,lonch.me,lonch.me,,Utilities,"Utilities,Time Management,Time Manipulation,Software,Management"
HoneyCome come come party,"Sep 6, 2023",0 - 20000,4,0,55.99,20,1,"['English', 'Japanese']",True,False,False,0,0,0,0,0,151,1270,ILLGAMES,ILLGAMES,"Single-player,Family Sharing",Simulation,
30 Floors of Madness,"Jul 19, 2024",0 - 20000,0,0,4.99,0,0,"['English', 'French']",True,False,False,0,0,5,2,0,0,0,Imaginary Conception,Imaginary Conception,"Single-player,Multi-player,Co-op,Online Co-op,LAN Co-op,Family Sharing","Adventure,Indie,Strategy","Strategy,Turn-Based Tactics,Survival,Turn-Based Strategy,First-Person,Psychological Horror,Simulation,Realistic,Adventure,Tactical,Drama,Dark,Co-op,Online Co-Op,Singleplayer,Multiplayer,Local Co-Op,Local Multiplayer,Indie"
Athletics Games VR,"Feb 22, 2019",0 - 20000,0,0,2.99,0,0,['English'],True,False,False,0,0,2,5,0,0,0,Vicente Rosell Roig,Vicente Rosell Roig,"Single-player,Tracked Controller Support,VR Only,Family Sharing","Racing,Sports","Sports,Racing,VR"
Puzzle Pirates: Dark Seas,"Jul 6, 2018",100000 - 200000,1,0,0.0,0,4,"['English', 'Spanish - Spain']",True,True,False,0,0,386,134,49,0,134,Grey Havens,Grey Havens,"Single-player,Multi-player,MMO,PvP,Online PvP,Steam Achievements,Steam Trading Cards,In-App Purchases,Stats","Adventure,Casual,Free To Play,Indie,Massively Multiplayer,RPG,Strategy","Free to Play,Massively Multiplayer,Puzzle,Adventure,Strategy,RPG,Indie,Pirates,Casual,Early Access"
IronWolf: Free Non-VR Edition,"Sep 14, 2023",0 - 0,0,0,0.0,0,0,['English'],True,False,False,0,0,0,0,0,0,0,Ionized Studios,Ionized Studios,"Single-player,Multi-player,Co-op,Online Co-op,Cross-Platform Multiplayer,Full controller support","Action,Indie,Simulation,Free To Play",
GlitchSPANKR,"Oct 15, 2025",0 - 20000,0,0,15.99,0,1,['English'],True,False,False,0,0,0,0,48,191,0,"Mahelyk,TheClassifiedX","Black Lantern Collective,TheClassifiedX","Single-player,Steam Achievements,Full controller support,Steam Trading Cards,Steam Cloud,Family Sharing","Adventure,Casual,Indie",
流光易逝的夏末 - Fleeting Summer's End,"Jan 6, 2023",0 - 20000,0,0,2.69,10,0,"['Traditional Chinese', 'English', 'Simplified Chinese']",True,True,False,0,0,260,2,0,266,0,柚原堂,柚原堂,"Single-player,Family Sharing",RPG,"RPG,Casual,Interactive Fiction,Visual Novel,Word Game,LGBTQ+,Anime,Cute,Emotional,Female Protagonist,Romance,Funny,Singleplayer,Pixel Graphics"
Really Bad Flying Machine,"Jul 27, 2020",0 - 20000,0,0,11.99,0,0,"['English', 'Finnish']",True,True,True,0,0,1,0,10,0,0,Eyal Hazor,Eyal Hazor,"Single-player,Steam Achievements,Full controller support,Steam Cloud,Family Sharing","Casual,Strategy","Puzzle,Exploration,3D,Top-Down,Logic,Singleplayer,Casual,Strategy"
Albert.DATA - Slowly Fading into Data,"Jul 7, 2022",0 - 20000,0,0,13.99,0,0,['English'],True,False,False,0,0,0,0,0,0,0,Albert Barque-Duran,Albert.DATA,"Single-player,Full controller support,Family Sharing","Action,Adventure,Indie",
Batman: Arkham City - Game of the Year Edition,"Sep 7, 2012",2000000 - 5000000,655,0,3.99,80,0,"['English', 'French', 'German', 'Italian', 'Portuguese - Brazil', 'Russian', 'Spanish - Spain']",True,False,False,91,0,65947,2689,64,52015,2666,Rocksteady Studios,WB Games,"Single-player,Steam Achievements,Steam Trading Cards,Partial Controller Support,Steam Cloud,Family Sharing","Action,Adventure","Action,Open World,Stealth,Superhero,Adventure,Third Person,Singleplayer,Beat 'em up,Comic Book,Detective,Story Rich,Atmospheric,Fighting,Action-Adventure,Cinematic,Controller,3D Vision,Sandbox,Metroidvania,Great Soundtrack"
Tap Wizard 2,"May 21, 2024",50000 - 100000,24,0,0.0,0,0,['English'],True,True,True,0,0,357,110,33,0,4178,TopCog,TopCog,"Single-player,In-App Purchases","Action,Indie,RPG,Simulation,Free To Play","Idler,Top-Down Shooter,Action RPG,Pixel Graphics,Dark Fantasy,2D,Action,Hack and Slash,RPG,Inventory Management,Top-Down,Clicker,Fantasy,Simulation,Combat,PvE,Free to Play,Character Customization,Singleplayer,Choices Matter"
Rooms of Realities,"Nov 17, 2023",0 - 20000,0,0,10.79,40,0,['English'],True,False,False,0,0,60,3,11,0,291,Bluekey,Gamedust,"Single-player,Multi-player,Co-op,Online Co-op,Tracked Controller Support,VR Only,Family Sharing","Adventure,Indie","VR,Puzzle,Adventure,Indie,Mystery,Story Rich,Singleplayer,Escape Room,Online Co-Op,Co-op,Psychological Horror,Investigation,Atmospheric,Multiple Endings,Multiplayer,Co-op Campaign,Exploration,Mystery Dungeon,Hidden Object"
Behind The Barrier,"Oct 18, 2023",0 - 0,0,0,0.0,0,0,['English'],True,False,False,0,0,0,0,0,0,0,SinnerG,SinnerG,"Single-player,Multi-player,Co-op,Online Co-op","Action,Adventure,Early Access",
The Elder Goddess,"Oct 5, 2023",0 - 20000,0,0,9.99,0,0,"['English', 'Japanese', 'Simplified Chinese', 'Traditional Chinese']",True,False,False,0,0,0,0,0,0,0,Bunny Alice Games,Bunny Alice Games,"Single-player,Family Sharing","Action,Adventure,Indie,RPG",
BattleBlade,"Aug 31, 2018",0 - 20000,0,0,1.55,61,0,['English'],True,False,False,0,0,4,2,20,0,0,Roxra,Roxra,"Single-player,Multi-player,PvP,Shared/Split Screen PvP,Shared/Split Screen,Steam Achievements,Full controller support,Remote Play Together,Family Sharing","Action,Adventure,Indie","Action,Adventure,Indie,Fighting,2D Fighter,2D,Singleplayer,Local Multiplayer,PvE,Swordplay,Short,Difficult,Pixel Graphics,Fast-Paced,Post-apocalyptic,Visual Novel,PvP,Story Rich,Unforgiving,Bullet Hell"
Shopping Spree: Extreme!!!,"Aug 22, 2023",0 - 20000,0,0,2.49,75,0,['English'],True,False,True,0,0,2,0,33,0,0,Fried Squid Games LLC,Fried Squid Games LLC,"Single-player,Multi-player,PvP,Online PvP,Co-op,Online Co-op,Steam Achievements,Full controller support,Stats,Steam Leaderboards,Family Sharing","Action,Casual,Indie,Simulation","Simulation,Multiplayer,Intentionally Awkward Controls,Casual,Funny,Comedy,Singleplayer,Arcade,3D,First-Person,Controller,Physics,PvE,PvP,Online Co-Op,Exploration,Co-op,Rogue-like,Collectathon,Procedural Generation"
Neko Office: Nightlife Adventures,"Apr 14, 2023",0 - 20000,0,0,0.49,51,1,"['English', 'French', 'German', 'Spanish - Spain', 'Spanish - Latin America', 'Traditional Chinese', 'Simplified Chinese', 'Korean', 'Polish', 'Portuguese - Portugal', 'Russian', 'Thai', 'Turkish', 'Japanese']",True,False,False,0,0,29,4,17,0,0,Hunny Bunny Studio,Hunny Bunny Studio,"Single-player,Steam Achievements,Family Sharing","Casual,Indie","Sexual Content,Nudity,Mature,Anime,Puzzle,NSFW,Casual,Cute,Cats,2D,Idler,Hand-drawn,Colorful,Atmospheric,Logic,Emotional,FMV,Singleplayer,Indie,Hentai"
Saber Punks Playtest,"Oct 23, 2021",0 - 0,0,0,0.0,0,0,[],True,False,False,0,0,0,0,42,0,0,,,VR Only,,
Kitten Food Alley,"Mar 10, 2025",0 - 20000,1,0,3.99,0,0,"['English', 'Simplified Chinese', 'Traditional Chinese', 'Japanese', 'Korean', 'Russian', 'French', 'German', 'Italian']",True,False,False,0,0,20,3,15,0,0,NOT IS NOT STUDIO,NOT IS NOT STUDIO,"Single-player,Family Sharing","Casual,Simulation","Life Sim,Cute,Relaxing,Idler,Cats,Casual,Clicker,Touch-Friendly,Management,Stylized,Hand-drawn,Simulation,Building,Isometric,Crafting,Funny,Resource Management,Singleplayer,Farming"
SPELLCAST,"Aug 15, 2025",0 - 0,0,0,7.99,0,0,['English'],True,False,False,0,0,0,0,0,0,0,BEDiBUG Concepts,BEDiBUG Concepts,"Single-player,Custom Volume Controls,Playable without Timed Input,Steam Cloud,Family Sharing","Strategy,Early Access",
Elite Forces,"Nov 13, 2022",20000 - 50000,0,0,9.99,0,0,['English'],True,True,False,0,0,0,1,0,0,0,Finance Unlocked,Finance Unlocked,"Single-player,Multi-player,PvP,Online PvP,Family Sharing",Action,"Action,Multiplayer,FPS,PvP,Artificial Intelligence,Shooter,Realistic,Futuristic,First-Person,Tactical,War,Space,Sci-fi,Military,Combat,Gun Customization,Character Customization,Sniper,3D,Driving"
Mad Games Tycoon 2,"May 31, 2023",500000 - 1000000,124,0,14.99,40,0,"['English', 'German', 'Simplified Chinese', 'Turkish', 'French', 'Spanish - Spain', 'Portuguese - Brazil', 'Hungarian', 'Traditional Chinese', 'Russian', 'Polish', 'Czech', 'Arabic', 'Italian', 'Romanian', 'Japanese', 'Ukrainian', 'Spanish - Latin America', 'Korean', 'Thai']",True,True,False,0,0,6607,434,73,6961,1395,Eggcode,Eggcode,"Single-player,Multi-player,PvP,Online PvP,Steam Achievements,Steam Cloud,Family Sharing","Casual,Indie,Simulation,Strategy","Management,Economy,Game Development,Simulation,Strategy,City Builder,Trading,Building,Capitalism,Programming,Base-Building,Sandbox,Multiplayer,Character Customization,PvP,Crafting,3D,Casual,Cartoony,Cartoon"
King Krieg,"Aug 31, 2023",0 - 20000,0,0,0.0,0,0,['English'],True,False,False,0,0,15,6,32,0,0,SUPERita,SUPERita,"Single-player,Full controller support","Action,Casual,Indie,Free To Play","Casual,Arena Shooter,Action,Shooter,Post-apocalyptic,RPG,Choices Matter,Action Roguelike,Bullet Hell,2D,Arcade,Colorful,Top-Down Shooter,Sci-fi,Rogue-like,Rogue-lite,Top-Down,Perma Death,Combat,Pixel Graphics"
CubeHook VR,"Jan 7, 2022",0 - 20000,0,0,5.99,0,0,['English'],True,False,False,0,0,3,1,6,0,0,Arcarve Studio,Arcarve Studio,"Single-player,Steam Achievements,Tracked Controller Support,VR Only,Family Sharing","Casual,Indie,Sports","Casual,VR,Arcade,Relaxing,Sports,Thriller,Colorful,Stylized,Nature,Singleplayer,Indie,3D,Board Game"
Marble Abduction! Patti Hattu,"Jun 17, 2024",0 - 20000,1,0,11.99,0,0,"['English', 'French', 'German', 'Spanish - Spain', 'Portuguese - Portugal', 'Italian', 'Simplified Chinese']",True,False,False,0,0,25,0,27,0,0,BandanaKid,BandanaKid,"Single-player,Steam Achievements,Full controller support,Steam Leaderboards,Family Sharing","Action,Casual,Indie,Racing","3D Platformer,Platformer,Puzzle-Platformer,Action-Adventure,Racing,3D,Action,Third Person,Colorful,Relaxing,Physics,Cartoony,Replay Value,Arcade,Cute,Casual,Parkour,Driving,Singleplayer,Fast-Paced"
Super Cakeboy,"Mar 16, 2023",0 - 0,0,0,0.0,0,0,"['English', 'Japanese']",True,False,False,0,0,0,0,12,0,0,Suits & Sandals,Suits & Sandals,"Single-player,Steam Achievements,Full controller support","Action,Free To Play,Indie",
Secret Shuffle,"Nov 1, 2023",0 - 20000,0,0,6.49,50,0,['English'],True,True,False,0,0,5,0,0,0,0,Adriaan de Jongh,Adriaan de Jongh,"Multi-player,PvP,Shared/Split Screen PvP,Co-op,Shared/Split Screen Co-op,Shared/Split Screen,Family Sharing","Casual,Indie,Massively Multiplayer","Party Game,Music,Social Deduction,Casual,Funny,Local Multiplayer,Family Friendly,Split Screen,Comedy,Trivia,Conspiracy,Board Game,Multiplayer,4 Player Local,Co-op,Local Co-Op,Party,PvP,Massively Multiplayer,Indie"
内卷三年竟穿越：皇帝模拟器,"Apr 19, 2022",0 - 20000,0,0,1.19,60,0,['Simplified Chinese'],True,False,False,0,0,4,11,13,0,0,HexGameStudio,HexGameStudio,"Single-player,Steam Achievements,Steam Cloud,Family Sharing","Indie,Early Access","Early Access,Casual,Comedy,Choices Matter,Text-Based,Multiple Endings,Story Rich,Historical,Political Sim,Dark Humor,Relaxing,Trivia,Strategy,2D,Alternate History,Word Game,Choose Your Own Adventure,Cartoon,Memes,Stylized"
Weeks Till Winter,"Nov 7, 2025",0 - 20000,0,0,5.99,25,0,['English'],True,False,False,0,0,0,0,21,0,0,"Subnuminal, LLC","Subnuminal, LLC","Single-player,Steam Achievements,Full controller support,Camera Comfort,Custom Volume Controls,Playable without Timed Input,Save Anytime,Stereo Sound,Steam Leaderboards,Includes level editor,Family Sharing","Casual,Indie,Simulation,Strategy",
Zombie Vikings,"Dec 7, 2015",20000 - 50000,2,0,0.95,92,2,"['English', 'French', 'German', 'Spanish - Spain', 'Japanese', 'Italian', 'Russian']",True,False,False,74,0,314,85,33,260,304,Zoink Games,Zoink Games,"Single-player,Multi-player,Co-op,Shared/Split Screen,Steam Achievements,Full controller support,Steam Trading Cards,Steam Cloud,Remote Play on TV,Remote Play Together,Family Sharing","Action,Adventure","Action,Adventure,Local Co-Op,Beat 'em up,Zombies,Comedy,4 Player Local,Vikings,Multiplayer,2D,Co-op"
Rabbit Valley Legend (兔子山谷传说),"May 6, 2018",0 - 20000,0,0,11.99,0,0,"['English', 'Simplified Chinese']",True,False,False,0,0,0,0,0,0,0,"Bamboo Secrets Co.,Limited","Bamboo Secrets Co.,Limited","Single-player,Tracked Controller Support,VR Only,Family Sharing","Action,Indie",
Maraka Playtest,"Dec 19, 2023",0 - 0,0,0,0.0,0,0,[],True,False,False,0,0,0,0,0,0,0,,,,,
Thrill Penguin,"Jun 29, 2022",0 - 20000,0,0,1.59,0,0,"['English', 'French', 'Italian']",True,False,False,0,0,39,2,10,0,0,Sylph,Sylph,"Single-player,Steam Achievements,Family Sharing","Action,Casual,Indie","Action,Casual,Platformer,2D Platformer,Precision Platformer,2D,Anime,Parkour,Indie,Score Attack,Singleplayer"
Eggplant,"Aug 23, 2024",0 - 0,0,0,0.0,0,0,"['English', 'French', 'Italian', 'German', 'Spanish - Spain', 'Arabic', 'Bulgarian', 'Czech', 'Danish', 'Dutch', 'Finnish', 'Greek', 'Hungarian', 'Indonesian', 'Japanese', 'Korean', 'Norwegian', 'Polish', 'Portuguese - Brazil', 'Portuguese - Portugal', 'Romanian', 'Russian', 'Simplified Chinese', 'Spanish - Latin America', 'Swedish', 'Thai', 'Traditional Chinese', 'Turkish', 'Ukrainian', 'Vietnamese', 'Afrikaans', 'Albanian', 'Amharic', 'Armenian', 'Assamese', 'Azerbaijani', 'Bangla', 'Basque', 'Belarusian', 'Bosnian', 'Catalan', 'Cherokee', 'Croatian', 'Dari', 'Estonian', 'Filipino', 'Galician', 'Georgian', 'Gujarati', 'Hausa', 'Hebrew', 'Hindi', 'Icelandic', 'Igbo', 'Irish', K'iche', 'Kannada', 'Kazakh', 'Khmer', 'Kinyarwanda', 'Konkani', 'Kyrgyz', 'Latvian', 'Lithuanian', 'Luxembourgish', 'Macedonian', 'Malay', 'Malayalam', 'Maltese', 'Maori', 'Marathi', 'Mongolian', 'Nepali', 'Odia', 'Persian', 'Punjabi (Gurmukhi)', 'Punjabi (Shahmukhi)', 'Quechua', 'Scots', 'Serbian', 'Sindhi', 'Sinhala', 'Slovak', 'Slovenian', 'Sorani', 'Sotho', 'Swahili', 'Tajik', 'Tamil', 'Tatar', 'Telugu', 'Tigrinya', 'Tswana', 'Turkmen', 'Urdu', 'Uyghur', 'Uzbek', 'Valencian', 'Welsh', 'Wolof', 'Xhosa', 'Yoruba', 'Zulu']",True,True,False,0,0,0,0,0,0,0,di3i,di3i,"Single-player,Stats,Steam Leaderboards","Simulation,Free To Play",
Wise in the Heights,"Jul 24, 2025",0 - 20000,0,0,0.59,40,0,"['English', 'Spanish - Spain', 'French', 'Italian']",True,False,False,0,0,0,0,0,0,0,Noel Román,Noel Román,"Single-player,Custom Volume Controls,Adjustable Difficulty,Keyboard Only Option,Family Sharing","Adventure,Casual,Indie",
叙事曲2：星空下的诺言 / Ballade2: the Celestial Promise,"May 24, 2019",0 - 20000,0,0,5.99,0,1,"['Simplified Chinese', 'Traditional Chinese']",True,True,False,0,0,86,5,7,0,0,286studio,286studio,"Single-player,Steam Cloud,Family Sharing","Adventure,Indie,RPG","Adventure,RPG,Indie,Visual Novel,Dating Sim,Anime"
Project R.A.T.,"May 29, 2018",0 - 20000,0,0,0.0,0,0,['English'],True,False,False,0,0,19,6,0,0,0,Goop Troop,Major Flex LLC,"Single-player,Partial Controller Support","Casual,Indie","Indie,Casual"
littleRedNina,"Mar 10, 2025",0 - 20000,0,0,0.99,0,0,['English'],True,False,False,0,0,0,0,0,0,0,edafo,edafo,"Single-player,Family Sharing","Indie,Racing",
FastPack,"Apr 11, 2025",0 - 20000,0,0,4.99,0,0,['English'],True,False,False,0,0,8,0,4,0,0,Helekopeter,Helekopeter,"Single-player,Steam Achievements,Custom Volume Controls,Playable without Timed Input,Stereo Sound,Partial Controller Support,Family Sharing","Indie,Simulation","Simulation,Arcade,Education,Capitalism,Score Attack,Immersive Sim,Funny,First-Person,Physics,FPS,3D,Realistic,Singleplayer,Satire,Automobile Sim,Conversation,Indie"
Dungeons of Sundaria,"Dec 12, 2023",200000 - 500000,16,0,0.89,91,0,"['English', 'French', 'Italian', 'German', 'Spanish - Spain', 'Japanese', 'Portuguese - Brazil', 'Portuguese - Portugal', 'Russian', 'Simplified Chinese', 'Spanish - Latin America', 'Turkish']",True,False,False,0,0,2175,744,13,2779,459,Industry Games,Industry Games,"Single-player,Multi-player,Co-op,Online Co-op,Shared/Split Screen Co-op,Shared/Split Screen,Steam Achievements,Full controller support,Steam Cloud,Remote Play Together,Family Sharing","Action,Adventure,Indie,RPG","Dungeon Crawler,RPG,Hack and Slash,PvE,Action,Action RPG,Adventure,Character Customization,Third Person,Class-Based,Fantasy,Co-op,Local Co-Op,Multiplayer,Indie,Local Multiplayer,Online Co-Op,4 Player Local,Singleplayer,Co-op Campaign"
Tennis Elbow 4,"Jun 4, 2021",20000 - 50000,85,0,22.49,25,0,"['English', 'French', 'German', 'Korean', 'Czech', 'Italian', 'Spanish - Spain', 'Japanese', 'Simplified Chinese', 'Traditional Chinese']",True,True,False,0,0,618,33,64,760,3580,Mana Games,Mana Games,"Single-player,Multi-player,PvP,Online PvP,LAN PvP,Shared/Split Screen PvP,Co-op,Online Co-op,LAN Co-op,Shared/Split Screen Co-op,Shared/Split Screen,Cross-Platform Multiplayer,Steam Achievements,Adjustable Text Size,Camera Comfort,Custom Volume Controls,Adjustable Difficulty,Keyboard Only Option,Mouse Only Option,Save Anytime,Stereo Sound,Partial Controller Support,Steam Cloud,Remote Play Together,Family Sharing","Indie,Simulation,Sports,Early Access","Simulation,Sports,Indie,Tennis,Realistic,PvP,Co-op,Local Co-Op,Online Co-Op,Singleplayer,Multiplayer,Early Access,3D,Local Multiplayer,Split Screen,4 Player Local,e-sports,1980s,1990's,Modern"
Sanctum Arcadia,"Jan 13, 2023",0 - 20000,0,0,14.99,0,0,['English'],True,False,False,0,0,1,0,0,0,0,Phoslyte LLC,Phoslyte LLC,"Single-player,Family Sharing","Action,Early Access","Space,Arcade,Action-Adventure,Shooter,Futuristic,Sci-fi,Combat,RPG,Action,2D,Moddable,Adventure,Singleplayer,Top-Down,Early Access,Colorful,Action Roguelike,Procedural Generation,PvE,Level Editor"
Stack Surge,"Jun 28, 2024",0 - 20000,0,0,9.99,0,0,['English'],True,False,False,0,0,0,0,0,0,0,Lepto Works,Lepto Works,"Single-player,Multi-player,PvP,Shared/Split Screen PvP,Shared/Split Screen,Full controller support,Remote Play Together,Family Sharing","Casual,Indie,Strategy",
Punk Wars: Prologue,"Oct 12, 2021",0 - 0,0,0,0.0,0,0,"['English', 'Polish']",True,False,False,0,0,0,0,0,0,0,Strategy Forge S.A.,"Jujubee S.A.,Strategy Forge S.A.",Single-player,Strategy,
The Depths of Tolagal,"Jan 5, 2015",20000 - 50000,1,0,3.99,0,0,['English'],True,True,True,0,0,37,8,12,0,0,Matthew Jennings,Matthew Jennings,"Single-player,Family Sharing","Indie,RPG,Strategy","Turn-Based Tactics,Dungeon Crawler,Turn-Based,Turn-Based Strategy,Rogue-like,RPG,Strategy,2D,Top-Down,Procedural Generation,Turn-Based Combat,Pixel Graphics,Fantasy,Lovecraftian,Tactical,Dark Fantasy,Loot,Mystery,Retro,Singleplayer"
Code S-44: Episode 1,"Jun 25, 2019",20000 - 50000,0,0,0.0,0,0,['English'],True,False,False,0,0,66,24,19,0,0,Little Bot Studio,Little Bot Studio,Single-player,"Adventure,Free To Play,Indie,Early Access","Free to Play,Adventure,Indie,Early Access,Robots,Stealth,Sci-fi,Comedy,Atmospheric,Singleplayer,Third Person,Platformer,Cute,Narration,Cartoon,Exploration,Episodic,Funny,Action,Story Rich"
Spellrune: Realm of Portals,"Sep 21, 2018",0 - 20000,0,0,1.99,0,0,['English'],True,False,False,0,0,12,31,0,0,0,Microlith Games,Microlith Games,"Single-player,Family Sharing","Indie,RPG,Strategy,Early Access","Roguelike Deckbuilder,Card Battler,Strategy,RPG,Early Access,Card Game,Indie,Singleplayer,Turn-Based,Rogue-lite,Cartoon,Procedural Generation,2D,Dungeon Crawler,Fantasy,Difficult,Replay Value,Rogue-like"
Dream World Adventure,"Jul 23, 2024",0 - 20000,0,0,1.99,0,0,"['English', 'Simplified Chinese']",True,False,False,0,0,1,1,0,0,0,Little Tiger Game,Little Tiger Game,"Single-player,Partial Controller Support,Family Sharing","Action,Casual","Casual,Action,Action Roguelike,Bullet Hell,Cute,Rogue-like,Singleplayer,2D,Magic,Deckbuilding"
Ex Sanguis Playtest,"Jul 22, 2025",0 - 0,0,0,0.0,0,0,[],True,False,False,0,0,0,0,0,0,0,,,,,
Jester,"Oct 1, 2024",0 - 20000,0,0,0.99,0,0,['English'],True,False,False,0,0,1,0,0,0,0,LN,LN,"Single-player,Family Sharing",Casual,"Casual,Action-Adventure,3D Platformer,3D,Zombies,Physics,Singleplayer,Shooter"
Rocket! Playtest,"Aug 10, 2023",0 - 0,0,0,0.0,0,0,[],True,False,False,0,0,0,0,0,0,0,,,,,
Rosebaker's Icy Treats - The VR Iceman Sim,"Feb 1, 2018",0 - 20000,0,0,5.99,0,0,"['English', 'German', 'Simplified Chinese', 'Russian']",True,False,False,0,0,25,1,8,0,0,Catching Kobolds,Parry Point e. K.,"Single-player,Steam Achievements,Tracked Controller Support,VR Only,Steam Cloud,Family Sharing","Casual,Indie,Simulation","Indie,Casual,Simulation,VR"
Loca Deserta: Odesa,"Nov 15, 2023",0 - 20000,0,0,2.39,40,0,"['English', 'Ukrainian', 'Simplified Chinese']",True,False,False,0,0,84,9,32,0,0,Dmytro Gladkyi,Dmytro Gladkyi,"Single-player,Steam Achievements,Full controller support,Steam Cloud,Family Sharing","Adventure,RPG","RPG,City Builder,3D,Top-Down,Adventure,Historical,Open World,Colorful,Medieval,Atmospheric,Building,Crafting,Singleplayer"
Hi On Rhythm,"Jun 27, 2024",0 - 20000,0,0,1.99,60,0,['English'],True,False,False,0,0,0,0,0,0,0,Fever Night,Fever Night,"Single-player,Steam Cloud,Family Sharing",Indie,
HotBunz,"Dec 1, 2023",20000 - 50000,0,0,8.99,0,0,"['English', 'Japanese', 'Simplified Chinese', 'Catalan']",True,True,False,0,0,3,1,3,0,0,SpaceSalad Studios,SpaceSalad Studios,"Single-player,Multi-player,PvP,Shared/Split Screen PvP,Co-op,Shared/Split Screen Co-op,Shared/Split Screen,Steam Achievements,Full controller support,Remote Play Together,Family Sharing","Adventure,Casual,Indie,Sports","Adventure,Multiplayer,PvE,Funny,4 Player Local,Local Co-Op,Platformer,2D,PvP,Cute,Collectathon,Character Customization,Casual,Physics,2D Platformer,Dark Comedy,Sports,Controller,Colorful,Score Attack"
Botology,"Jun 24, 2015",100000 - 200000,0,0,0.49,0,4,"['English', 'Russian']",True,False,False,0,0,171,246,56,343,345,Black Lime Studio,Black Lime Studio,"Single-player,Steam Achievements,Steam Trading Cards,Family Sharing","Action,Indie","Action,Indie,Third-Person Shooter,Shooter,Futuristic,Robots,Singleplayer"
Clash of Warlords,"Feb 7, 2021",0 - 20000,0,0,5.59,0,0,"['Simplified Chinese', 'Traditional Chinese']",True,False,False,0,0,7,9,0,0,0,XINLINE GAMES,XINLINE GAMES,"Single-player,In-App Purchases,Family Sharing",Strategy,"Turn-Based Tactics,Strategy,Wargame,Auto Battler,Base-Building,Turn-Based Strategy,Building,2.5D,Historical,Story Rich,Hex Grid,Drama,War,Resource Management,Singleplayer,Realistic"
Zannon,"Sep 3, 2022",0 - 20000,0,0,8.99,0,0,['English'],True,False,False,0,0,4,1,0,0,0,JimJams Games,JimJams Games,"Single-player,Family Sharing",Action,"Bullet Hell,Action,Shoot 'Em Up,Top-Down Shooter,Arcade,2D,Top-Down,Sci-fi,War,Singleplayer"
PION,"Jan 18, 2019",0 - 20000,1,0,19.99,0,0,['English'],True,False,False,0,0,22,4,0,0,0,Oliver Chime,,"Single-player,Partial Controller Support,Stats,Steam Leaderboards,Family Sharing","Action,Indie","Action Roguelike,Action,Indie,Top-Down Shooter,Rogue-lite,Sci-fi"
Sweet Delights: The Girl’s Cafe Quest,"Feb 27, 2025",0 - 20000,0,0,0.59,70,1,"['English', 'French', 'German', 'Spanish - Spain', 'Korean', 'Polish', 'Portuguese - Portugal', 'Russian', 'Turkish', 'Ukrainian', 'Japanese', 'Traditional Chinese']",True,False,False,0,0,0,0,9,0,0,Anime Aqua Games,Anime Aqua Studio,"Single-player,Steam Achievements,Family Sharing","Casual,Indie","Casual,Indie,Sexual Content,Mature,NSFW,Visual Novel,Puzzle,Singleplayer,Nudity,Hentai,Dating Sim,Anime,Female Protagonist,Idler,RPG,FPS,Cats,Simulation"
Logistics Company,"Nov 5, 2014",0 - 20000,0,0,1.99,80,0,"['English', 'French', 'Italian', 'German', 'Spanish - Spain', 'Portuguese - Brazil', 'Turkish']",True,False,False,0,0,52,69,0,0,43,Crenetic GmbH Studios,rondomedia GmbH,"Single-player,Family Sharing",Simulation,Simulation
FrogLake Playtest,"Dec 4, 2023",0 - 0,0,0,0.0,0,0,[],True,False,False,0,0,0,0,0,0,0,,,,,
Fantasy Background Generator,"Sep 9, 2022",0 - 20000,0,0,5.99,0,0,['English'],True,False,False,0,0,7,3,0,0,0,"Scopegoat Interactive,Andreas Hötzinger,Lukas Kelber",Scopegoat Interactive,,"Design & Illustration,Photo Editing,Utilities,Video Production,Game Development","Design & Illustration,Video Production,Photo Editing,Utilities,Game Development,Fantasy,Magic,Atmospheric,Procedural Generation"
史莱姆糯米 / Slime Nomi,"May 15, 2024",0 - 20000,0,0,2.99,40,0,"['Simplified Chinese', 'English']",True,False,False,0,0,26,0,0,0,0,一只红米糕,一只红米糕,"Single-player,Full controller support,Family Sharing","Action,Adventure,Indie,Early Access","Action,Precision Platformer,Adventure,2D Platformer,Platformer,2D,Pixel Graphics,Early Access,Indie,Retro,Singleplayer"
vHand,"Oct 18, 2024",0 - 20000,11,0,6.49,50,0,['English'],True,True,False,0,0,30,2,0,0,0,2w Computer Systems,2w Computer Systems,,"Animation & Modeling,Design & Illustration","Animation & Modeling,Design & Illustration,Indie,Simulation,Anime,Software"
Dune Mechanic : Survive The Steampunk Era Prologue,"Jun 13, 2024",0 - 20000,0,0,0.0,0,0,['English'],True,False,False,0,0,0,0,0,0,38,Heaven Brotherhood,TheGamesFortress,Single-player,"Action,Simulation,Free To Play",
Desolate Realms,"Jan 6, 2024",0 - 20000,0,0,3.99,0,0,['English'],True,False,False,0,0,3,0,33,0,0,Ego,Ego,"Single-player,Full controller support,Family Sharing","Action,Casual,Indie,RPG,Early Access","Action Roguelike,Survival,2D,Arena Shooter,Action,Exploration,Shoot 'Em Up,Top-Down Shooter,PvE,Shooter,Action-Adventure,Top-Down,Zombies,Dark,Combat,Singleplayer,RPG,Casual,Indie,Early Access"
SEX with HITLER: WW2,"Mar 11, 2023",0 - 0,0,0,1.39,0,0,"['English', 'French', 'Italian', 'German', 'Spanish - Spain', 'Arabic', 'Bulgarian', 'Czech', 'Danish', 'Dutch', 'Finnish', 'Greek', 'Hungarian', 'Japanese', 'Korean', 'Norwegian', 'Polish', 'Portuguese - Brazil', 'Portuguese - Portugal', 'Romanian', 'Russian', 'Simplified Chinese', 'Spanish - Latin America', 'Swedish', 'Thai', 'Traditional Chinese', 'Turkish', 'Ukrainian', 'Vietnamese', 'Afrikaans', 'Albanian', 'Amharic', 'Armenian', 'Assamese', 'Azerbaijani', 'Bangla', 'Basque', 'Belarusian', 'Bosnian', 'Catalan', 'Cherokee', 'Croatian', 'Dari', 'Estonian', 'Filipino', 'Galician', 'Georgian', 'Gujarati', 'Hausa', 'Hebrew', 'Hindi', 'Icelandic', 'Igbo', 'Indonesian', 'Irish', K'iche', 'Kannada', 'Kazakh', 'Khmer', 'Kinyarwanda', 'Konkani', 'Kyrgyz', 'Latvian', 'Lithuanian', 'Luxembourgish', 'Macedonian', 'Malay', 'Malayalam', 'Maltese', 'Maori', 'Marathi', 'Mongolian', 'Nepali', 'Odia', 'Persian', 'Punjabi (Gurmukhi)', 'Punjabi (Shahmukhi)', 'Quechua', 'Scots', 'Serbian', 'Sindhi', 'Sinhala', 'Slovak', 'Slovenian', 'Sorani', 'Sotho', 'Swahili', 'Tajik', 'Tamil', 'Tatar', 'Telugu', 'Tigrinya', 'Tswana', 'Turkmen', 'Urdu', 'Uyghur', 'Uzbek', 'Valencian', 'Welsh', 'Wolof', 'Xhosa', 'Yoruba', 'Zulu']",True,False,False,0,0,0,0,18,245,0,Adolf Games,Adolf Games,"Single-player,Steam Achievements,Steam Trading Cards,Family Sharing","Action,Adventure,Indie",
Arcadegeddon,"Jul 18, 2023",50000 - 100000,75,0,0.0,0,3,"['English', 'French', 'Italian', 'German', 'Spanish - Spain', 'Japanese', 'Korean', 'Portuguese - Brazil', 'Russian', 'Traditional Chinese', 'Simplified Chinese']",True,False,False,0,0,543,187,50,420,393,IllFonic,IllFonic Publishing,"Single-player,Multi-player,PvP,Online PvP,Co-op,Online Co-op,Cross-Platform Multiplayer,Steam Achievements,Steam Trading Cards,In-App Purchases,Partial Controller Support,Stats","Action,Adventure,Free To Play","Rogue-lite,Arcade,Action,Third-Person Shooter,Shooter,Colorful,Looter Shooter,Action Roguelike,Adventure,Cyberpunk,Futuristic,Retro,PvP,Multiplayer,Online Co-Op,PvE,Singleplayer,Indie,Replay Value,Party Game"
Little drift,"Apr 13, 2021",0 - 20000,0,0,5.99,0,0,['English'],True,False,False,0,0,10,6,0,0,0,Vitok,Vitok,"Single-player,Family Sharing",Racing,"Racing,Third Person,Arcade,Singleplayer,Time Attack"
Cosmic Cash,"May 7, 2019",0 - 20000,0,0,1.99,0,0,['English'],True,False,False,0,0,2,2,0,0,0,Rabbit Hole Studios,Rabbit Hole Studios,"Single-player,Family Sharing","Simulation,Strategy","Strategy,Simulation"
Sector Sweep,"Nov 3, 2022",0 - 20000,0,0,2.99,0,0,['English'],True,False,False,0,0,14,2,33,0,0,Moonlit S.A.,Moonlit S.A.,"Single-player,Multi-player,Co-op,Shared/Split Screen Co-op,Shared/Split Screen,Steam Achievements,Full controller support,Steam Cloud,Steam Leaderboards,Remote Play Together,Family Sharing","Action,Indie,Early Access","Action Roguelike,Top-Down,Local Co-Op,Shoot 'Em Up,Singleplayer,Sci-fi,Western,Early Access,Rogue-like,Top-Down Shooter,Controller,2D,Pixel Graphics,Space,Action,Hero Shooter,Co-op,4 Player Local,Local Multiplayer,Score Attack"
Descending I - House of Nightmares,"Apr 9, 2021",20000 - 50000,0,0,0.99,0,0,['English'],True,False,False,0,0,43,5,0,0,0,Dungeon Games,Dungeon Games,"Single-player,Tracked Controller Support,VR Only,Family Sharing","Adventure,Indie","Adventure,VR,Horror,Puzzle,Psychological Horror,Interactive Fiction,First-Person,Singleplayer,Story Rich,Exploration,Hidden Object,3D,Atmospheric,Demons,Magic,Mystery,Surreal,Linear,Indie"
Keep the Heroes Out Playtest,"Jan 23, 2025",0 - 0,0,0,0.0,0,0,[],True,False,False,0,0,0,0,0,0,0,,,,,
Hades Ultimate Fighting Ball,"Mar 31, 2020",0 - 20000,0,0,5.99,0,0,"['French', 'English', 'Spanish - Spain', 'Portuguese - Portugal']",True,False,False,0,0,3,1,0,0,0,Hades Ultimate Fighting Ball,Hades Ultimate Fighting Ball,"Multi-player,PvP,Online PvP,Co-op,Online Co-op,Family Sharing","Action,Indie,Sports,Early Access","Action,Sports,Indie,Early Access,Gore,Violent,Sexual Content,Nudity,Multiplayer,Mature,Fighting"
Clicker Maker,"Mar 31, 2025",0 - 20000,0,0,5.99,0,0,"['English', 'French', 'Italian', 'German', 'Spanish - Spain', 'Portuguese - Portugal', 'Russian', 'Simplified Chinese', 'Japanese', 'Korean']",True,True,False,0,0,0,0,0,0,0,Bogoobee,Bogoobee,"Single-player,Family Sharing",Casual,
Fog Of War - Free Edition,"Feb 22, 2018",200000 - 500000,1,0,0.0,0,1,"['English', 'Russian']",True,False,False,0,0,916,827,0,0,800,Monkeys Lab.,Monkeys Lab.,Multi-player,"Violent,Gore,Action,Free To Play,Indie,Massively Multiplayer","Free to Play,World War II,Multiplayer,FPS,Action,Massively Multiplayer,Singleplayer,Open World,Violent,Gore,Shooter,First-Person,Indie,Co-op,War,Controller,Zombies,Realistic,Survival,Sexual Content"
Pinball Storm: Lokanta,"Jun 2, 2025",20000 - 50000,26,0,1.79,70,1,"['Simplified Chinese', 'English', 'French', 'Russian', 'Japanese', 'Traditional Chinese', 'Portuguese - Brazil', 'Korean', 'German', 'Turkish']",True,False,False,0,0,202,46,53,273,320,Aastral Dynamics,Aastral Dynamics,"Single-player,Steam Achievements,Full controller support,Steam Cloud,Family Sharing","Action,Indie","Action Roguelike,Early Access,Bullet Hell,Rogue-lite,Shoot 'Em Up,Action,Top-Down Shooter,2D,Rogue-like,RPG,Controller,Story Rich,Anime,Fantasy,Singleplayer,Survival,Top-Down,Adventure,Twin Stick Shooter,Multiple Endings"
Scarlet's Haunted Hotel,"Oct 24, 2024",0 - 20000,0,0,15.19,0,0,"['English', 'French', 'Italian', 'German', 'Spanish - Spain', 'Dutch', 'Portuguese - Brazil']",True,True,False,0,0,8,0,33,0,0,"SQRT3,GameHouse",GameHouse,"Single-player,Steam Achievements,Steam Cloud,Family Sharing","Adventure,Casual,Strategy","Adventure,Casual,Strategy,Action-Adventure,Point & Click,Time Management,2D,Cartoony,Drama,Mystery,Dark,Horror,Story Rich,Narration,Tutorial,Singleplayer"
Faux,"Mar 18, 2019",0 - 20000,0,10,1.99,0,1,['English'],True,False,False,0,0,4,4,10,0,0,Pelagames,Pelagames,"Single-player,Steam Achievements,Partial Controller Support,Family Sharing","Action,Indie","Action,Indie,Gore,Platformer,2D,Difficult"
Panda in the clouds,"Aug 23, 2021",20000 - 50000,0,0,0.69,65,0,['English'],True,False,False,0,0,15,0,30,0,0,Attack Studio,Attack Studio,"Single-player,Steam Achievements,Family Sharing",Casual,"Grid-Based Movement,Flight,Puzzle-Platformer,Choices Matter,Family Friendly,Puzzle,Silent Protagonist,Atmospheric,Singleplayer,Relaxing,Stylized,Casual,Cute,Logic,Education,3D"
Rogue Tower,"Jan 28, 2022",500000 - 1000000,147,0,9.74,35,1,['English'],True,False,False,0,0,4637,996,140,5611,1573,Die of Death Games,Die of Death Games,"Single-player,Steam Achievements,Family Sharing","Casual,Strategy","Tower Defense,Strategy,Rogue-like,Casual,Procedural Generation,3D,Minimalist,Base-Building,Rogue-lite,Singleplayer,Building,Colorful,Isometric,Fantasy,Cartoony,Medieval,Magic,Indie"
BioShock™ Remastered,"Sep 15, 2016",2000000 - 5000000,364,17,4.99,75,0,"['English', 'French', 'Italian', 'German', 'Spanish - Spain', 'Japanese', 'Simplified Chinese']",True,True,False,80,0,47962,10301,65,49103,466,"2K Boston,2K Australia,Blind Squirrel,Feral Interactive (Mac)","2K,Feral Interactive (Mac)","Single-player,Steam Achievements,Full controller support,Steam Trading Cards,Steam Cloud,Commentary available,Remote Play on Phone,Remote Play on Tablet,Remote Play on TV,Family Sharing","Action,RPG","FPS,Story Rich,Atmospheric,Horror,Singleplayer,First-Person,Action,Dystopian,Shooter,Underwater,Steampunk,Sci-fi,Dark,Adventure,Classic,Great Soundtrack,Immersive Sim,Alternate History,Remake,RPG"
You Are Bugs Playtest,"Jan 28, 2024",0 - 0,0,0,0.0,0,0,[],True,False,False,0,0,0,0,0,0,0,,,,,
Sipssassin,"May 2, 2025",20000 - 50000,0,0,6.49,0,0,['English'],True,False,False,0,0,7,0,60,0,0,Simmering Studios,Simmering Studios,"Single-player,Steam Achievements,Full controller support,Steam Cloud,Family Sharing","Action,Adventure,Indie","Stealth,Assassin,Ninja,Exploration,Sandbox,Action-Adventure,2D,Parody,Comic Book,Game Development,Noir,Top-Down,Funny,Controller,Nonlinear,Action,Cartoony,Hand-drawn,Stylized,Tactical"
LEGO® Star Wars™ - The Complete Saga,"Nov 12, 2009",1000000 - 2000000,334,0,6.99,65,0,"['English', 'French', 'Italian', 'German', 'Spanish - Spain']",True,False,False,77,0,23000,787,0,19944,1024,Traveller's Tales,"LucasArts,Lucasfilm,Disney","Single-player,Multi-player,Shared/Split Screen,Full controller support,Steam Cloud,Remote Play on Phone,Remote Play on Tablet,Remote Play on TV,Remote Play Together,Family Sharing",Adventure,"LEGO,Local Co-Op,Adventure,Co-op,Family Friendly,Multiplayer,Comedy,Singleplayer,Funny,Classic,Action,Sci-fi,Local Multiplayer,Great Soundtrack,Space,Controller,Casual,Puzzle,Open World,Online Co-Op"
PLANET ALPHA,"Sep 4, 2018",100000 - 200000,0,0,2.99,70,2,"['English', 'French', 'Italian', 'German', 'Spanish - Spain', 'Danish', 'Romanian', 'Russian', 'Swedish', 'Japanese', 'Korean', 'Simplified Chinese']",True,False,False,72,0,735,311,16,592,204,Planet Alpha ApS,Team17 Digital Ltd,"Single-player,Steam Achievements,Full controller support,Steam Trading Cards,Steam Cloud,Family Sharing","Action,Adventure,Indie","Adventure,Indie,Action,Platformer,Atmospheric,2.5D,Aliens,Side Scroller,Sci-fi,Space,Exploration,Survival,Singleplayer,Stealth,Open World,Puzzle-Platformer"
Snekteks,"Aug 22, 2025",0 - 20000,0,0,1.99,0,0,['English'],True,False,False,0,0,0,0,5,0,0,Florian Wunnenberg,Florian Wunnenberg,"Multi-player,PvP,Online PvP,Steam Achievements,Adjustable Text Size,Custom Volume Controls,Keyboard Only Option,Mouse Only Option,Playable without Timed Input,Stereo Sound,Touch Only Option,Stats,Family Sharing","Action,Early Access",
Starfall Defenders,"Jul 28, 2025",0 - 20000,0,0,1.79,40,0,['English'],True,False,False,0,0,0,0,70,0,0,EntwicklerX,EntwicklerX,"Single-player,Steam Achievements,Full controller support,Steam Cloud,Family Sharing","Action,Strategy",
Trilogy KING MAN,"May 22, 2021",0 - 20000,0,0,0.99,90,0,['English'],True,True,True,0,0,1,0,0,0,0,ERMedia,Plug In Digital,"Single-player,Full controller support,Family Sharing",Indie,"Action,Platformer,Puzzle,2D Platformer,Puzzle-Platformer,2D,Cartoony,Colorful,Pixel Graphics,1990's,Old School,Family Friendly,Comedy,Retro,Funny,Controller,Story Rich,Narration,Singleplayer,Indie"
Beyond the Bridge,"Dec 11, 2024",0 - 20000,0,0,4.99,0,0,"['English', 'French', 'Japanese']",True,False,True,0,0,8,0,0,0,0,Sacker Games,Sacker Games,"Single-player,Family Sharing","Adventure,Indie,RPG","RPG,Rogue-like,Dungeon Crawler,Traditional Roguelike,2D,Pixel Graphics,Top-Down,Dark Fantasy,Fantasy,Indie,Medieval,Adventure,Procedural Generation,Turn-Based Tactics,Singleplayer"
Aleph Playtest,"Feb 22, 2024",0 - 0,0,0,0.0,0,0,[],True,False,False,0,0,0,0,9,0,0,,,,,
Panda Run,"Aug 31, 2017",0 - 20000,0,0,0.59,70,0,['English'],True,False,False,0,0,104,55,5000,156,95,Jam,Jam,"Single-player,Steam Achievements,Family Sharing","Adventure,Casual,Indie","Adventure,Casual,Indie,Action-Adventure,Arcade,Platformer,2D Platformer,Point & Click,Collectathon,2D,Cartoon,Cartoony,Colorful,Cute,Family Friendly,Funny,Nature,Relaxing,Score Attack,Singleplayer"
Finger Soccer,"Sep 1, 2025",0 - 0,0,0,2.99,0,0,"['English', 'French', 'Italian', 'German', 'Spanish - Spain', 'Arabic', 'Japanese', 'Korean', 'Portuguese - Brazil', 'Portuguese - Portugal', 'Russian', 'Simplified Chinese', 'Spanish - Latin America', 'Traditional Chinese']",True,False,False,0,0,0,0,0,0,0,Hard Shark Games,Hard Shark Games,"Single-player,Multi-player,PvP,Shared/Split Screen PvP,Shared/Split Screen,Remote Play Together,Family Sharing","Casual,Indie,Sports,Early Access",
Astralis,"Apr 28, 2021",100000 - 200000,0,0,2.99,0,0,['English'],True,False,False,0,0,2,0,0,0,0,Vizek,Vizek,"Single-player,Family Sharing",Action,"Action,FPS,Sci-fi,Singleplayer,First-Person,Shooter,Perma Death"
A Car That Turns,"Jun 28, 2023",0 - 20000,0,0,1.99,0,0,['English'],True,True,True,0,0,1,0,0,0,0,Amir Rajan,Scratchwork Development LLC,"Single-player,Multi-player,Co-op,Shared/Split Screen Co-op,Shared/Split Screen,Full controller support,Remote Play on TV,Remote Play Together,Family Sharing","Indie,Racing","Racing,Arcade,Automobile Sim,2D,1980s,Controller,Indie,Singleplayer"
Cruel Reality: A horrible dream,"May 22, 2023",20000 - 50000,0,0,1.99,0,0,"['English', 'Russian']",True,False,False,0,0,41,1,18,0,0,Keer&Deem Creations,Keer&Deem Creations,"Single-player,Steam Achievements,Family Sharing","Adventure,Casual,Indie","Casual,Design & Illustration,Word Game,2D,Minimalist,Pixel Graphics,Psychedelic,1990's,Alternate History,Survival,Detective,Drama,Dark,Old School,Parody,Psychological Horror,Retro,Funny,Modern,Adventure"
Chorus of the Night,"Dec 27, 2022",20000 - 50000,0,0,0.59,0,0,['English'],True,True,False,0,0,6,1,14,0,0,Matt Sayer,Matt Sayer,"Single-player,Steam Achievements,Full controller support,Steam Cloud,Stats,Family Sharing","Action,Indie","Action Roguelike,Bullet Hell,Top-Down Shooter,Rogue-lite,Shooter,Arcade,Rogue-like,2D,Top-Down,Action,Post-apocalyptic,Controller,Pixel Graphics,Retro,Combat,Singleplayer,Music,Indie"
Retro War,"Jul 17, 2020",0 - 20000,0,0,0.0,0,0,"['English', 'Spanish - Spain', 'Polish', 'French', 'Spanish - Latin America', 'Portuguese - Portugal', 'Italian', 'German', 'Danish', 'Norwegian', 'Swedish', 'Simplified Chinese', 'Traditional Chinese', 'Greek', 'Japanese', 'Portuguese - Brazil', 'Russian', 'Arabic', 'Bulgarian', 'Czech', 'Dutch', 'Hungarian', 'Romanian', 'Turkish', 'Vietnamese']",True,False,False,0,0,23,3,21,0,0,Madirex,Madirex,"Single-player,Steam Achievements,Full controller support,Steam Cloud","Action,Free To Play,Indie,Strategy","Action,Strategy,Action-Adventure,Wargame,2D,Sci-fi,Retro,Free to Play,Indie,Singleplayer,Quick-Time Events"
Garten of Banban 8: Anti Devil,"Aug 28, 2025",0 - 20000,0,0,9.99,0,0,"['English', 'French', 'German', 'Arabic', 'Bulgarian', 'Czech', 'Danish', 'Dutch', 'Finnish', 'Hungarian', 'Indonesian', 'Japanese', 'Korean', 'Norwegian', 'Polish', 'Portuguese - Brazil', 'Portuguese - Portugal', 'Romanian', 'Russian', 'Simplified Chinese', 'Spanish - Latin America', 'Swedish', 'Turkish', 'Ukrainian', 'Italian', 'Spanish - Spain']",True,False,False,0,0,0,0,0,1234,786,Euphoric Brothers,Euphoric Brothers,"Single-player,Partial Controller Support,Family Sharing","Action,Adventure,Casual,Indie",
Longvinter,"Feb 21, 2025",100000 - 200000,319,0,5.99,70,1,"['English', 'French', 'German', 'Spanish - Spain', 'Korean', 'Simplified Chinese', 'Thai', 'Dutch', 'Russian', 'Spanish - Latin America', 'Vietnamese', 'Italian', 'Portuguese - Portugal', 'Turkish', 'Japanese']",True,False,False,0,0,4789,2202,50,6678,780,Uuvana Studios,Uuvana Studios,"Multi-player,MMO,PvP,Online PvP,Co-op,Online Co-op,Steam Achievements,In-App Purchases,Partial Controller Support","Action,Adventure,Massively Multiplayer,RPG,Simulation","Multiplayer,Survival,Crafting,Open World,Open World Survival Craft,Sandbox,PvP,Building,Adventure,Co-op,Exploration,Cute,Shooter,Action,Nature,Economy,Walking Simulator,Stylized,Action-Adventure,Base-Building"
ORIMON.1 - Bilfy & Krotroklon,"May 17, 2021",0 - 20000,0,0,1.99,0,0,"['English', 'Simplified Chinese', 'Portuguese - Brazil', 'Russian']",True,False,False,0,0,13,2,10,0,0,Star Shell,Star Shell,"Single-player,Family Sharing","Casual,Indie","Casual,Indie,Arcade,Comic Book,Narration,Aliens,Funny,Conversation,Colorful,Creature Collector,Cartoony,Cute,Philosophical,Singleplayer,2D,Female Protagonist"
Selatria: Advent of the Dakk'rian Empire,"Feb 3, 2017",0 - 20000,0,0,0.99,80,0,['English'],True,False,False,0,0,13,6,0,0,242,Whim Independent Studios,Whim Independent Studios,"Single-player,Full controller support,Steam Trading Cards,Steam Cloud,Family Sharing","Adventure,Casual,Indie,RPG,Strategy","Adventure,Casual,Indie,RPG,Strategy,RPGMaker"
scratched!,"Feb 11, 2025",0 - 20000,0,0,3.99,0,0,['English'],True,False,True,0,0,0,0,1,0,0,Second Row Software,Second Row Software,"Single-player,Steam Achievements,Steam Cloud,Family Sharing",Indie,
Teddy Roller 1,"Oct 1, 2024",0 - 20000,0,0,3.24,35,0,['English'],True,False,False,0,0,4,1,0,0,0,Solar Lunar Software,Solar Lunar Software,"Single-player,Full controller support,Family Sharing",Indie,"Arcade,3D Platformer,Third Person,Indie,Precision Platformer,Runner,Platformer,Adventure,3D,Cute,Old School,Action,Retro,Colorful,Parkour,1990's,Singleplayer,Nonlinear,Funny,Physics"
Blade Walker,"Nov 18, 2021",0 - 20000,0,0,0.0,0,0,['English'],True,False,False,0,0,30,21,0,0,0,JW Eel Slug,JW Eel Slug,"Single-player,Family Sharing","Casual,Indie,Free To Play","Casual,Puzzle,Experimental,First-Person,Dystopian,Mystery,Sci-fi,Free to Play,Singleplayer,Indie,Atmospheric"
Wills and Wonders,"Aug 22, 2016",0 - 20000,0,0,9.99,0,0,['English'],True,False,False,0,0,5,1,0,0,0,On The Wall Entertainment,On The Wall Entertainment,"Single-player,Steam Cloud,Family Sharing","Adventure,Casual,Indie,RPG,Strategy,Early Access","Strategy,Adventure,RPG,Early Access,Casual,Indie"
The Escape Room Chronicles ep1:The Mysterious KumaDonald's,"Jan 16, 2025",0 - 20000,0,0,2.99,50,0,"['English', 'Simplified Chinese', 'Traditional Chinese', 'Japanese']",True,False,False,0,0,9,2,5,0,0,INTENSE,D3PUBLISHER,"Single-player,Steam Achievements,Steam Trading Cards,Partial Controller Support,Steam Cloud,Family Sharing",Adventure,"Adventure,Escape Room,Investigation,Hidden Object,Puzzle,Mystery,Visual Novel,Point & Click,Singleplayer"
Lost in Random: The Eternal Die,"Jun 17, 2025",0 - 20000,0,0,14.99,0,5,"['English', 'French', 'Italian', 'German', 'Spanish - Spain', 'Japanese', 'Polish', 'Portuguese - Brazil', 'Simplified Chinese', 'Traditional Chinese', 'Arabic', 'Korean', 'Russian', 'Spanish - Latin America', 'Thai', 'Turkish', 'Ukrainian', 'Hungarian']",True,False,False,0,0,0,0,41,600,733,Stormteller Games,Thunderful Publishing,"Single-player,Steam Achievements,Full controller support,Steam Trading Cards,Camera Comfort,Custom Volume Controls,Adjustable Difficulty,Save Anytime,Subtitle Options,Steam Cloud,Steam Leaderboards,Family Sharing","Action,Adventure,RPG",
Forgotten Forest: Eye of the Great One,"May 20, 2021",20000 - 50000,0,0,19.99,0,0,['English'],True,True,True,0,0,1,1,0,0,0,BarzsiGames,BarzsiGames,"Single-player,Family Sharing","Action,Adventure,Indie","Adventure,Action,Horror,Female Protagonist,Survival Horror,Mystery,Action-Adventure,Point & Click,Choices Matter,Puzzle,Walking Simulator,Clicker,Lovecraftian,Hidden Object,Multiple Endings,Logic,Atmospheric,Psychological Horror,Detective,Investigation"
SCP: Secret Files,"Sep 13, 2022",100000 - 200000,7,0,14.99,0,0,"['English', 'French', 'Spanish - Spain', 'Russian', 'Japanese', 'Simplified Chinese', 'Traditional Chinese', 'Italian', 'German', 'Korean']",True,False,False,0,0,4268,553,21,3891,299,GameZoo Studio,Pixmain,"Single-player,Steam Achievements,Steam Cloud,Family Sharing","Adventure,Indie","Adventure,Story Rich,Psychological Horror,Atmospheric,Mystery,Puzzle,Horror,Walking Simulator,3D,Singleplayer,Exploration,Immersive Sim,First-Person,Indie,Drama,Emotional,RPG,Thriller,Quick-Time Events,Multiplayer"
Farjob,"Aug 21, 2018",0 - 20000,0,0,0.0,0,0,['English'],True,True,False,0,0,9,2,7,0,0,Simon Kaley,Simon Kaley,"Single-player,Steam Achievements,Partial Controller Support","Action,Indie","Action,Indie,Platformer"
Captain Disaster in: Death Has A Million Stomping Boots,"May 28, 2020",0 - 20000,0,0,2.19,0,0,['English'],True,False,False,0,0,22,1,0,0,0,"Dave Seaman,R Riebau",Team Disaster,"Single-player,Family Sharing",Adventure,"Adventure,Point & Click,Comedy,Sci-fi,Old School,Retro,2D,Singleplayer,Funny"
Kidduca,"Dec 26, 2021",0 - 20000,0,0,9.99,0,0,"['English', 'French', 'Italian', 'German', 'Spanish - Spain', 'Arabic', 'Bulgarian', 'Portuguese - Brazil', 'Hungarian', 'Vietnamese', 'Greek', 'Danish', 'Spanish - Latin America', 'Traditional Chinese', 'Simplified Chinese', 'Korean', 'Dutch', 'Norwegian', 'Polish', 'Portuguese - Portugal', 'Romanian', 'Russian', 'Thai', 'Turkish', 'Ukrainian', 'Finnish', 'Czech', 'Swedish', 'Japanese', 'Indonesian']",True,False,False,0,0,2,1,1,0,0,"RMB Games - Free learning games fo Kids,RMB Games - Educational Academy","RMB Games - Free learning games fo Kids,RMB Games - Educational Academy","Single-player,Family Sharing","Adventure,Casual,Indie,Racing,Sports","Racing,Casual,Adventure,Software,Sports,RPG,Simulation,Strategy,Action,Education,Puzzle,Rhythm,Hidden Object,Cute,Family Friendly,Open World,Singleplayer,Indie"
Coal Mining Simulator Playtest,"Dec 20, 2021",0 - 0,0,0,0.0,0,0,[],True,False,False,0,0,0,0,0,0,0,,,,,
Revenge of the Boxer: Moscow Criminality,"Jul 22, 2024",0 - 20000,1,0,0.99,80,1,"['English', 'Russian']",True,False,False,0,0,133,15,0,150,161,Alligator Friends Software,Strategy First,"Single-player,Steam Trading Cards,Remote Play Together,Family Sharing",Action,"Fighting,3D Fighter,Action,Boxing,Combat,Singleplayer,Multiplayer,PvP,PvE,Adventure,Spectacle fighter,3D,Abstract,Third Person,Atmospheric,Story Rich,1990's,Crime,Noir,Comedy"
LiBER,"Jan 11, 2022",0 - 20000,0,0,1.99,75,1,"['English', 'Russian']",True,False,False,0,0,88,20,26,0,0,OLKON GAMES,OLKON GAMES,"Single-player,Full controller support,Family Sharing","Action,Adventure,Indie","Adventure,Action,3D,Third Person,Historical,Stealth,Story Rich,Linear,Singleplayer,Indie,Atmospheric,Action-Adventure,Western,Time Travel,Vikings,Mystery Dungeon"
Out of Sight,"Jun 27, 2025",0 - 20000,0,0,4.99,50,0,['English'],True,False,False,0,0,0,0,20,0,0,Mainframe Games,Mainframe Games,"Single-player,Multi-player,Co-op,Shared/Split Screen Co-op,Shared/Split Screen,Steam Achievements,Full controller support,Custom Volume Controls,Stereo Sound,Steam Cloud,Remote Play Together,Family Sharing","Action,Indie,Strategy",
Flip That Coin!,"Mar 2, 2023",0 - 20000,1,0,0.49,51,0,"['English', 'Japanese', 'Russian', 'Simplified Chinese']",True,False,False,0,0,12,9,15,0,0,Simon Eftestol,Simon Eftestol,"Single-player,Steam Achievements,Steam Cloud,Family Sharing","Casual,Indie,Simulation","Casual,Point & Click,Rhythm,Clicker,Collectathon,Time Management,2D,Cartoon,Cartoony,Colorful,Cute,Minimalist,Stylized,Family Friendly,Funny,Linear,Score Attack,Singleplayer,Fast-Paced,Indie"
Planetary Delivery,"Jun 20, 2023",0 - 20000,0,0,1.99,0,0,['English'],True,False,False,0,0,5,1,8,0,0,Enectroler,Enectroler,"Single-player,Steam Achievements,Family Sharing","Adventure,Casual,Indie,Simulation","Casual,Adventure,Open World,Education,3D,Singleplayer,Hidden Object,Indie,Top-Down,Simulation,Choices Matter,Colorful,Cute,Puzzle,Action-Adventure,Political Sim,Sokoban,Twin Stick Shooter,Third Person,Family Friendly"
R1sikoChess,"Nov 10, 2023",0 - 20000,0,0,8.99,0,0,['English'],True,False,False,0,0,0,0,0,0,0,Aldo Campodonico,Aldo Campodonico,"Single-player,Family Sharing","Indie,Simulation,Strategy",
Guild Wars® Reforged,"Dec 3, 2025",0 - 20000,86,0,19.99,0,2,"['English', 'French', 'Italian', 'German', 'Spanish - Spain', 'Japanese', 'Korean', 'Polish', 'Russian']",True,False,False,0,0,0,0,0,2205,1746,ArenaNet®,"ArenaNet®,NCSOFT","Single-player,Multi-player,MMO,PvP,Online PvP,Co-op,Online Co-op,Full controller support,In-App Purchases,Adjustable Text Size,Custom Volume Controls,Keyboard Only Option,Playable without Timed Input,Stereo Sound,Subtitle Options,Surround Sound,Family Sharing","Action,Adventure,Massively Multiplayer,RPG",
5 Star Rio Resort,"Jun 30, 2017",0 - 20000,0,0,1.79,0,0,"['English', 'French', 'German']",True,False,False,0,0,20,10,0,0,0,familyplay,familyplay,"Single-player,Family Sharing",Casual,"Casual,Match 3,Card Game,Solitaire,Strategy,Building,Female Protagonist"
Intrepid,"Dec 22, 2018",20000 - 50000,0,0,0.0,0,0,['English'],True,True,True,0,0,56,57,0,0,0,Miskatonic Studio,Miskatonic Studio,Single-player,"Adventure,Free To Play,Indie","Free to Play,Adventure,Indie,Escape Room"
MAHOUTEQ!,"Sep 12, 2025",0 - 20000,0,0,1.19,40,0,"['English', 'Russian', 'French', 'Korean']",True,True,True,0,0,0,0,8,521,0,motijan,SHRIMP POND,"Single-player,Steam Achievements,Family Sharing","Adventure,Indie",
New Gundam Breaker,"Sep 24, 2018",100000 - 200000,1,0,49.99,0,0,"['English', 'French', 'Italian', 'German', 'Spanish - Spain', 'Japanese', 'Korean', 'Simplified Chinese', 'Traditional Chinese']",True,False,False,0,0,1016,1349,41,1702,445,"CRAFTS & MEISTER Co., Ltd.",BANDAI NAMCO Entertainment,"Single-player,Multi-player,PvP,Online PvP,Steam Achievements,Steam Trading Cards,Captions available,Partial Controller Support,Steam Cloud,Family Sharing",Action,"Mechs,Action,Anime,Character Customization,Multiplayer,Dating Sim,Robots,Visual Novel,Singleplayer"
Hentai Clicker: Stella is streaming,"Dec 11, 2025",0 - 20000,0,0,2.99,0,0,"['English', 'French', 'Italian', 'German', 'Spanish - Spain', 'Korean', 'Japanese', 'Portuguese - Portugal', 'Russian']",True,True,True,0,0,0,0,2,0,0,Sexy Baguette Studio,Sexy Baguette Studio,"Single-player,Steam Achievements,Family Sharing","Casual,Indie",
Pilli Adventure,"Dec 6, 2017",0 - 20000,0,0,4.99,0,0,"['English', 'Spanish - Spain']",True,False,False,0,0,1,0,8,0,0,Tavo,Calaca studios,"Single-player,Full controller support,Family Sharing","Action,Adventure,Indie","Action,Adventure,Indie"
How Heavy Are My Nuts?,"Mar 16, 2024",0 - 20000,0,0,0.99,0,0,['English'],True,False,False,0,0,0,0,13,0,0,Brass Nuts,Brass Nuts,"Single-player,Family Sharing",Casual,
RP7 Playtest,"Aug 9, 2023",0 - 0,0,0,0.0,0,0,[],True,False,False,0,0,0,0,0,0,0,,,,,
Merchant's Game,"Sep 1, 2022",0 - 20000,0,0,1.46,51,0,['English'],True,False,False,0,0,3,3,0,0,0,Can Universe,"Can Universe,Lisa's Magical Cult","Single-player,Family Sharing","Adventure,Indie,Simulation","Adventure,Simulation,Sandbox,Life Sim,Choose Your Own Adventure,Clicker,2D,Pixel Graphics,LGBTQ+,Logic,Medieval,Mythology,Choices Matter,Female Protagonist,Inventory Management,Trading,Singleplayer,Indie"
Shockwaves,"Feb 23, 2024",0 - 20000,0,0,0.0,0,0,['English'],True,False,False,0,0,0,0,7,0,0,Steags,Qualia Interactive,"Single-player,Steam Achievements,Steam Leaderboards","Casual,Indie,Strategy,Free To Play","Strategy,Puzzle,Relaxing,Colorful,Minimalist,Stylized,Singleplayer,Indie,Casual,Futuristic,Grid-Based Movement,Competitive,Replay Value"
Ghoul Kid,"Apr 26, 2016",50000 - 100000,0,0,0.0,0,0,['English'],True,False,False,0,0,123,39,11,0,13,Specter Game Studios,Specter Game Studios,"Single-player,Partial Controller Support","Casual,Free To Play,Indie,Strategy","Free to Play,Casual,Strategy,Indie,Horror"
Candy Island,"Nov 27, 2016",0 - 20000,0,0,0.99,0,0,['English'],True,False,False,0,0,2,3,0,0,0,Fun Rainbow,Fun Rainbow,"Single-player,Tracked Controller Support,VR Only,Family Sharing","Casual,Indie","Casual,Indie,VR"
Louis,"Aug 24, 2025",0 - 0,0,0,1.49,0,0,"['English', 'Portuguese - Brazil', 'French', 'German', 'Spanish - Spain', 'Japanese', 'Polish', 'Russian', 'Simplified Chinese', 'Thai', 'Vietnamese']",True,False,False,0,0,0,0,23,0,0,Ramon Amorim,RA Desenvolvimento de Jogos,"Single-player,Steam Achievements,Full controller support,Custom Volume Controls,Keyboard Only Option,Mouse Only Option,Playable without Timed Input,Stereo Sound,Steam Cloud,Family Sharing","Adventure,Casual,Indie",
The Mobius Machine Playtest,"Dec 4, 2023",0 - 0,0,0,0.0,0,0,[],True,False,False,0,0,0,0,0,0,0,,,,,
生死线 Dead Line,"Sep 6, 2017",0 - 20000,0,0,6.99,0,3,"['English', 'Simplified Chinese', 'Traditional Chinese']",True,False,False,0,0,3,3,18,0,0,"Shanghai Niuka Network Technology Co.,Ltd.","Shanghai Niuka Network Technology Co.,Ltd.","Single-player,Steam Achievements,Tracked Controller Support,VR Only,Family Sharing","Violent,Gore","Gore,Violent,VR"
50 Level Survival,"Jun 22, 2020",0 - 20000,0,0,0.99,0,0,['English'],True,False,False,0,0,0,2,0,0,0,SL,SL,"Single-player,Family Sharing","Adventure,Casual,Indie","Casual,Adventure,Indie"
Captive,"Apr 8, 2018",0 - 20000,0,0,1.39,0,0,['English'],True,False,False,0,0,106,9,13,0,0,Dead Inside Studio,Dead Inside Studio,"Single-player,Steam Achievements,Full controller support,Steam Cloud,Family Sharing","Indie,RPG","Indie,RPG,Female Protagonist,Horror,Atmospheric,Mystery,RPGMaker"
Smoots Crazy Wave,"Aug 28, 2025",0 - 0,0,0,8.79,0,0,"['English', 'French', 'Italian', 'German', 'Spanish - Spain', 'Japanese', 'Korean', 'Catalan', 'Portuguese - Portugal']",True,False,False,0,0,0,0,28,0,0,Kaneda Games,JanduSoft,"Single-player,Multi-player,PvP,Shared/Split Screen PvP,Shared/Split Screen,Steam Achievements,Custom Volume Controls,Playable without Timed Input,Partial Controller Support,Steam Cloud,Remote Play Together,Family Sharing","Casual,Indie,Racing,Sports",
Foreskin Fury,"Apr 26, 2024",0 - 20000,0,0,3.99,0,0,"['English', 'French', 'Simplified Chinese']",True,False,True,0,0,75,11,0,0,0,Stupid Industries,Stupid Industries,"Single-player,Multi-player,PvP,Online PvP,Cross-Platform Multiplayer,Partial Controller Support,Steam Cloud,Family Sharing","Action,Casual,Indie","Funny,Physics,Multiplayer,3D Fighter,Action,Casual,Fighting,Party Game,Comedy,Party,PvP,Third Person,Sexual Content,Memes,NSFW,Mature,Character Customization,Controller,Cartoony,Indie"
SHAPELAND,"Aug 18, 2025",0 - 20000,0,0,4.99,75,0,['English'],True,False,False,0,0,0,0,63,0,0,MetaPlayer Studio,MetaPlayer Studio,"Single-player,Steam Achievements,Steam Leaderboards,Family Sharing","Action,Adventure,Strategy",
Poached : Hunt The Hunter,"Aug 26, 2023",0 - 20000,0,0,2.99,0,0,['English'],True,False,False,0,0,73,2,76,0,0,Ingozi Games,Ingozi Games,"Single-player,Steam Achievements,Full controller support,Captions available,Steam Cloud,Steam Leaderboards,Family Sharing","Action,Adventure,Early Access","FPS,Shooter,First-Person,Dark Humor,Open World,Action,Stealth,Cartoony,Crafting,Comedy,Adventure,Combat,Singleplayer,Violent,Early Access"
Cattle Admission Challenge,"Jan 6, 2020",0 - 20000,0,0,0.55,72,0,['English'],True,False,False,0,0,18,0,10,0,0,Revmatek,Revmatek,"Single-player,Steam Achievements,Family Sharing","Action,Adventure,Casual,Indie,Simulation","Casual,Action,Indie,Adventure,Simulation,Violent,Gore"
Spinning Top,"May 25, 2021",0 - 20000,0,0,5.99,0,0,"['English', 'French', 'German', 'Spanish - Spain', 'Russian', 'Japanese', 'Thai', 'Simplified Chinese', 'Traditional Chinese', 'Spanish - Latin America', 'Vietnamese', 'Korean']",True,False,False,0,0,0,0,0,0,0,Abula Studio,Abula Studio,"Single-player,Full controller support,Family Sharing","Action,Adventure,Casual,Indie,RPG,Simulation",
Pyrite Heart,"Sep 25, 2014",0 - 20000,1,0,2.49,50,0,['English'],True,True,True,0,0,187,94,0,240,190,Winged Cloud,Winged Cloud,"Single-player,Steam Trading Cards,Family Sharing","Nudity,Indie","Otome,Visual Novel,Anime,Indie,Female Protagonist,Dating Sim,Nudity,Singleplayer,Romance"
Horace,"Jul 18, 2019",50000 - 100000,1,0,4.49,70,1,"['English', 'French', 'Italian', 'German', 'Spanish - Spain']",True,False,False,81,0,535,130,58,336,309,"Paul Helman,Sean Scaplehorn",505 Games,"Single-player,Steam Achievements,Full controller support,Steam Cloud,Family Sharing","Action,Adventure,Indie","Indie,Story Rich,Adventure,Action,Platformer,Metroidvania,Pixel Graphics,Cinematic,Difficult,Puzzle-Platformer,2D,Comedy,Funny,Singleplayer,Retro,Side Scroller,Great Soundtrack,Atmospheric"
The Pioneers: Surviving Desolation,"Jan 20, 2023",50000 - 100000,1,0,29.99,0,0,"['English', 'French', 'Spanish - Spain', 'German', 'Russian', 'Swedish', 'Hungarian', 'Polish', 'Italian', 'Arabic', 'Bulgarian', 'Czech', 'Danish', 'Finnish', 'Indonesian', 'Japanese', 'Korean', 'Norwegian', 'Portuguese - Brazil', 'Portuguese - Portugal', 'Romanian', 'Thai', 'Turkish', 'Ukrainian', 'Vietnamese', 'Hindi', 'Serbian', 'Slovak', 'Slovenian', 'Simplified Chinese', 'Traditional Chinese']",True,False,False,0,0,295,106,0,378,547,Supercube,Supercube,"Single-player,Family Sharing","RPG,Simulation,Strategy,Early Access","Early Access,Top-Down,Survival,Management,Base-Building,Strategy,RPG,Crafting,Immersive Sim,Class-Based,Dynamic Narration,RTS,Simulation,Realistic,Life Sim,Character Customization,Real Time Tactics,Sci-fi,Resource Management,Fast-Paced"
Star Valor,"Aug 3, 2022",100000 - 200000,39,0,8.24,67,1,"['English', 'Portuguese - Brazil', 'German', 'Spanish - Spain', 'French', 'Russian', 'Simplified Chinese', 'Vietnamese', 'Korean', 'Polish', 'Italian']",True,False,False,0,0,2494,290,45,3032,780,Rafael Burgos,Rafael Burgos,"Single-player,Steam Achievements,Steam Trading Cards,Partial Controller Support,Steam Cloud,Family Sharing","Action,Indie,RPG","Space,Sandbox,Action,RPG,Loot,Exploration,Open World,Mining,Top-Down Shooter,Sci-fi,Procedural Generation,Atmospheric,Relaxing,Top-Down,Indie,Singleplayer,2.5D,2D,Aliens,Early Access"
This Is Not Your House,"Aug 23, 2024",20000 - 50000,0,0,0.49,0,1,['English'],True,False,False,0,0,152,28,10,225,0,Cody Tierson (Trash Eyes),Trash Eyes,"Single-player,Steam Achievements,Partial Controller Support,Steam Cloud,Family Sharing","Adventure,Indie","Interactive Fiction,Horror,Visual Novel,Psychological Horror,Surreal,Choose Your Own Adventure,Choices Matter,Abstract,Atmospheric,Multiple Endings,Psychological,Colorful,Pixel Graphics,2D,Psychedelic,Stylized,America,Thriller,Capitalism,Crime"
Angor,"Jun 25, 2024",0 - 20000,0,0,1.19,0,0,"['English', 'French']",True,True,True,0,0,1,0,0,0,0,Puca Games,Puca Games,"Single-player,Family Sharing","Adventure,Indie,RPG","Choose Your Own Adventure,Adventure,Text-Based,Choices Matter,Story Rich,Lovecraftian,RPG,Interactive Fiction,Combat,Horror,Demons,Dark Fantasy,Singleplayer,Logic,Puzzle-Platformer,Hidden Object,Stylized,Crime,Detective,Survival Horror"
Tower of Doom,"Jul 29, 2021",0 - 20000,0,0,14.99,0,0,['English'],True,False,False,0,0,12,2,25,0,0,Finn Lichtenberg,Finn Lichtenberg,"Single-player,Steam Achievements,Tracked Controller Support,VR Only,Stats,Steam Leaderboards,Family Sharing",Action,"Action,Arcade,VR,Shooter,Survival,Gun Customization,Bullet Hell,Turn-Based Combat,Looter Shooter,Bullet Time,Shoot 'Em Up,Robots,Singleplayer,3D,Cartoon,First-Person,Loot,Futuristic,Comedy,Quick-Time Events"
Handyman Corporation,"Jan 25, 2023",0 - 20000,0,0,0.95,92,0,"['English', 'German', 'Simplified Chinese', 'Russian', 'Turkish', 'French', 'Italian', 'Korean', 'Japanese', 'Polish', 'Portuguese - Brazil', 'Traditional Chinese']",True,False,False,0,0,74,65,22,119,58,Potato Games,CreativeForge Games,"Single-player,Steam Achievements,Family Sharing","Indie,Simulation","Simulation,Singleplayer,Casual,3D,Economy,Resource Management,Immersive Sim,Choose Your Own Adventure,Inventory Management,Choices Matter,Life Sim,Building,Management,City Builder,First-Person,Realistic,Capitalism,Relaxing,Level Editor,Indie"
Devilated,"Oct 28, 2024",0 - 20000,0,0,7.99,60,1,"['English', 'Vietnamese', 'Simplified Chinese', 'German']",True,False,False,0,0,170,39,12,150,134,Trunka,Neon Doctrine,"Single-player,Steam Achievements,Steam Trading Cards,Steam Workshop,Camera Comfort,Color Alternatives,Custom Volume Controls,Adjustable Difficulty,Stereo Sound,Surround Sound,Partial Controller Support,Steam Cloud,Includes level editor,Family Sharing","Action,Adventure,Casual,Indie,RPG","Arena Shooter,Boomer Shooter,FPS,Hero Shooter,Fast-Paced,Hidden Object,Shooter,First-Person,Horror,Dark Humor,Bullet Time,Casual,Demons,Blood,Retro,Atmospheric,Adventure,Dark,Old School,Singleplayer"
RAGMONTON ENDLESS for save indie game,"Mar 3, 2025",20000 - 50000,0,0,1.35,0,0,['English'],True,False,False,0,0,0,1,30,0,0,Sinned Games,Sinned Games,"Single-player,Multi-player,Co-op,Shared/Split Screen Co-op,Shared/Split Screen,Steam Achievements,Steam Leaderboards,Remote Play Together,Family Sharing",Action,"Action,Action Roguelike,Rogue-like,Shooter,Bullet Hell,Rogue-lite,Roguevania,2D,Aliens,Retro,Sci-fi,Survival,Controller,Physics,Procedural Generation,Score Attack,Multiplayer,Singleplayer,4 Player Local,Co-op"
星詠之詩 Playtest,"Aug 27, 2021",0 - 0,0,0,0.0,0,0,[],True,False,False,0,0,0,0,0,0,0,,,,,
Godless tower,"May 12, 2022",0 - 0,0,0,0.0,0,0,"['English', 'Simplified Chinese']",True,False,False,0,0,0,0,4,0,0,JXTD,JXTD,"Single-player,Steam Achievements,Captions available","Action,Adventure,Free To Play,Indie",
Brendon's Water Polo,"Jun 21, 2024",0 - 20000,0,0,8.99,0,0,['English'],True,True,True,0,0,0,0,0,0,0,Vincent Tulleners,Vincent Tulleners,"Single-player,Multi-player,Shared/Split Screen PvP,Shared/Split Screen,Remote Play Together,Family Sharing","Action,Casual,Sports",
Furry UwU,"Dec 19, 2022",0 - 20000,0,0,0.49,0,0,"['English', 'Italian', 'Spanish - Spain', 'Arabic', 'Portuguese - Brazil', 'Vietnamese', 'Danish', 'Traditional Chinese', 'Korean', 'Norwegian', 'Portuguese - Portugal', 'Russian', 'Turkish', 'Finnish', 'Swedish']",True,False,False,0,0,0,0,0,0,0,uwu lab,uwu lab,"Single-player,Family Sharing",Casual,
Pet Chan,"Dec 18, 2019",0 - 20000,1,0,0.99,0,1,"['English', 'French', 'Italian', 'German', 'Spanish - Spain', 'Danish', 'Ukrainian', 'Russian', 'Bulgarian', 'Hungarian', 'Turkish', 'Greek', 'Norwegian', 'Czech', 'Japanese', 'Polish', 'Thai', 'Swedish', 'Simplified Chinese', 'Traditional Chinese', 'Romanian', 'Finnish', 'Dutch', 'Portuguese - Portugal', 'Portuguese - Brazil', 'Spanish - Latin America', 'Vietnamese', 'Arabic', 'Korean']",True,False,False,0,0,42,20,0,0,0,PetGirl,PetGirl,"Single-player,Steam Cloud,Family Sharing","Casual,Indie,Simulation","Nudity,Sexual Content,Casual,Indie,Simulation,Anime,Female Protagonist,Hentai,Cute"
Torque Drift 2,"Nov 28, 2024",0 - 20000,23,0,9.99,50,0,"['English', 'French', 'Italian', 'German', 'Spanish - Spain', 'Japanese', 'Korean', 'Russian', 'Simplified Chinese', 'Turkish', 'Portuguese - Brazil', 'Portuguese - Portugal', 'Spanish - Latin America']",True,False,False,0,0,202,88,0,321,897,Grease Monkey Games,Grease Monkey Games,"Single-player,Multi-player,PvP,Online PvP,Co-op,Online Co-op,Cross-Platform Multiplayer,In-App Purchases,Partial Controller Support,Family Sharing","Action,Indie,Racing,Simulation,Sports,Early Access","Early Access,Indie,Driving,Racing,Realistic,Physics,Sports,Action,3D,Level Editor,Tutorial,Automobile Sim,Immersive Sim,Simulation,Singleplayer,Multiplayer,Online Co-Op,Co-op,First-Person,Third Person"
DRAGON BALL: Sparking! ZERO,"Oct 10, 2024",2000000 - 5000000,949,0,34.99,50,11,"['English', 'French', 'Italian', 'German', 'Spanish - Spain', 'Arabic', 'Indonesian', 'Spanish - Latin America', 'Portuguese - Brazil', 'Polish', 'Russian', 'Simplified Chinese', 'Traditional Chinese', 'Japanese', 'Korean', 'Thai']",True,False,False,83,0,58221,6959,50,46981,1540,"Spike Chunsoft Co., Ltd.",Bandai Namco Entertainment,"Single-player,Multi-player,PvP,Online PvP,Shared/Split Screen PvP,Shared/Split Screen,Steam Achievements,Full controller support,Camera Comfort,Custom Volume Controls,Stereo Sound,Steam Cloud,Remote Play Together,HDR available,Family Sharing",Action,"Anime,Action,Multiplayer,3D Fighter,Local Multiplayer,Fighting,PvP,Combat,Martial Arts,Singleplayer,Competitive,3D,Physics,Third Person,2.5D,Co-op,Action-Adventure,PvE,Open World,Spectacle fighter"
VanillaBeast: Retro Knock-Out!,"Jul 28, 2023",0 - 20000,0,0,4.99,50,0,['English'],True,False,False,0,0,0,0,20,0,0,Vanilla Gaming Company,Vanilla Gaming Company,"Single-player,Steam Achievements,Full controller support,Steam Cloud,Family Sharing","Casual,Indie,Sports",
Dunrog,"Oct 1, 2020",0 - 20000,0,0,0.99,75,0,"['English', 'Polish', 'German', 'Spanish - Latin America', 'Turkish', 'Simplified Chinese', 'Portuguese - Brazil']",True,False,False,0,0,26,16,0,0,0,OnionMilk,OnionMilk,"Single-player,Family Sharing","Action,Adventure,Indie,RPG","Action Roguelike,RPG,Indie,Action,Adventure,Voxel,Dungeon Crawler,First-Person,Fantasy,Rogue-lite,Singleplayer,Rogue-like,Retro,Pixel Graphics,Procedural Generation,Atmospheric,Action-Adventure,Exploration,Violent,Mystery Dungeon"
Fragile Feelings,"Oct 12, 2023",0 - 20000,0,0,7.79,40,0,['English'],True,True,True,0,0,46,1,10,0,0,ebi-hime,ebi-hime,"Single-player,Steam Achievements,Family Sharing",Casual,"Casual,Visual Novel,LGBTQ+,Anime,Female Protagonist,Romance,Cute,Drama,Emotional,Linear,Text-Based,Singleplayer,Simulation,Comedy,Relaxing,Story Rich,Indie,Nudity,Sexual Content,Wholesome"
Go Go Fight,"Jan 26, 2025",0 - 0,0,0,0.0,0,0,"['English', 'Simplified Chinese', 'Traditional Chinese', 'French', 'Italian', 'German', 'Spanish - Spain', 'Russian', 'Japanese', 'Portuguese - Portugal', 'Korean']",True,False,False,0,0,0,0,0,0,0,JunjieXian,JunjieXian,"Multi-player,PvP,Online PvP,Tracked Controller Support,VR Only,Steam Cloud","Action,Casual,Racing,Free To Play",
Turret Sector,"Aug 7, 2017",0 - 20000,0,0,5.99,0,0,['English'],True,False,False,0,0,2,3,0,0,0,Kittik Game Studio,Kittik Game Studio,"Single-player,Family Sharing","Action,Indie,Strategy","Indie,Strategy,Action,Tower Defense,Sci-fi,Top-Down Shooter,Robots"
Fargone,"Dec 23, 2022",20000 - 50000,1,0,5.99,50,0,['English'],True,False,False,0,0,310,132,16,472,615,RedDot Games,RedDot Games,"Single-player,Steam Achievements,Camera Comfort,Custom Volume Controls,Adjustable Difficulty,Playable without Timed Input,Save Anytime,Stereo Sound,Surround Sound,Partial Controller Support,Steam Cloud,Family Sharing","Action,RPG,Simulation,Early Access","Looter Shooter,FPS,Sandbox,Building,RPG,Survival,Crafting,Base-Building,Action,PvE,Character Customization,Action RPG,Post-apocalyptic,First-Person,Open World,Choices Matter,Stylized,Early Access,Simulation,Zombies"
Trust Issues Playtest,"Jan 4, 2025",0 - 0,0,0,0.0,0,0,[],True,False,False,0,0,0,0,0,0,0,,,,,
RERODENT,"Aug 14, 2024",0 - 20000,0,0,5.99,0,0,"['English', 'German', 'Czech', 'Polish', 'Japanese', 'Simplified Chinese', 'French']",True,False,False,0,0,8,2,21,0,0,Scinacz,Cywinskiweb,"Single-player,Steam Achievements,Family Sharing","Action,Adventure,Casual,Indie","Horror,Psychological Horror,Atmospheric,Demons,First-Person,Adventure,Puzzle,Lore-Rich,Story Rich,Stylized,Dark,Mystery,Stealth,Exploration,1990's,Action-Adventure,Action,Cinematic,Drama,3D"
Airplane shooting spree,"Mar 9, 2021",0 - 20000,0,0,4.99,0,0,['English'],True,False,False,0,0,0,0,0,0,0,Gorgeous Tower,Gorgeous Tower,"Single-player,Family Sharing",Casual,
The Almost Gone,"Jun 25, 2020",200000 - 500000,1,0,1.99,0,1,"['English', 'French', 'German', 'Spanish - Spain', 'Japanese', 'Korean', 'Simplified Chinese', 'Dutch']",True,True,False,67,0,913,222,12,958,89,Happy Volcano,"Playdigious Originals,XD","Single-player,Steam Achievements,Steam Cloud,Family Sharing","Adventure,Indie","Puzzle,Point & Click,Mystery,Adventure,Beautiful,Story Rich,Indie,Atmospheric,Singleplayer,Minimalist,Emotional,Isometric,Stylized,Female Protagonist,Surreal,Colorful,Investigation,Dark,Exploration,3D"
Bound By Blades Playtest,"May 12, 2022",0 - 0,0,0,0.0,0,0,[],True,False,False,0,0,0,0,0,0,0,,,,,
Mutant Frog,"Jan 27, 2024",0 - 20000,0,0,0.99,0,0,['English'],True,False,False,0,0,2,0,0,0,0,Run-O Games,Run-O Games,"Single-player,Family Sharing","Action,Adventure,Casual,Indie","Action,Casual,Adventure,Platformer,2D Platformer,2D,Nature,Indie,Story Rich,Singleplayer"
Another Nightmare,"Oct 25, 2024",0 - 20000,0,0,1.99,50,1,['English'],True,True,True,0,0,1,0,17,0,0,The Hemohscin Project,The Hemohscin Project,"Single-player,Steam Achievements,Steam Cloud,HDR available,Family Sharing","Adventure,Indie","Horror,Puzzle,Nonlinear,Lore-Rich,Multiple Endings,Story Rich,Resource Management,First-Person,Exploration,Abstract,Demons,Stealth,Stylized,3D,Adventure,Atmospheric,Dark,Singleplayer,Minimalist,Indie"
Hatch,"Sep 16, 2019",20000 - 50000,0,0,2.99,0,0,['English'],True,True,True,0,0,72,4,0,0,0,Rubeki Games,Rubeki Games,"Single-player,Family Sharing","Action,Adventure,Indie","First-Person,Indie,Action,Parkour,Platformer,Singleplayer,3D Platformer,Short,Surreal,Dark,Atmospheric,Relaxing,Retro,Walking Simulator,Exploration,Abstract,Minimalist,3D,Action-Adventure,Stylized"
Operator: Drones,"Aug 4, 2023",0 - 20000,0,0,8.99,0,0,['English'],True,False,False,0,0,0,0,0,0,0,GameOfToday,GameOfToday,"Single-player,Family Sharing","Action,Indie,Simulation,Early Access",
The Night Of The Penanggalan,"Nov 12, 2022",0 - 20000,0,0,2.99,0,0,['English'],True,False,False,0,0,7,3,0,0,0,Garuda Sakti,Garuda Sakti,"Single-player,Family Sharing","Adventure,Casual,Indie","Singleplayer,Indie,Survival Horror,Walking Simulator,Horror,Puzzle,3D,Retro,Psychological Horror,Casual,Vampire,Atmospheric,Adventure,1980s,1990's,Dark,Old School,Supernatural,Gore,First-Person"
D3L3T3.exe - Aplicativo do Mal a origem,"May 31, 2021",0 - 0,0,0,0.0,0,0,"['Portuguese - Brazil', 'English']",True,False,False,0,0,0,0,3,0,0,"Labbitspace,Oobyou",Oobyou,"Single-player,Partial Controller Support","Adventure,Indie",
Squirrel Day,"Feb 20, 2024",0 - 20000,0,0,14.99,0,0,['English'],True,False,False,0,0,1,1,0,0,0,Granite Top Games,Granite Top Games,"Single-player,VR Only,Family Sharing","Action,Casual,Simulation,Early Access","Exploration,Collectathon,Nature,Parkour,Racing,Physics,Platformer,First-Person,VR,Action,Relaxing,Nonlinear,Casual,Simulation,Family Friendly,6DOF,Singleplayer,Early Access"
Chiaro and the Elixir of Life,"Sep 14, 2018",0 - 20000,0,0,29.99,0,0,['English'],True,False,False,0,0,29,10,25,0,0,Martov Company,Martov Company,"Single-player,Tracked Controller Support,VR Only,Family Sharing","Adventure,RPG","Adventure,RPG,VR,Fantasy"
Friends' Kitchen Playtest,"Nov 6, 2024",0 - 0,0,0,0.0,0,0,[],True,False,False,0,0,0,0,0,0,0,,,,,
2236 A.D. Secretary Stories,"Jul 23, 2021",0 - 0,0,0,0.0,0,0,"['English', 'Japanese']",True,True,False,0,0,0,0,0,0,0,Chloro,Sekai Project,"Single-player,Steam Cloud","Casual,Indie",
Voice Shooter Pif Paf,"Jul 16, 2018",0 - 20000,0,0,1.99,0,0,['English'],True,False,False,0,0,2,2,0,0,0,Elbrus,EliumLab,"Single-player,Family Sharing","Casual,Indie","Indie,Casual"
Galactic Plague 2000,"Apr 30, 2025",0 - 20000,0,0,1.99,0,1,"['English', 'French', 'German', 'Spanish - Spain', 'Japanese', 'Portuguese - Portugal', 'Russian']",True,False,False,0,0,0,0,62,0,0,"Yacoobs C.M,TR Old School Gamer",Y3TuuStudio,"Single-player,Steam Achievements,Full controller support,Family Sharing","Action,Indie",
きおく花火,"Aug 7, 2024",0 - 20000,0,0,1.99,0,0,['Japanese'],True,False,False,0,0,0,0,0,0,0,APOLLON COMPANY LIMITED,APOLLON COMPANY LIMITED,"Single-player,Family Sharing","Action,Casual",
Encounter: The Lost Cards,"Oct 21, 2025",0 - 0,0,0,8.99,0,0,"['English', 'Simplified Chinese']",True,False,True,0,0,0,0,30,0,0,Salvatore Grosso,Encounter GG,"Single-player,Steam Achievements,Custom Volume Controls,Mouse Only Option,Playable without Timed Input,Save Anytime,Touch Only Option,Steam Cloud,Family Sharing","Adventure,Indie,RPG,Strategy,Early Access",
HIDDEN CATS: The last of cats,"May 31, 2024",0 - 0,0,0,0.0,0,2,"['English', 'Russian', 'Japanese']",True,True,True,0,0,0,0,17,0,0,Very Very LITTLE Studio,Very Very LITTLE Studio,"Single-player,Steam Achievements","Casual,Indie,Free To Play",
Hidden Paws,"Mar 22, 2018",50000 - 100000,0,0,0.59,0,0,"['English', 'Polish', 'Russian', 'German', 'Finnish', 'Danish', 'French', 'Dutch', 'Simplified Chinese', 'Japanese', 'Czech', 'Spanish - Spain', 'Italian', 'Turkish', 'Portuguese - Brazil']",True,True,False,0,0,731,126,8,827,100,Manic Hyena,Manic Hyena,"Single-player,Steam Achievements,Steam Trading Cards,Steam Cloud,Family Sharing","Casual,Indie","Relaxing,Cats,Hidden Object,Casual,Family Friendly,Cute,Puzzle,Fantasy,Colorful,Indie,3D,Atmospheric,Mouse only,Singleplayer,Stylized,Snow,Short,Exploration,Beautiful,Point & Click"
山间有点田-Sweet In the Mountains,"Aug 26, 2022",0 - 20000,1,0,8.39,30,0,['Simplified Chinese'],True,False,False,0,0,8,3,5,0,0,橙光游戏,橙光游戏,"Single-player,Steam Achievements,Family Sharing","Adventure,Casual,Indie,RPG,Simulation,Strategy","RPG,Simulation,Farming Sim,Casual,Adventure,Strategy,Interactive Fiction,Nature,Relaxing,Story Rich,Indie,Multiple Endings,Visual Novel,2D Platformer,Drama"
The Snare,"Jun 13, 2024",20000 - 50000,0,0,4.99,0,0,"['English', 'Turkish']",True,False,False,0,0,2,2,18,0,0,Ekrem Yaprak,Ekrem Yaprak,"Single-player,Steam Achievements,Family Sharing","Action,Adventure,Indie","Violent,Crime,Thriller,Survival Horror,Puzzle,Gore,Horror,Mystery,Action,Psychological Horror,Action-Adventure,Hidden Object,First-Person,3D,Singleplayer,Adventure,Drama,Indie,Dark,Conspiracy"
CaptMeow,"Dec 13, 2021",0 - 20000,0,0,0.99,0,0,['English'],True,False,False,0,0,3,1,0,0,0,Christopher V. Costello,ChristophercGaming LLC,"Single-player,Multi-player,PvP,LAN PvP,Family Sharing","Adventure,Casual,Indie,RPG","Adventure,RPG,Action RPG,Action-Adventure,Sandbox,Exploration,3D,Colorful,Stylized,Third Person,Building,Survival,Open World,PvE,PvP,Story Rich,Multiplayer,Singleplayer,Casual,Indie"
Balance 97.261/100,"Jun 1, 2023",0 - 0,0,0,0.0,0,0,"['English', 'French', 'Italian', 'German', 'Spanish - Spain', 'Danish', 'Ukrainian', 'Russian', 'Bulgarian', 'Hungarian', 'Turkish', 'Greek', 'Norwegian', 'Czech', 'Japanese', 'Polish', 'Thai', 'Swedish', 'Simplified Chinese', 'Traditional Chinese', 'Romanian', 'Finnish', 'Dutch', 'Portuguese - Brazil', 'Portuguese - Portugal', 'Spanish - Latin America', 'Vietnamese', 'Arabic', 'Korean', 'Uzbek', 'Urdu', 'Armenian', 'Igbo', 'Sindhi', 'Sinhala', 'Croatian', 'Icelandic', 'Cherokee', 'Galician', 'Catalan', 'Afrikaans', 'Kannada', 'Luxembourgish', 'Hindi', 'Indonesian', 'Gujarati', 'Kyrgyz', 'Kazakh', 'Turkmen', K'iche', 'Kinyarwanda', 'Tajik', 'Serbian', 'Odia', 'Welsh', 'Konkani', 'Bangla', 'Nepali', 'Basque', 'Hebrew', 'Latvian', 'Tigrinya', 'Slovak', 'Slovenian', 'Swahili', 'Punjabi (Gurmukhi)', 'Punjabi (Shahmukhi)', 'Georgian', 'Maori', 'Wolof', 'Bosnian', 'Persian', 'Telugu', 'Tamil', 'Irish', 'Estonian', 'Valencian', 'Belarusian', 'Quechua', 'Zulu', 'Xhosa', 'Lithuanian', 'Sotho', 'Sorani', 'Yoruba', 'Uyghur', 'Scots', 'Tswana', 'Filipino', 'Mongolian', 'Hausa', 'Dari', 'Azerbaijani', 'Amharic', 'Albanian', 'Assamese', 'Tatar', 'Macedonian', 'Marathi', 'Malayalam', 'Malay', 'Maltese', 'Khmer']",True,False,False,0,0,0,0,46,0,0,Liujiajun,Liujiajun,"Single-player,Multi-player,Co-op,Shared/Split Screen Co-op,Shared/Split Screen,Steam Achievements,Full controller support,Steam Cloud,Remote Play Together","Casual,Indie,Simulation",
Bicycle Mechanic Simulator BMS,"Jun 19, 2025",0 - 20000,0,0,2.39,20,0,['English'],True,True,True,0,0,0,0,0,0,0,GameDeveloper20,GameDeveloper20,"Single-player,Custom Volume Controls,Keyboard Only Option,Mouse Only Option,Save Anytime,Stereo Sound,Subtitle Options,Family Sharing","Casual,Simulation,Sports",
Hot Milf 5,"Apr 1, 2022",0 - 20000,0,0,0.49,51,0,['English'],True,False,False,0,0,0,0,10,0,0,Cyber Keks,Cyber Keks,"Single-player,Steam Achievements,Family Sharing","Casual,Indie",
Hentai Tales: The Secret Of Sato,"Sep 27, 2024",0 - 20000,0,0,0.59,0,0,"['English', 'French', 'German', 'Spanish - Spain', 'Russian', 'Japanese', 'Ukrainian', 'Simplified Chinese', 'Traditional Chinese', 'Portuguese - Portugal', 'Korean', 'Malay']",True,True,True,0,0,0,0,20,0,0,Hentai works,Hentai works,"Single-player,Steam Achievements,Steam Cloud,Family Sharing","Casual,Indie,Strategy",
Astral Flux,"Oct 28, 2022",0 - 20000,0,0,5.99,60,0,"['English', 'French', 'German', 'Spanish - Spain', 'Traditional Chinese', 'Japanese']",True,False,False,0,0,27,4,10,0,0,Cosmocat,Mindscape,"Single-player,Steam Achievements,Full controller support,Steam Cloud,Family Sharing","Action,Adventure,Indie","Rogue-lite,Procedural Generation,Space,Pixel Graphics,Aliens,Perma Death,Exploration,Survival,2D Platformer,Action Roguelike,Difficult,Platformer,2D,Action,Sci-fi,Adventure,1980s,Retro,Singleplayer,Action-Adventure"
Crazy Brain,"Jun 21, 2023",0 - 20000,0,0,1.99,50,0,['English'],True,False,False,0,0,0,1,25,0,0,James H. Van der Meulen,Trash Vomit Studios,"Single-player,Steam Achievements,Partial Controller Support,Steam Cloud,Steam Leaderboards,Family Sharing",Action,"Action,Arcade,Destruction,Psychedelic,Score Attack,Atmospheric,Physics,Pixel Graphics,Colorful,Surreal,Logic,Stylized,Singleplayer,Controller,Puzzle,Real Time Tactics,Retro,2D"
The Neon Boy,"Jul 2, 2018",0 - 20000,0,0,2.99,0,0,"['English', 'Russian', 'French', 'German', 'Simplified Chinese']",True,False,False,0,0,36,4,21,0,0,Shenshella,Shenshella,"Single-player,Multi-player,PvP,Online PvP,Steam Achievements,Full controller support,Steam Cloud,Steam Leaderboards,Family Sharing","Action,Adventure,Casual,Indie,Massively Multiplayer","Indie,Casual,Action,Adventure,Massively Multiplayer,Platformer,2D,Difficult"
Tales from Candleforth,"Apr 30, 2024",0 - 20000,1,0,4.79,60,0,"['English', 'Spanish - Spain', 'Spanish - Latin America', 'French', 'Italian', 'German', 'Japanese', 'Simplified Chinese', 'Polish']",True,False,False,0,0,130,15,22,131,163,Under the Bed Games,Feardemic,"Single-player,Steam Achievements,Full controller support,Family Sharing","Adventure,Casual,Indie","Hand-drawn,Horror,Puzzle,Surreal,Hidden Object,Old School,Dark Fantasy,Cute,Conversation,Adventure,Singleplayer,Psychological Horror,Point & Click,Dark,2D,Story Rich,Casual,Lore-Rich,Exploration,Mystery"
Ultimate Zombie Death Ball,"Jul 28, 2022",0 - 20000,0,0,0.99,50,0,['English'],True,False,False,0,0,0,0,0,0,0,Devil's Cider Games,Devil's Cider Games,"Multi-player,PvP,Shared/Split Screen PvP,Shared/Split Screen,Partial Controller Support,Remote Play Together,Family Sharing",Sports,
Sex On Fire 🔥,"Dec 23, 2025",0 - 0,0,0,4.49,0,0,['English'],True,True,True,0,0,0,0,11,0,0,TheBigO Games,EroBits,"Single-player,Steam Achievements,Camera Comfort,Custom Volume Controls,Keyboard Only Option,Mouse Only Option,Playable without Timed Input,Save Anytime,Stereo Sound,Subtitle Options,Touch Only Option,Family Sharing","Adventure,Casual,Indie",
Mage VR -Mini Version-,"Jan 10, 2019",20000 - 50000,0,0,0.0,0,0,"['English', 'French', 'Italian', 'German', 'Spanish - Spain', 'Arabic', 'Bulgarian', 'Czech', 'Danish', 'Dutch', 'Finnish', 'Greek', 'Hungarian', 'Japanese', 'Korean', 'Norwegian', 'Polish', 'Portuguese - Portugal', 'Portuguese - Brazil', 'Romanian', 'Russian', 'Simplified Chinese', 'Spanish - Latin America', 'Swedish', 'Thai', 'Traditional Chinese', 'Turkish', 'Ukrainian', 'Vietnamese']",True,False,False,0,0,1,2,0,0,0,Baptiste Degryse,DBloke SPRL,"Single-player,VR Only,Family Sharing","Action,Adventure,Indie","Action,Indie,Adventure,VR"
Cat Clash,"Sep 6, 2024",0 - 20000,0,0,4.99,0,0,['English'],True,False,False,0,0,0,0,80,0,0,Frenchcoke,Frenchcoke,"Single-player,Steam Achievements,Steam Cloud,Stats,Family Sharing","Casual,Indie,Strategy",
Ducks Can Drive,"Jul 4, 2023",0 - 0,0,0,0.0,0,2,"['English', 'French', 'German', 'Ukrainian']",True,True,True,0,0,0,0,14,0,0,Joseph Cook,Joseph Cook,"Single-player,Multi-player,PvP,Online PvP,Steam Achievements","Casual,Indie,Racing,Free To Play",
Luna and Cynthia,"Jan 5, 2019",0 - 20000,0,0,7.99,0,0,['Japanese'],True,False,False,0,0,0,0,0,0,0,wandwand,wandwand,"Single-player,Family Sharing","Indie,RPG",
Silent Frontiers,"Aug 5, 2024",0 - 20000,0,0,1.39,30,0,"['English', 'Simplified Chinese', 'Traditional Chinese']",True,False,False,0,0,0,0,2,0,0,RainySparkStudio,RainySparkStudio,"Single-player,Family Sharing","Casual,Indie,Strategy",
The Killer,"Feb 3, 2023",20000 - 50000,0,0,0.49,51,0,['English'],True,False,False,0,0,3,2,5,0,0,GamesBraz,HandMade Games,"Single-player,Steam Achievements,Family Sharing","Action,Adventure,Casual,Indie,Strategy","Assassin,Tactical,Loot,Modern,PvE,Combat,Crime,Realistic,Action,Looter Shooter,FPS,Casual,Strategy,Action-Adventure,RTS,Beat 'em up,Shooter,Bullet Hell,Action RTS,Shoot 'Em Up"
Parachronism: Order of Chaos,"Sep 13, 2019",0 - 20000,0,0,9.99,0,0,['English'],True,False,False,0,0,4,1,0,0,0,NinjaVault,NinjaVault,"Single-player,Partial Controller Support,Steam Cloud,Family Sharing","Adventure,Indie,RPG,Simulation","RPG,Indie,Simulation,Adventure"
Personality Excretion Hero Silvy's Rebirth,"Apr 2, 2025",0 - 20000,1,0,10.19,0,0,"['Traditional Chinese', 'Simplified Chinese', 'Japanese', 'English']",True,False,False,0,0,0,0,0,0,0,Circle Fairy Flower,"BokiBoki Games,BokiBoki Game","Single-player,Family Sharing","Adventure,Casual",
Leap Year,"Jun 13, 2024",100000 - 200000,3,0,3.99,20,1,"['English', 'French', 'Spanish - Spain', 'Japanese', 'Simplified Chinese', 'Spanish - Latin America']",True,False,False,0,0,2201,57,19,2612,235,Daniel Linssen,"Daniel Linssen,Sokpop Collective","Single-player,Steam Achievements,Full controller support,Family Sharing","Action,Adventure,Indie","Exploration,Precision Platformer,2D Platformer,Puzzle-Platformer,Metroidvania,Puzzle,Platformer,2D,Nonlinear,Action,Hand-drawn,Pixel Graphics,Logic,Mystery,Adventure,Singleplayer,Retro,Indie,Short,Multiplayer"
INVERSE,"Nov 3, 2023",0 - 20000,0,0,14.99,0,0,['English'],True,False,False,0,0,22,2,16,0,0,MassVR LLC,MassVR LLC,"Single-player,Multi-player,PvP,Online PvP,Co-op,Online Co-op,Cross-Platform Multiplayer,Steam Achievements,Tracked Controller Support,VR Only,In-App Purchases,Steam Leaderboards,Family Sharing","Action,Indie","Asymmetric VR,Action,Survival Horror,PvP,Horror,Multiplayer,VR,Indie,Survival,First-Person,Co-op,Online Co-Op,Singleplayer,Artificial Intelligence"
Where wh..?,"Oct 23, 2024",20000 - 50000,0,0,1.99,60,0,"['English', 'Japanese', 'Simplified Chinese', 'Traditional Chinese', 'French', 'Spanish - Spain', 'Italian', 'German', 'Russian', 'Korean', 'Turkish', 'Polish', 'Portuguese - Brazil']",True,False,False,0,0,20,4,41,0,0,Pita Game,Pita Game,"Single-player,Steam Achievements,Full controller support,Steam Cloud,Family Sharing","Casual,Indie","Exploration,3D Platformer,Puzzle-Platformer,Clicker,Hidden Object,Interactive Fiction,Puzzle,Point & Click,3D,Split Screen,Casual,Relaxing,Linear,Abstract,Minimalist,Stylized,Fantasy,Drama,Investigation,Singleplayer"
Bubble Wrap Playtest,"Mar 17, 2024",0 - 0,0,0,0.0,0,0,[],True,False,False,0,0,0,0,0,0,0,,,,,
Yōdanji,"Dec 6, 2017",0 - 20000,0,0,2.49,0,0,"['English', 'Russian', 'Japanese']",True,False,False,0,0,30,6,0,0,12,KEMCO,KEMCO,"Single-player,Partial Controller Support,Steam Cloud,Family Sharing","Action,Adventure,Casual,Indie,RPG","Indie,RPG,Casual,Action,Adventure,Rogue-like,Turn-Based,Pixel Graphics,Dungeon Crawler,Retro,Anime,Singleplayer,JRPG,Fantasy,Mystery Dungeon,Traditional Roguelike"
Infection: Humanity's Last Gasp,"May 26, 2016",0 - 20000,0,0,9.99,0,0,['English'],True,False,False,0,0,18,31,36,0,614,Criss Cross Games,Hunted Cow Games,"Single-player,Steam Achievements,Steam Trading Cards,Family Sharing","Casual,Strategy","Strategy,Casual,Board Game"
Snowboard Legends,"Nov 26, 2024",0 - 20000,0,0,9.99,0,0,"['English', 'French', 'Italian', 'German', 'Spanish - Spain', 'Dutch', 'Japanese', 'Korean', 'Russian', 'Simplified Chinese']",True,False,False,0,0,0,1,5,0,0,Yash Future Tech Solutions Pvt Ltd,Yash Future Tech Solutions Pvt Ltd,"Single-player,Steam Achievements,Partial Controller Support,Family Sharing","Adventure,Sports","Sports,Adventure,Snowboarding,Singleplayer,Simulation,Action-Adventure,3D,Third Person"
KAJA：追光者与秘境制造,"Nov 9, 2019",0 - 20000,0,0,0.99,0,0,['Simplified Chinese'],True,False,False,0,0,1,0,1,0,0,MIAOBOX GAMES,MIAOBOX GAMES,"Single-player,Steam Cloud,Family Sharing","Action,Adventure,Casual,Indie","Action,Indie,Casual,Adventure,Platformer"
Contingency Creatures,"Sep 30, 2022",0 - 0,0,0,0.0,0,0,['English'],True,False,False,0,0,0,0,0,0,0,Brian Ito-Kiley,Brian Ito-Kiley,"Multi-player,PvP,Online PvP","Indie,Strategy",
Arcane spark,"Aug 30, 2024",0 - 20000,0,0,1.99,0,0,"['English', 'French', 'German', 'Simplified Chinese', 'Japanese', 'Portuguese - Brazil', 'Spanish - Latin America']",True,False,False,0,0,2,0,0,0,0,Chackpower,Chackpower,"Single-player,Multi-player,PvP,Online PvP,Cross-Platform Multiplayer,Captions available,Partial Controller Support,Family Sharing","Action,Casual,Indie,Strategy","Action,Casual,Strategy,Action-Adventure,Battle Royale,Combat Racing,3D,Cartoony,Colorful,Third Person,Fantasy,Dark Fantasy,Magic,Medieval,Zombies,Combat,PvE,PvP,Multiplayer,Indie"
Memocratie,"May 20, 2024",0 - 0,0,0,0.49,0,0,"['English', 'French', 'Italian', 'German', 'Spanish - Spain', 'Arabic', 'Bulgarian', 'Portuguese - Brazil', 'Hungarian', 'Vietnamese', 'Greek', 'Danish', 'Indonesian', 'Spanish - Latin America', 'Traditional Chinese', 'Simplified Chinese', 'Korean', 'Dutch', 'Norwegian', 'Polish', 'Portuguese - Portugal', 'Romanian', 'Russian', 'Thai', 'Turkish', 'Ukrainian', 'Finnish', 'Czech', 'Swedish', 'Japanese', 'Azerbaijani', 'Albanian', 'Amharic', 'Armenian', 'Assamese', 'Afrikaans', 'Basque', 'Belarusian', 'Bangla', 'Bosnian', 'Valencian', 'Welsh', 'Wolof', 'Galician', 'Georgian', 'Gujarati', 'Dari', 'Zulu', 'Hebrew', 'Igbo', 'Irish', 'Icelandic', 'Yoruba', 'Kazakh', 'Kannada', 'Catalan', 'Quechua', 'Kinyarwanda', K'iche', 'Konkani', 'Xhosa', 'Khmer', 'Kyrgyz', 'Latvian', 'Lithuanian', 'Luxembourgish', 'Macedonian', 'Malay', 'Malayalam', 'Maltese', 'Maori', 'Marathi', 'Mongolian', 'Nepali', 'Odia', 'Punjabi (Gurmukhi)', 'Punjabi (Shahmukhi)', 'Persian', 'Serbian', 'Sotho', 'Sinhala', 'Sindhi', 'Slovak', 'Slovenian', 'Sorani', 'Swahili', 'Tajik', 'Tamil', 'Tatar', 'Telugu', 'Tigrinya', 'Tswana', 'Turkmen', 'Uzbek', 'Uyghur', 'Urdu', 'Filipino', 'Hausa', 'Hindi', 'Croatian', 'Cherokee', 'Scots', 'Estonian']",True,False,False,0,0,0,0,14,0,0,"Captain Seal,Xomma6bI4",Captain Seal,"Single-player,Steam Achievements,Steam Leaderboards,Family Sharing","Casual,Indie,Simulation",
Hit Zero: Chronos,"Nov 11, 2020",100000 - 200000,0,0,2.49,50,0,"['English', 'Simplified Chinese', 'Japanese', 'Traditional Chinese', 'Korean', 'Russian']",True,True,True,0,0,48,16,21,0,0,ZHANG FAN,SHEN JIAWEI,"Single-player,Steam Achievements,Family Sharing","Action,Indie","Bullet Time,Action,Gore,Violent,Indie,Blood,2D,Assassin,Platformer,2D Platformer,Singleplayer,Shooter,Stealth,Arcade,Bullet Hell,Side Scroller,Minimalist,Top-Down,Noir,Military"
The Scary Square,"Jan 15, 2021",0 - 20000,0,0,0.0,0,0,['English'],True,False,False,0,0,23,14,0,0,0,Lightning Games,Lightning Games,Single-player,"Casual,Indie,Strategy","Casual,Strategy,Horror,Survival,Survival Horror,First-Person,3D,Indie,Story Rich,Singleplayer,Free to Play"
Last Kids on Earth and the Staff of Doom,"Jun 4, 2021",0 - 20000,0,0,8.99,0,0,"['English', 'French', 'Italian', 'German', 'Spanish - Spain', 'Arabic', 'Korean', 'Simplified Chinese', 'Spanish - Latin America']",True,False,False,0,0,12,8,43,0,0,Stage Clear Studios,Outright Games Ltd.,"Single-player,Multi-player,Co-op,Shared/Split Screen Co-op,Shared/Split Screen,Steam Achievements,Partial Controller Support,Remote Play Together,Family Sharing","Action,RPG","Action RPG,Zombies,RPG,Arcade,Hack and Slash,Local Co-Op,Driving,Cartoon,Colorful,Third Person,Top-Down,Comedy,Fantasy,Combat,Funny,Beat 'em up,Loot,3D,Action,Post-apocalyptic"
Dark Mist,"Nov 8, 2022",0 - 20000,0,0,1.99,0,0,"['English', 'Spanish - Spain', 'Portuguese - Brazil']",True,False,False,0,0,0,0,0,0,0,marcossi games,marcossi games,"Single-player,Family Sharing","Adventure,Indie,RPG",
On the Q.T.,"Feb 27, 2025",0 - 20000,0,0,8.49,50,0,"['English', 'French', 'Italian', 'German', 'Spanish - Spain', 'Russian', 'Traditional Chinese', 'Japanese', 'Korean']",True,False,False,0,0,2,0,0,0,0,dramatic create,dramatic create,"Single-player,Family Sharing",Adventure,"Otome,Romance,Visual Novel,Female Protagonist,Adventure,Casual,Choose Your Own Adventure,2D,Text-Based,Singleplayer"
Zombiepede,"Jun 16, 2023",0 - 20000,0,0,4.99,0,0,['English'],True,False,False,0,0,4,0,19,0,0,Punto Clave,Punto Clave,"Single-player,Multi-player,PvP,Shared/Split Screen PvP,Co-op,Shared/Split Screen Co-op,Shared/Split Screen,Partial Controller Support,Remote Play Together,Family Sharing","Action,Indie,Early Access","Early Access,Co-op Campaign,Arena Shooter,Team-Based,Gun Customization,Twin Stick Shooter,Survival,4 Player Local,Shooter,Top-Down Shooter,Controller,Singleplayer,Bullet Time,PvE,PvP,Action,Loot,3D,Colorful,Co-op"
virtual dream,"Aug 22, 2024",0 - 20000,0,0,29.99,0,0,"['English', 'Simplified Chinese']",True,False,False,0,0,0,0,0,0,0,virtual dream,virtual dream,"Single-player,Steam Workshop","Casual,Indie,Simulation,Design & Illustration,Photo Editing,Utilities,Video Production,Game Development",
Pro Office Calculator,"Sep 5, 2018",20000 - 50000,6,0,0.0,0,0,['English'],True,True,True,0,0,349,32,0,0,0,Rob Jinman,Rob Jinman,Single-player,"Adventure,Indie","Adventure,Indie,Psychological Horror,Sexual Content,Puzzle,Free to Play,Souls-like,Hentai,Nudity"
A Total War Saga: FALL OF THE SAMURAI,"Mar 22, 2012",0 - 20000,0,0,7.49,0,1,"['Czech', 'English', 'French', 'German', 'Italian', 'Polish', 'Russian', 'Spanish - Spain']",True,True,True,86,0,1106,501,0,1063,0,"CREATIVE ASSEMBLY,Feral Interactive (Mac),Feral Interactive (Linux)","SEGA,Feral Interactive (Mac),Feral Interactive (Linux)","Single-player,Multi-player,PvP,Online PvP,LAN PvP,Co-op,Online Co-op,LAN Co-op,Family Sharing",Strategy,"Strategy,Historical,RTS,Turn-Based Strategy,Multiplayer,Grand Strategy,Singleplayer,War,Co-op,Ninja,Action,Online Co-Op,Great Soundtrack,Military,Tactical,Classic,Moddable,Atmospheric,Adventure,Simulation"
G-MODEアーカイブス+ ステラデウス 漆黒の精霊,"Sep 17, 2025",0 - 0,0,0,12.79,0,0,['Japanese'],True,False,False,0,0,0,0,0,0,0,"G-MODE,ATLUS",G-MODE,"Single-player,Partial Controller Support,Steam Cloud,Family Sharing",RPG,
MegaTagmension Blanc + Neptune VS Zombies (Neptunia),"Oct 3, 2016",200000 - 500000,2,0,6.74,55,1,['English'],True,False,False,0,0,1236,173,36,1169,708,"IDEA FACTORY,COMPILE HEART,TAMSOFT",Idea Factory International,"Single-player,Multi-player,PvP,Online PvP,Co-op,Online Co-op,Steam Achievements,Full controller support,Steam Trading Cards,Steam Cloud,Family Sharing",Action,"Anime,Action,Hack and Slash,Female Protagonist,Cute,JRPG,Multiplayer,Zombies,Singleplayer,Funny,RPG,Visual Novel,Comedy,Great Soundtrack,Co-op,Nudity,Adventure,Action-Adventure,Mature,Sexual Content"
Tameshi,"Dec 14, 2023",0 - 20000,0,0,5.99,0,0,['English'],True,False,False,0,0,12,2,7,0,0,171Dev,171Dev,"Single-player,Steam Achievements,Full controller support,Steam Cloud,Family Sharing",Action,"Shoot 'Em Up,Bullet Hell,Shooter,Arcade,Software,2D,Linear,Controller,Action,Pixel Graphics,Colorful,Space,Sci-fi,Destruction,1990's,Combat,Singleplayer,Local Multiplayer,Multiplayer,Local Co-Op"
Simple RTS,"Jun 19, 2017",20000 - 50000,0,0,4.99,0,0,['English'],True,False,False,0,0,14,3,0,0,0,Gal Hajaj,Gal Hajaj,"Single-player,Family Sharing","Indie,Strategy","Strategy,Indie,RTS"
Puzzline,"Nov 4, 2022",0 - 20000,28,0,3.19,20,0,"['English', 'Japanese', 'Traditional Chinese', 'Simplified Chinese', 'Korean']",True,True,False,0,0,124,1,10,151,160,Aineko Games,Aineko Games,"Single-player,Multi-player,PvP,Online PvP,Steam Achievements,Family Sharing","Casual,Indie,Strategy","Indie,Card Game,Multiplayer,Card Battler,Turn-Based Strategy,Strategy,Board Game,Tabletop,Casual,Singleplayer,Puzzle,Turn-Based Tactics,2D,Anime,Top-Down,Comedy,Family Friendly,Education,Atmospheric,PvP"
Happy Halloween,"Mar 13, 2021",0 - 20000,0,0,0.49,90,0,['English'],True,False,False,0,0,19,12,0,0,0,NL Studio,HandMade Games,"Single-player,Family Sharing","Adventure,Casual,Indie,Simulation","Casual,Simulation,Platformer,Adventure,Survival,2D,Indie,Massively Multiplayer,Sports,Strategy,Side Scroller,Exploration,Minimalist,Atmospheric,Family Friendly,Comedy,Racing,RPG,Shooter,Action"
Modern Arena,"Oct 22, 2020",50000 - 100000,0,0,0.0,0,3,['English'],True,False,False,0,0,6,1,0,0,0,Indie,Indie,"Single-player,Multi-player,Co-op,LAN Co-op","Action,Adventure,Free To Play,Indie,RPG,Strategy","RPG,Action,Adventure,MOBA,Battle Royale,Action RPG,Action-Adventure,3D Platformer,CRPG,Third Person,Top-Down,Sci-fi,Magic,Mystery,Fantasy,Modern,PvP,Combat,Hack and Slash,Multiplayer"
Little Fire Girl Fights Final Boss / 小紅姐掉站终极Boss!,"May 18, 2024",0 - 20000,0,0,0.99,0,0,"['English', 'Simplified Chinese']",True,False,False,0,0,0,1,12,0,0,MindlessPanic,MindlessPanic,"Single-player,Steam Achievements,Family Sharing","Action,Casual,Indie","Boss Rush,Action,Fast-Paced,Difficult,Hero Shooter,Arcade,Bullet Hell,Action Roguelike,Rogue-like,Pixel Graphics,Magic,Casual,Indie,2D,Female Protagonist,Fantasy,Combat,Souls-like,PvE,Singleplayer"
Yandere Goth BDSM 15,"Oct 6, 2025",0 - 20000,0,0,0.99,0,0,"['English', 'French', 'Italian', 'German', 'Spanish - Spain', 'Bulgarian', 'Czech', 'Danish', 'Dutch', 'Finnish', 'Greek', 'Hungarian', 'Indonesian', 'Japanese', 'Korean', 'Norwegian', 'Polish', 'Portuguese - Brazil', 'Romanian', 'Russian', 'Simplified Chinese', 'Swedish', 'Thai', 'Traditional Chinese', 'Turkish', 'Ukrainian', 'Vietnamese']",True,True,True,0,0,0,0,5,0,0,Bully Revenge Studios,Bully Revenge Studios,"Single-player,Steam Achievements,Custom Volume Controls,Mouse Only Option,Playable without Timed Input,Save Anytime,Family Sharing","Indie,Simulation",
Zero Gravity Pool,"Jan 19, 2018",0 - 20000,0,0,2.99,0,0,['English'],True,False,False,0,0,0,1,0,0,0,Physical Numerics,Physical Numerics,"Single-player,Multi-player,PvP,Shared/Split Screen PvP,Shared/Split Screen,Full controller support,Tracked Controller Support,VR Supported,Remote Play Together,Family Sharing","Casual,Sports","Casual,Sports"
无限投影2,"Apr 1, 2023",0 - 20000,0,0,1.59,60,0,['Simplified Chinese'],True,False,True,0,0,33,43,0,0,0,A2 Game Studio,A2 Game Studio,"Single-player,Steam Workshop,Steam Cloud,Family Sharing","Indie,Simulation,Strategy","Simulation,Idler,Creature Collector,Strategy,Team-Based,Auto Battler,2D,Martial Arts,Magic,Fantasy,Inventory Management,Cute,Anime,Visual Novel,Management,Turn-Based Tactics,Tactical RPG,Ninja,Mystery,Mythology"
All About Chopsticks,"May 8, 2025",20000 - 50000,1,0,1.59,0,0,"['English', 'Japanese', 'Korean', 'Russian', 'Traditional Chinese', 'Spanish - Spain', 'Portuguese - Portugal', 'Simplified Chinese', 'Spanish - Latin America', 'Vietnamese']",True,False,False,0,0,48,8,2,158,0,Achimphang Studio,Achimphang Studio,"Single-player,Steam Achievements,Full controller support,Family Sharing","Casual,Indie","Puzzle,Difficult,Isometric,Casual,Physics,Singleplayer,Indie"
Selobus Fantasy,"Feb 17, 2022",0 - 20000,0,0,7.99,60,1,"['Japanese', 'English', 'Simplified Chinese']",True,False,False,0,0,0,0,0,0,0,ラストロジー,WASABI entertainment,"Single-player,Full controller support,Steam Cloud,Family Sharing","Indie,RPG",
Fearbonding,"May 22, 2025",0 - 20000,0,0,4.99,0,0,['English'],True,True,True,0,0,28,0,0,0,0,Night Asobu,Night Asobu,"Single-player,Family Sharing","Adventure,Indie","Psychological Horror,Visual Novel,Romance,Horror,Story Rich,LGBTQ+,Dark,Supernatural,Adventure,Multiple Endings,Mystery,Choices Matter,Dating Sim,Interactive Fiction,2D,Conversation,Casual,Singleplayer,Anime,Hand-drawn"
D/Generation HD,"Oct 23, 2015",0 - 20000,0,0,9.99,0,0,['English'],True,True,False,0,0,11,45,40,0,0,West Coast Software,West Coast Software,"Single-player,Steam Achievements,Full controller support,Steam Leaderboards,Remote Play on TV,Family Sharing",Adventure,"Adventure,Retro,Puzzle"
Caves of Lore,"Jan 21, 2023",50000 - 100000,2,0,4.99,50,0,['English'],True,True,False,0,0,152,6,36,376,5,by Mike Robins,by Mike Robins,"Single-player,Full controller support,Steam Cloud,Family Sharing","Indie,RPG,Strategy","RPG,Strategy RPG,CRPG,Dungeon Crawler,Exploration,Mystery Dungeon,Tactical RPG,Turn-Based Tactics,2D,Pixel Graphics,Top-Down,1980s,1990's,Atmospheric,Dark Fantasy,Fantasy,Lore-Rich,Medieval,Mystery,Old School"
Rollback,"Nov 5, 2020",0 - 20000,0,0,6.99,0,0,['English'],True,False,False,0,0,0,0,0,0,0,Dual M,Dual M,"Single-player,Steam Cloud,Family Sharing","Action,Casual,Indie",
Frostflame,"Jul 25, 2024",0 - 0,0,0,0.0,0,0,"['Portuguese - Brazil', 'English']",True,False,False,0,0,0,0,5,0,0,"Senkami,Akira kawazoe",Senkami,"Single-player,Full controller support","Action,Adventure,RPG,Free To Play",
Through the Kill Screen,"Apr 20, 2022",50000 - 100000,0,0,5.99,0,0,['English'],True,False,True,0,0,22,2,42,0,0,James K. Isaac,James K. Isaac,"Single-player,Steam Achievements,Family Sharing","Adventure,Indie,RPG","Horror,Dark Comedy,1980s,RPG,JRPG,Party-Based RPG,2D,Choices Matter,Multiple Endings,Story Rich,Cartoony,Colorful,Artificial Intelligence,Atmospheric,Adventure,Mystery,Cartoon,Aliens,Conspiracy,Singleplayer"
Puppy Cross,"Feb 11, 2020",0 - 20000,1,0,2.99,40,1,"['English', 'French']",True,False,False,0,0,274,6,40,267,71,DIMANCHE CORP.,DIMANCHE CORP.,"Single-player,Steam Achievements,Full controller support,Steam Cloud,Remote Play on Phone,Remote Play on Tablet,Family Sharing","Casual,Indie,Strategy","Indie,Casual,Strategy,Puzzle,Dog,Cute,Pixel Graphics,Relaxing,Logic,Family Friendly,Great Soundtrack,2D,Replay Value,Building,Singleplayer,Colorful"
Hermea,"Aug 1, 2022",0 - 0,0,0,0.0,0,0,['English'],True,False,False,0,0,0,0,37,0,0,Studio Impasse,Studio Impasse,"Single-player,Steam Achievements,Partial Controller Support,Steam Leaderboards","Action,Racing",
エロゲ会社の禁断のセクハラ事情～狙われた新人イラストレーター～,"Aug 12, 2024",0 - 20000,0,0,29.99,0,0,['Japanese'],True,False,False,0,0,0,0,0,0,0,TRYSET Break,MB Game Studio,"Single-player,Family Sharing",Casual,
hOSHIs Elektronauts,"Jan 14, 2018",0 - 20000,0,0,0.99,0,0,['English'],True,False,False,0,0,3,1,0,0,0,hOSHI,hOSHI,"Single-player,Multi-player,PvP,Shared/Split Screen PvP,Shared/Split Screen,Full controller support,Remote Play Together,Family Sharing","Action,Casual,Indie,Racing,Early Access","Early Access,Action,Indie,Casual,Racing,Arcade,Multiplayer,Retro"
Bubu Kong Goes Bananas,"Oct 20, 2023",0 - 20000,0,0,1.39,80,0,"['English', 'French', 'Italian', 'German', 'Spanish - Spain', 'Dutch', 'Indonesian', 'Japanese', 'Korean', 'Portuguese - Portugal', 'Simplified Chinese', 'Thai', 'Traditional Chinese']",True,False,False,0,0,0,0,0,0,0,CRX Entertainment Pte Ltd.,CRX Entertainment Pte Ltd.,"Single-player,Family Sharing","Action,Adventure,Casual,Indie",
SPACE DOGO,"Oct 7, 2023",0 - 20000,0,0,4.99,50,0,"['Spanish - Latin America', 'Spanish - Spain']",True,False,False,0,0,0,0,0,0,0,SoulBattery,Muviron SpA,"Single-player,Full controller support,Family Sharing",Action,
Elden Gunfire 2,"Jul 19, 2022",0 - 20000,0,0,4.19,70,0,"['English', 'French', 'Italian', 'German', 'Spanish - Spain', 'Arabic', 'Bulgarian', 'Czech', 'Danish', 'Dutch', 'Finnish', 'Greek', 'Hungarian', 'Japanese', 'Korean', 'Norwegian', 'Polish', 'Portuguese - Portugal', 'Portuguese - Brazil', 'Romanian', 'Russian', 'Simplified Chinese', 'Spanish - Latin America', 'Swedish', 'Thai', 'Traditional Chinese', 'Turkish', 'Ukrainian', 'Vietnamese']",True,True,True,0,0,44,16,0,0,0,Amonga99,Amonga99,"Single-player,Multi-player,PvP,Online PvP,Co-op,Online Co-op,Cross-Platform Multiplayer,Partial Controller Support,Family Sharing","Action,Indie,Massively Multiplayer","Action,RPG,Anime,Fighting,Multiplayer,Third-Person Shooter,FPS,Massively Multiplayer,PvP,Shooter,Co-op,Indie,Early Access,Online Co-Op,Singleplayer,Adventure,Battle Royale,Comedy,Team-Based,Funny"
Chaotic Cats,"Feb 4, 2025",0 - 20000,0,0,3.99,0,0,['English'],True,False,False,0,0,13,0,20,0,0,Headbounce,Headbounce,"Multi-player,PvP,LAN PvP,Shared/Split Screen PvP,Shared/Split Screen,Steam Achievements,Full controller support,Remote Play Together,Family Sharing","Action,Casual","Party Game,Cats,Local Multiplayer,Minigames,Multiplayer,PvP,2D,Cute,Arcade,Cartoony,4 Player Local,Colorful,Casual,Controller,Action,Top-Down Shooter,2D Platformer,Bullet Hell"
Beihai 2010,"Dec 16, 2025",0 - 20000,0,0,4.49,10,0,"['English', 'German', 'Simplified Chinese', 'Traditional Chinese']",True,True,False,0,0,0,0,0,0,0,Raumkapsel,Raumkapsel,"Single-player,Family Sharing","Adventure,Casual,Indie,Simulation,Early Access",
Content,"Feb 4, 2022",20000 - 50000,0,0,0.49,0,0,"['English', 'Korean']",True,False,False,0,0,40,3,0,0,0,UKZ Arts,PsychoFlux Entertainment,"Single-player,Steam Cloud,Family Sharing","Adventure,Casual,Indie","Adventure,Point & Click,2D,Horror,Linear,Psychological Horror,Pixel Graphics,Fantasy,Lovecraftian,Mystery,Atmospheric,Investigation,Puzzle,Old School,Retro,Quick-Time Events,Indie,Survival Horror,Singleplayer,Casual"
神都不良探 Underdog Detective,"Apr 27, 2022",200000 - 500000,2,0,7.99,0,1,"['Simplified Chinese', 'English', 'Japanese', 'Korean']",True,True,False,0,0,2036,752,33,2691,319,天津芸芸科技有限公司,天津芸芸科技有限公司,"Single-player,Steam Achievements,Steam Cloud,Family Sharing","Adventure,Indie,RPG,Simulation,Strategy","FMV,Story Rich,Choices Matter,RPG,Historical,Drama,Mystery,Multiple Endings,Comedy,Immersive Sim,Strategy,Visual Novel,Colorful,Exploration,Singleplayer,Lore-Rich,Cinematic,Movie,Adventure,Interactive Fiction"
JimmyCraft,"Aug 5, 2024",0 - 20000,0,0,4.99,0,0,['English'],True,False,False,0,0,0,0,0,0,0,Happysoft Interactive,Fishnet,"Single-player,Family Sharing",Action,
Musclecar Online,"Feb 12, 2015",0 - 20000,0,0,0.49,51,0,"['English', 'French', 'Italian', 'German', 'Spanish - Spain', 'Portuguese - Portugal']",True,True,False,0,0,23,12,11,0,1,Psychic Software,Psychic Software,"Multi-player,MMO,Cross-Platform Multiplayer,Steam Achievements,Partial Controller Support,Stats,Steam Leaderboards,Includes level editor,Family Sharing","Massively Multiplayer,Racing,Sports","Racing,Level Editor,Asynchronous Multiplayer,Massively Multiplayer,Competitive,Driving,Multiplayer,Top-Down,Arcade,Sports,Automobile Sim,2.5D,Old School,2D,Physics,Casual,Indie,Psychological Horror"
PLAY AND LEARN: Fun Learning Games for Kids,"Dec 7, 2025",0 - 20000,0,0,1.99,0,1,['English'],True,False,False,0,0,0,0,11,0,0,NorShark,NorShark,"Single-player,Custom Volume Controls,Adjustable Difficulty,Mouse Only Option,Playable without Timed Input,Stereo Sound,Subtitle Options,Family Sharing",Casual,
Click on clocks together,"Aug 16, 2024",0 - 20000,0,0,0.49,51,0,['English'],True,False,False,0,0,2,2,5,0,0,&y,Click on things together,"Single-player,Multi-player,PvP,LAN PvP,Co-op,LAN Co-op,Steam Achievements,Partial Controller Support,Family Sharing","Casual,Indie","Casual,Hidden Object,PvP,Relaxing,Family Friendly,Hand-drawn,Co-op,Local Co-Op,Online Co-Op,Indie,Multiplayer,Singleplayer,Local Multiplayer"
Nevertales: The Beauty Within Collector's Edition,"May 17, 2016",0 - 20000,0,0,4.99,50,0,['English'],True,False,False,0,0,20,2,0,0,0,Mad Head Games,BFG Entertainment,"Single-player,Family Sharing",Casual,"Casual,Adventure,Point & Click,Hidden Object"
WARP-TEK,"Jan 31, 2019",0 - 20000,0,0,0.55,72,0,['English'],True,True,True,0,0,6,1,28,0,0,AlexHoratio,AlexHoratio,"Single-player,Steam Achievements,Family Sharing","Action,Adventure,Indie","Action,Indie,Adventure,Shoot 'Em Up"
Xion,"Aug 29, 2018",0 - 20000,0,0,2.49,75,0,['English'],True,False,False,0,0,36,18,0,0,0,Zenz VR,Zenz VR,"Single-player,Tracked Controller Support,VR Only,Family Sharing","Action,Indie","Action,Indie,VR,Shoot 'Em Up,Voxel,Great Soundtrack,Arcade,Shooter,Sci-fi,Atmospheric,Adventure,Bullet Hell,Rogue-like"
100 hidden Cats : Kitty House,"Sep 26, 2024",0 - 20000,0,0,0.69,25,0,"['English', 'French', 'Italian', 'German', 'Spanish - Spain', 'Arabic', 'Bulgarian', 'Traditional Chinese', 'Simplified Chinese', 'Czech', 'Danish', 'Finnish', 'Greek', 'Spanish - Latin America', 'Dutch', 'Indonesian', 'Japanese', 'Korean', 'Norwegian', 'Polish', 'Portuguese - Portugal', 'Portuguese - Brazil', 'Russian', 'Romanian', 'Swedish', 'Thai', 'Turkish', 'Ukrainian', 'Vietnamese', 'Hungarian', 'Afrikaans', 'Albanian', 'Amharic', 'Assamese', 'Azerbaijani', 'Basque', 'Bangla', 'Belarusian', 'Bosnian', 'Croatian', 'Cherokee', 'Dari', 'Estonian', 'Filipino', 'Galician', 'Georgian', 'Gujarati', 'Hausa', 'Hebrew', 'Hindi', 'Igbo', 'Irish', 'Icelandic', 'Yoruba', 'Kannada', 'Catalan', 'Kazakh', 'Quechua', 'Khmer', K'iche', 'Kyrgyz', 'Konkani', 'Lithuanian', 'Luxembourgish', 'Macedonian', 'Malayalam', 'Malay', 'Maltese', 'Maori', 'Marathi', 'Mongolian', 'Nepali', 'Odia', 'Armenian', 'Punjabi (Gurmukhi)', 'Punjabi (Shahmukhi)', 'Persian', 'Kinyarwanda', 'Scots', 'Serbian', 'Sindhi', 'Sorani', 'Sotho', 'Swahili', 'Sinhala', 'Slovak', 'Slovenian', 'Tajik', 'Tamil', 'Tatar', 'Telugu', 'Tigrinya', 'Tswana', 'Turkmen', 'Uyghur', 'Urdu', 'Uzbek', 'Valencian', 'Welsh', 'Wolof', 'Xhosa', 'Zulu', 'Latvian']",True,False,True,0,0,29,3,100,0,0,"FM Simple Games Studio,Sons of Welder","FM Simple Games Studio,Sons of Welder","Single-player,Steam Achievements,Family Sharing","Casual,Indie","Cats,Cozy,Cute,Hidden Object,Clicker,Point & Click,Relaxing,Puzzle,Family Friendly,Minimalist,Collectathon,Hand-drawn,2D,Funny,Side Scroller,Casual,Comic Book,Stylized,Atmospheric,Cartoon"
NearEscape,"Mar 20, 2022",0 - 20000,0,0,1.99,0,0,"['English', 'Russian', 'Korean', 'French', 'Italian', 'German', 'Spanish - Spain', 'Vietnamese', 'Ukrainian', 'Indonesian', 'Japanese', 'Thai', 'Portuguese - Portugal', 'Czech', 'Hindi']",True,False,False,0,0,7,7,0,0,0,ElMaHeGames,ElMaHeGames,"Single-player,Partial Controller Support,Family Sharing","Adventure,Indie","Adventure,Indie,Zombies,Post-apocalyptic,Survival,Open World,Story Rich"
Gravity Box,"Sep 23, 2022",0 - 20000,0,0,0.0,0,0,['English'],True,False,False,0,0,18,1,6,0,0,Sour Lemon Studios,Sour Lemon Studios,"Single-player,Steam Achievements,Full controller support",Action,"Score Attack,Action,Character Customization,Controller,Bullet Hell,Pixel Graphics,Arcade,Cartoony,Colorful,Space,1980s,Old School,Retro,Singleplayer"
Image Delusion VR  - SexVersion -,"Oct 30, 2023",0 - 20000,0,0,19.99,0,0,"['English', 'Japanese']",True,False,False,0,0,0,0,0,0,0,AhrpuXR,AhrpuXR,"Single-player,VR Only,Family Sharing",Indie,
VR Guardians,"Feb 10, 2021",0 - 20000,0,0,0.0,0,0,['English'],True,False,False,0,0,6,5,6,0,0,"x-climb, Inc.","x-climb, Inc.","Single-player,Steam Achievements,Tracked Controller Support,VR Only","Action,Adventure,Casual,Free To Play","Action,Adventure,Action RPG,Action-Adventure,Arcade,Auto Battler,Hack and Slash,3D,Stylized,Atmospheric,Dark Fantasy,Demons,Destruction,Fantasy,Medieval,Mythology,Nature,Swordplay,Underground,Underwater"
SAVE THE KINGDOM SIMPLE RPG,"Nov 8, 2025",0 - 0,0,0,1.34,0,0,['English'],True,False,False,0,0,0,0,0,0,0,SABBIR AHMED,SA THE GAME FORCE,"Single-player,Family Sharing","Adventure,Indie,RPG,Strategy",
深渊公主 Release The Bride,"Mar 11, 2022",0 - 20000,0,0,14.99,0,0,"['English', 'Simplified Chinese']",True,False,False,0,0,16,7,0,0,0,ALI NASSER ALI AL-SADI,Milk Bottle Studio,"Single-player,Family Sharing","Action,Adventure,RPG,Early Access","Action,Action-Adventure,2D Platformer,2D,Drama,Female Protagonist,Adventure,RPG,Singleplayer,Early Access"
Project Pulsation,"Dec 15, 2015",200000 - 500000,0,0,0.69,0,1,"['English', 'Russian']",True,False,False,0,0,266,110,0,0,375,VGstudio,VGstudio,"Single-player,Steam Trading Cards,Family Sharing","Action,Adventure","Action,Adventure,FPS,Horror"
Space Hat,"Mar 25, 2024",0 - 0,0,0,0.0,0,0,['English'],True,False,False,0,0,0,0,0,0,0,Happy Hours,Happy Hours,Single-player,"Action,Adventure,Indie,Free To Play",
Pretty - Exotic,"May 5, 2019",0 - 20000,0,0,0.99,0,0,['English'],True,False,False,0,0,0,0,15,0,0,ZangGames,ZangGames,"Single-player,Steam Achievements,Family Sharing","Casual,Indie,RPG,Simulation,Strategy",
Baixos de Quebrada Playtest,"Sep 26, 2025",0 - 0,0,0,0.0,0,0,[],True,False,False,0,0,0,0,0,0,0,,,,,
Stationery Frontier,"Sep 8, 2021",0 - 20000,0,0,3.99,0,0,['English'],True,True,False,0,0,1,0,0,0,0,Ivan,BC Square Entertainment Limited,"Single-player,Family Sharing","Indie,Early Access","Early Access,Combat,Flight,Shooter,Vehicular Combat,6DOF,Transportation,Simulation,Casual,3D Platformer,3D,Singleplayer,Action,Destruction,Multiplayer,Old School,PvP,PvE,Arena Shooter,Class-Based"
PrisonShow,"Apr 27, 2021",0 - 20000,0,0,5.0,0,0,['English'],True,False,False,0,0,0,1,0,0,0,Esra ÖZTÜRK,Esra ÖZTÜRK,"Single-player,Family Sharing","Action,Adventure,Casual,Indie","Casual,Action-Adventure,Puzzle-Platformer,First-Person,Alternate History,Dystopian,Philosophical,Action,Satire,Faith,Dark Comedy,Dark Humor,Dark,Female Protagonist,Linear,Story Rich,Singleplayer,Indie,Adventure"
PODCAST VS VIEWER 《主观争霸》&《主播vs观众》,"Nov 29, 2023",0 - 20000,0,0,0.99,0,0,"['English', 'Simplified Chinese']",True,False,False,0,0,1,0,0,0,0,Two Thousand and one entertainment studios,Two Thousand and one entertainment studios,"Single-player,Family Sharing","Casual,Indie,Simulation,Strategy","Casual,Strategy,Software,2D Fighter,Card Game,Utilities,Platformer,Point & Click,Tabletop,Board Game,e-sports,Simulation,2D Platformer,Card Battler,Turn-Based Tactics,Idler,2D,Text-Based,Minimalist,Relaxing"
Taken Soul | Đoạt Mệnh,"Mar 6, 2024",0 - 20000,0,0,2.49,75,0,"['English', 'Indonesian', 'Vietnamese', 'Japanese', 'Traditional Chinese', 'Russian', 'Simplified Chinese']",True,False,False,0,0,34,27,5,0,0,SOGA Std,SOGA Std,"Single-player,Steam Achievements,Family Sharing","Action,Adventure,Indie","Action-Adventure,Third-Person Shooter,Action,Realistic,Horror,Thriller,Multiple Endings,Open World,Singleplayer,Gore,Indie,Violent,Adventure,Third Person,Survival Horror,Psychological,Zombies,Dark Comedy,Comedy,Atmospheric"
Square vs Triangles,"Oct 21, 2020",0 - 20000,0,0,0.99,0,0,['English'],True,False,True,0,0,1,1,0,0,0,Tribial Games,Tribial Games,"Single-player,Full controller support,Family Sharing","Action,Adventure,Indie","Indie,2D Platformer,Singleplayer,Precision Platformer,Platformer,Action-Adventure,2D,Action,Funny,Linear,Colorful,Minimalist,Family Friendly,Adventure,Comedy,Cartoon,Retro"
Wisp Gunner,"Jun 20, 2025",0 - 20000,0,0,0.99,0,0,['English'],True,False,False,0,0,0,0,0,0,0,000ghost,000ghost,"Single-player,Family Sharing","Adventure,Casual,Indie,Simulation,Strategy",
Controllers Battery Indicator,"Mar 11, 2019",0 - 20000,0,0,0.99,50,0,"['English', 'Simplified Chinese', 'Russian', 'Spanish - Latin America', 'Spanish - Spain']",True,False,False,0,0,51,26,0,0,0,CWH Entertainment,CWH Entertainment,Single-player,Indie,"Indie,Controller,Utilities"
SlimeIsland,"Feb 4, 2025",20000 - 50000,0,0,1.99,0,0,['English'],True,False,False,0,0,1,0,0,0,0,ZHOU YANG,ZHOU YANG,"Single-player,Family Sharing","Casual,Indie,Racing,RPG,Sports","Battle Royale,Third Person,Rogue-lite,Sports,3D Platformer,Singleplayer,RPG,Cute,Rogue-like,Casual,Runner,Action-Adventure,3D,Family Friendly,Tactical,Artificial Intelligence,Quick-Time Events,PvE,Racing,Indie"
GRIDROAD,"Dec 9, 2024",20000 - 50000,7,0,4.99,50,0,"['English', 'German', 'Dutch', 'Japanese', 'Russian', 'Simplified Chinese']",True,True,True,0,0,261,45,35,346,144,RAJACORP,RAJACORP,"Single-player,Steam Achievements,Steam Cloud,Steam Leaderboards,Family Sharing","Indie,Simulation,Strategy","Simulation,Strategy,Transportation,Puzzle,Building,Logic,City Builder,Score Attack,Grid-Based Movement,Colorful,Indie,Singleplayer,Driving,Pixel Graphics,2D"
ReDo,"Jan 31, 2025",0 - 0,0,0,0.0,0,0,['English'],True,False,False,0,0,0,0,0,0,0,ENerd_Official,ENerd_Official,Single-player,"Adventure,Indie,RPG,Free To Play",
F.E.A.R. 2: Project Origin,"Feb 12, 2009",500000 - 1000000,41,17,2.99,80,1,"['English', 'French', 'Italian', 'German', 'Spanish - Spain', 'Polish', 'Russian', 'Czech', 'Hungarian']",True,False,False,79,0,7280,1269,0,5312,483,Monolith,"Warner Bros. Games,Warner Bros. Interactive Entertainment","Single-player,Multi-player,Family Sharing",Action,"Horror,FPS,Action,Gore,Singleplayer,Shooter,Multiplayer,Bullet Time,Psychological Horror,First-Person,Atmospheric,Co-op,Jump Scare,Classic,Sci-fi,Violent,Story Rich,Nudity,Sequel,Survival Horror"
Cube Jumper,"Jun 30, 2024",0 - 20000,0,0,9.99,0,0,['English'],True,False,False,0,0,1,0,0,0,0,StayMadGames,StayMadGames,"Single-player,Family Sharing",Casual,"Casual,Simulation,Platformer,Runner,3D,Sci-fi,Linear,Singleplayer"
Loafing Town,"Nov 6, 2025",0 - 20000,0,0,6.29,10,1,"['Simplified Chinese', 'English', 'Japanese', 'Traditional Chinese']",True,False,False,0,0,0,0,71,357,3807,GoblinZz,IndieArk,"Single-player,Steam Achievements,Steam Cloud,Family Sharing","Casual,Indie,Simulation",
DISORDER,"Jan 21, 2025",0 - 20000,1,0,20.99,30,0,"['English', 'Korean', 'French', 'German', 'Spanish - Spain', 'Russian', 'Japanese', 'Simplified Chinese', 'Traditional Chinese', 'Portuguese - Brazil']",True,False,False,0,0,46,55,17,118,0,GRUMPY,GRUMPY,"Single-player,Steam Achievements,Full controller support,Steam Cloud,Family Sharing","Action,Adventure,Indie,RPG","RPG,Action,Rogue-like,Hack and Slash,Rogue-lite,Female Protagonist,Action Roguelike,Singleplayer,Action RPG,Dungeon Crawler,3D,Third Person,Assassin,Fantasy,Futuristic,Perma Death,Difficult,Procedural Generation,Indie,Action-Adventure"
Goblin Auto Club Manager,"Jul 25, 2024",0 - 20000,0,0,6.99,30,0,"['English', 'German', 'French', 'Spanish - Spain', 'Japanese', 'Korean', 'Portuguese - Brazil']",True,False,False,0,0,54,5,32,0,0,Seaside Baboon,unthought games,"Single-player,Steam Achievements,Custom Volume Controls,Adjustable Difficulty,Stereo Sound,Steam Cloud,Family Sharing","Indie,Simulation,Strategy","Simulation,Management,Strategy,Racing,Retro,Pixel Graphics,2D,1990's,Automobile Sim,Driving,Indie,Minimalist,Old School,Relaxing,Physics,Singleplayer,Tutorial"
Cuckold Life Simulator 😳🔞,"Jan 21, 2023",0 - 0,0,0,1.39,0,0,"['English', 'Russian', 'French', 'Italian', 'German', 'Spanish - Spain', 'Arabic', 'Bulgarian', 'Czech', 'Danish', 'Dutch', 'Finnish', 'Greek', 'Hungarian', 'Japanese', 'Korean', 'Norwegian', 'Polish', 'Portuguese - Brazil', 'Portuguese - Portugal', 'Romanian', 'Simplified Chinese', 'Spanish - Latin America', 'Swedish', 'Thai', 'Traditional Chinese', 'Turkish', 'Ukrainian', 'Vietnamese', 'Afrikaans', 'Albanian', 'Amharic', 'Armenian', 'Assamese', 'Azerbaijani', 'Bangla', 'Basque', 'Belarusian', 'Bosnian', 'Catalan', 'Cherokee', 'Croatian', 'Dari', 'Estonian', 'Filipino', 'Galician', 'Georgian', 'Gujarati', 'Hausa', 'Hebrew', 'Hindi', 'Icelandic', 'Igbo', 'Indonesian', 'Irish', K'iche', 'Kannada', 'Kazakh', 'Khmer', 'Kinyarwanda', 'Konkani', 'Kyrgyz', 'Latvian', 'Lithuanian', 'Luxembourgish', 'Macedonian', 'Malay', 'Malayalam', 'Maltese', 'Maori', 'Marathi', 'Mongolian', 'Nepali', 'Odia', 'Persian', 'Punjabi (Gurmukhi)', 'Punjabi (Shahmukhi)', 'Quechua', 'Scots', 'Serbian', 'Sindhi', 'Sinhala', 'Slovak', 'Slovenian', 'Sorani', 'Sotho', 'Swahili', 'Tajik', 'Tamil', 'Tatar', 'Telugu', 'Tigrinya', 'Tswana', 'Turkmen', 'Urdu', 'Uyghur', 'Uzbek', 'Valencian', 'Welsh', 'Wolof', 'Xhosa', 'Yoruba', 'Zulu']",True,False,False,0,0,0,0,19,118,0,Octo Games,Octo Games,"Single-player,Steam Achievements,Steam Trading Cards,Family Sharing","Adventure,Casual,Simulation",
Willow’s Descent: Into The Under,"Nov 5, 2025",0 - 0,0,0,3.99,0,0,['English'],True,False,False,0,0,0,0,0,0,0,LunaMothic,LunaMothic,"Single-player,Partial Controller Support,Family Sharing",Indie,
Akai Katana Shin,"Dec 14, 2022",0 - 20000,1,0,19.49,35,0,"['English', 'French', 'Spanish - Spain', 'Traditional Chinese', 'Japanese', 'Korean']",True,False,False,0,0,84,4,35,0,0,"CITY CONNECTION,TAKE×0FF",CITY CONNECTION,"Single-player,Multi-player,Co-op,Shared/Split Screen Co-op,Shared/Split Screen,Steam Achievements,Partial Controller Support,Steam Cloud,Remote Play Together,Family Sharing",Action,"Action,Arcade,Shoot 'Em Up,Shooter,Bullet Hell,Side Scroller,2D,Dark Fantasy,Drama,Military,Retro,Female Protagonist,Story Rich,Singleplayer,Multiplayer,Local Multiplayer,Local Co-Op,Co-op"
Exclusive Cars,"Oct 1, 2025",0 - 0,0,0,0.74,0,0,['English'],True,False,False,0,0,0,0,0,0,0,Bolfosu Nalic,Bolfosu Nalic,"Multi-player,PvP,Online PvP,Family Sharing","Action,Racing,Simulation",
Giant Wishes,"Nov 10, 2022",0 - 20000,0,0,1.49,0,0,"['English', 'Portuguese - Brazil', 'Japanese', 'Simplified Chinese', 'Traditional Chinese', 'Spanish - Latin America', 'Turkish']",True,False,False,0,0,0,0,5,0,0,Hentai Room Stories,Hentai Room Stories,"Single-player,Steam Achievements,Family Sharing",Simulation,
The Castle,"Sep 5, 2023",0 - 20000,0,0,1.49,25,0,"['English', 'Portuguese - Brazil']",True,False,True,0,0,1,0,7,0,0,Sankurusu,Sankurusu,"Single-player,Steam Achievements,Partial Controller Support,Family Sharing","Adventure,Casual","Adventure,Interactive Fiction,Choose Your Own Adventure,Text-Based,Multiple Endings,Psychological,Narration,Minimalist,Casual,Female Protagonist,Lore-Rich,Visual Novel,Story Rich,Choices Matter,Atmospheric,Fantasy,Singleplayer"
Asteroid Hideout,"Mar 14, 2019",0 - 20000,0,0,2.99,0,0,"['English', 'German']",True,False,False,0,0,4,2,13,0,0,toxicbrain,toxicbrain,"Single-player,Steam Achievements,Full controller support,Steam Cloud,Steam Leaderboards,Family Sharing","Action,Casual,Indie","Casual,Indie,Action"
Meow-Jong,"Nov 3, 2016",0 - 20000,0,0,1.99,0,0,['English'],True,True,True,0,0,45,0,14,0,82,"EPWH, LLC","EPWH, LLC","Single-player,Steam Achievements,Steam Trading Cards,Family Sharing","Casual,Simulation,Strategy","Casual,Strategy,Simulation,Cats"
The Timeless Child - Prologue,"Dec 10, 2021",0 - 0,0,0,0.0,0,1,"['English', 'Italian']",True,False,False,0,0,0,0,22,0,0,Timeless Tale,Timeless Tale,"Multi-player,Co-op,Online Co-op,Steam Achievements","Adventure,Free To Play,Indie",
Almighty: Kill Your Gods,"May 5, 2021",20000 - 50000,0,0,4.99,80,2,['English'],True,False,False,0,0,243,153,30,314,58,RUNWILD Entertainment,Versus Evil,"Single-player,Multi-player,Co-op,Online Co-op,Family Sharing","Action,RPG,Early Access","Early Access,Looter Shooter,Hack and Slash,Souls-like,Collectathon,Action RPG,RPG,Third Person,Open World,Action,Fantasy,Atmospheric,Crafting,Adventure,Co-op,Co-op Campaign,Multiplayer,Online Co-Op,Singleplayer,Indie"
Daymare: 1994 Sandcastle,"Aug 30, 2023",0 - 20000,3,0,14.99,50,1,"['English', 'French', 'Italian', 'German', 'Spanish - Spain', 'Japanese', 'Korean', 'Polish', 'Portuguese - Brazil', 'Russian', 'Simplified Chinese', 'Traditional Chinese', 'Turkish']",True,False,False,0,0,568,197,30,700,432,Invader Studios,"Leonardo Interactive,4Divinity","Single-player,Steam Achievements,Full controller support,Steam Cloud,Family Sharing",Action,"Shooter,Horror,Third Person,Survival Horror,Female Protagonist,Action,Exploration,Adventure,Old School,Singleplayer,Combat,Story Rich,Gore,Violent,Military,Survival,Zombies"
Card Toons,"Feb 20, 2025",0 - 20000,0,0,14.99,0,0,['English'],True,False,False,0,0,10,3,37,0,0,Toon Games,Toon Games,"Single-player,Steam Achievements,Steam Cloud,Family Sharing","Casual,Indie,RPG,Strategy,Early Access","Early Access,Roguelike Deckbuilder,Card Game,Card Battler,Indie,Rogue-like,Deckbuilding,Turn-Based Strategy,Replay Value,Rogue-lite,Dungeon Crawler,Strategy,Procedural Generation,Casual,Perma Death,Cartoon,Colorful,Relaxing,Singleplayer,2D"
Game Pauser by Jase,"May 18, 2022",0 - 0,0,0,0.0,0,0,['English'],True,False,False,0,0,0,0,0,0,0,Made by Jase,Made by Jase,Partial Controller Support,Utilities,
TrumPiñata,"Jul 22, 2016",0 - 20000,0,0,0.99,0,0,['English'],True,False,False,0,0,10,11,0,0,0,KittyPup Productions,JH Dinsdale LTD,"Single-player,Tracked Controller Support,VR Only,Family Sharing",Simulation,"Simulation,VR,Memes,Politics,Political"
CBT With Yuuka Kazami,"Oct 19, 2020",20000 - 50000,4,0,0.49,0,1,"['English', 'Japanese', 'Russian']",True,False,False,0,0,1308,45,0,1111,192,Sigyaad Team,Sigyaad Team,"Single-player,Steam Trading Cards,Family Sharing",Casual,"Casual,Visual Novel,2D,Anime,Colorful,Cute,Relaxing,Singleplayer,Short,Psychological Horror,Faith,Memes,Survival Horror"
Sausage Sports Club,"Jul 19, 2018",0 - 20000,0,0,7.49,0,1,['English'],True,True,False,0,0,21,7,18,0,0,Luckshot Games,Luckshot Games,"Single-player,Multi-player,PvP,Shared/Split Screen PvP,Co-op,Shared/Split Screen Co-op,Shared/Split Screen,Steam Achievements,Full controller support,Remote Play Together,Family Sharing","Action,Adventure,Casual,Indie","Action,Indie,Adventure,Casual,Local Multiplayer,4 Player Local,Physics,Local Co-Op,Funny,Sports,Cute,Third Person,Singleplayer,Controller,Comedy,Great Soundtrack,Co-op,Short,Platformer,Family Friendly"
Hero Park,"May 28, 2021",0 - 20000,0,0,12.99,0,0,"['English', 'German', 'French', 'Spanish - Spain', 'Simplified Chinese', 'Traditional Chinese', 'Portuguese - Portugal']",True,False,False,0,0,30,19,36,0,0,Fun Flavor Games,DIVASKY LIMITED,"Single-player,Family Sharing",Simulation,"Simulation,City Builder,Crafting,Management,Idler,2D,Choices Matter,Inventory Management,Fantasy,Time Management,Cartoony,Building,Loot,Magic,Base-Building,Clicker,Singleplayer,Immersive Sim,Rogue-lite,Dungeon Crawler"
Dark Flame -Nam's Quest-,"Nov 5, 2024",0 - 20000,0,0,3.99,50,0,"['English', 'Japanese', 'Traditional Chinese']",True,False,False,0,0,0,0,0,0,0,PastureSoft,PastureSoft,"Single-player,Family Sharing","Casual,Indie,RPG,Strategy",
Red Spider: Vengeance,"Nov 25, 2016",20000 - 50000,0,0,0.0,0,2,"['English', 'Japanese', 'Traditional Chinese']",True,True,False,0,0,29,7,0,0,120,studio wasp,studio wasp,Single-player,Adventure,"Visual Novel,Female Protagonist,Noir,Multiple Endings,Choices Matter,Otome,Drama,Romance,Crime,Cinematic,Singleplayer,Adventure,Free to Play,Open World,RPG"
MoveUp,"Sep 15, 2021",100000 - 200000,0,0,2.99,0,0,['English'],True,False,False,0,0,3,0,0,0,0,Voxel LLC,ExAbsentia,"Single-player,Tracked Controller Support,VR Only,Family Sharing","Casual,Indie","Casual,Adventure,Arcade,Flight,3D,Cartoony,Colorful,Atmospheric,Indie,6DOF,Choices Matter,Singleplayer,VR"
My favorite dream girls,"Nov 18, 2024",0 - 0,0,0,0.99,0,0,"['English', 'French', 'Italian', 'German', 'Spanish - Spain', 'Arabic', 'Bulgarian', 'Portuguese - Brazil', 'Hungarian', 'Vietnamese', 'Greek', 'Danish', 'Indonesian', 'Spanish - Latin America', 'Traditional Chinese', 'Simplified Chinese', 'Korean', 'Dutch', 'Norwegian', 'Polish', 'Portuguese - Portugal', 'Romanian', 'Russian', 'Thai', 'Turkish', 'Ukrainian', 'Finnish', 'Czech', 'Swedish', 'Japanese', 'Azerbaijani', 'Albanian', 'Amharic', 'Armenian', 'Assamese', 'Afrikaans', 'Basque', 'Belarusian', 'Bangla', 'Bosnian', 'Valencian', 'Welsh', 'Wolof', 'Galician', 'Georgian', 'Gujarati', 'Dari', 'Zulu', 'Hebrew', 'Igbo', 'Irish', 'Icelandic', 'Yoruba', 'Kazakh', 'Kannada', 'Catalan', 'Quechua', 'Kinyarwanda', K'iche', 'Konkani', 'Xhosa', 'Khmer', 'Kyrgyz', 'Latvian', 'Lithuanian', 'Luxembourgish', 'Macedonian', 'Malay', 'Malayalam', 'Maltese', 'Maori', 'Marathi', 'Mongolian', 'Nepali', 'Odia', 'Punjabi (Gurmukhi)', 'Punjabi (Shahmukhi)', 'Persian', 'Serbian', 'Sotho', 'Sinhala', 'Sindhi', 'Slovak', 'Slovenian', 'Sorani', 'Swahili', 'Tajik', 'Tamil', 'Tatar', 'Telugu', 'Tigrinya', 'Tswana', 'Turkmen', 'Uzbek', 'Uyghur', 'Urdu', 'Filipino', 'Hausa', 'Hindi', 'Croatian', 'Cherokee', 'Scots', 'Estonian']",True,False,False,0,0,0,0,50,0,0,Morf Games,Morf Games,"Single-player,Steam Achievements,Family Sharing",Casual,
イツワリの令嬢少年,"Nov 14, 2025",0 - 0,0,0,0.0,0,0,['Japanese'],True,False,False,0,0,0,0,18,0,0,meLtRoman,meLtRoman,"Single-player,Steam Achievements,Custom Volume Controls,Playable without Timed Input,Save Anytime","Adventure,Indie,Free To Play",
Metal Combat,"Jul 11, 2025",0 - 0,0,0,1.19,0,0,"['English', 'Russian']",True,False,False,0,0,0,0,0,0,0,Solar Studios,Strategy First,"Single-player,Family Sharing","Action,Simulation",
Bodycam:Adrenaline,"Apr 24, 2025",50000 - 100000,0,0,9.99,0,0,"['English', 'French', 'Italian', 'German', 'Spanish - Spain', 'Danish', 'Ukrainian', 'Russian', 'Indonesian', 'Turkish', 'Greek', 'Norwegian', 'Japanese', 'Polish', 'Swedish', 'Simplified Chinese', 'Traditional Chinese', 'Finnish', 'Dutch', 'Portuguese - Brazil', 'Portuguese - Portugal', 'Spanish - Latin America', 'Korean']",True,False,False,0,0,0,2,0,0,0,Rocket Game,Rocket Game,"Single-player,Family Sharing","Action,Adventure,Indie","Shooter,Realistic,3D Platformer,Wargame,FPS,3D,First-Person,3D Vision,Military,War,Action,Tactical,Modern,Crime,Combat,Physics,Linear,Singleplayer,FMV,Bullet Time"
My Winter Car,"Dec 29, 2025",0 - 20000,0,0,14.99,0,0,['English'],True,False,False,0,0,0,0,0,3819,234,Amistech Games,Amistech Games,"Single-player,Family Sharing","Indie,Racing,Simulation,Early Access",
Estória,"Dec 12, 2025",0 - 0,0,0,4.99,0,0,"['English', 'Japanese']",True,True,False,0,0,0,0,0,0,0,Jonathan Jahnke,Jonathan Jahnke,"Single-player,Custom Volume Controls,Mouse Only Option,Playable without Timed Input,Save Anytime,Touch Only Option,Family Sharing","Adventure,Casual,Indie",
HostageHub Playtest,"Mar 5, 2025",0 - 0,0,0,0.0,0,0,[],True,False,False,0,0,0,0,0,0,0,,,,,
Airline Director 2 - Tycoon Game,"Apr 28, 2016",0 - 20000,0,0,4.99,0,0,['English'],True,False,False,0,0,22,39,12,0,0,Joona Vartiainen,Joona Vartiainen,"Single-player,Multi-player,Shared/Split Screen,Steam Achievements,Steam Leaderboards,Remote Play Together,Family Sharing","Indie,Simulation,Strategy","Indie,Strategy,Simulation"
异星漂流 Playtest,"Sep 11, 2025",0 - 0,0,0,0.0,0,0,[],True,False,False,0,0,0,0,0,0,0,,,,,
Big Farm Story,"Aug 2, 2021",20000 - 50000,0,0,7.99,0,5,"['English', 'French', 'German', 'Polish', 'Czech', 'Russian', 'Portuguese - Brazil', 'Simplified Chinese', 'Spanish - Spain', 'Spanish - Latin America']",True,True,False,0,0,1023,265,20,1144,508,Goodgame Studios,Goodgame Studios,"Single-player,Multi-player,Co-op,Shared/Split Screen Co-op,Shared/Split Screen,Steam Achievements,Full controller support,Steam Trading Cards,Remote Play Together,Family Sharing","Adventure,Casual,RPG,Simulation","Singleplayer,Farming,Life Sim,Local Co-Op,Story Rich,Dog,Choose Your Own Adventure,Farming Sim,RPG,Narration,Nature,Relaxing,Simulation,Crafting,Cartoony,Cute,Adventure,Casual,Cooking,Co-op"
Vantage: Primitive Survival Game,"Dec 2, 2021",0 - 20000,0,0,3.74,75,0,['English'],True,False,False,0,0,44,31,0,0,0,Crystal Dragon,Crystal Dragon,"Single-player,Multi-player,Co-op,Online Co-op,LAN Co-op,Steam Trading Cards,Family Sharing","Indie,Simulation","Simulation,Open World Survival Craft,Online Co-Op,Inventory Management,Immersive Sim,Crafting,Survival,Sandbox,Multiplayer,Singleplayer,Indie,Building,Exploration,Walking Simulator,3D,Historical,Open World,Nature,Farming,Casual"
Alexio,"May 8, 2021",0 - 20000,0,0,0.59,80,1,"['English', 'Russian']",True,False,False,0,0,26,3,20,0,0,Duck Team,Duck Team,"Single-player,Steam Achievements,Partial Controller Support,Steam Cloud,Family Sharing","Adventure,Indie","Indie,Adventure,Pixel Graphics,Platformer,Side Scroller,Exploration,2D,Difficult,Mystery,Controller,Great Soundtrack"
Level up Everything!,"Mar 4, 2025",0 - 20000,0,0,2.49,50,0,['English'],True,False,False,0,0,1,0,62,0,0,KamikaziAvalanche,KamikaziAvalanche,"Single-player,Steam Achievements,Family Sharing","RPG,Strategy","Strategy,Board Game,Rogue-like,Turn-Based Strategy,Tactical RPG,RPG,Traditional Roguelike,2D,Cartoon,Fantasy,Turn-Based Tactics,Deckbuilding,Turn-Based Combat,Singleplayer"
Holy Whore Emily,"Jan 20, 2025",0 - 20000,1,0,8.99,25,0,"['Traditional Chinese', 'English', 'Russian', 'Japanese', 'Thai', 'Simplified Chinese']",True,False,False,0,0,0,0,0,161,55,Asami,"Playmeow,ACG creator,Playmeow News","Single-player,Family Sharing","Casual,Simulation",
LOCKDOWN Protocol,"Nov 18, 2025",1000000 - 2000000,411,0,6.99,30,3,"['English', 'French', 'Spanish - Spain', 'Simplified Chinese', 'Spanish - Latin America', 'Japanese', 'Portuguese - Brazil', 'Portuguese - Portugal', 'Russian']",True,False,False,0,0,13058,1808,0,14934,633,Mirage Creative Lab,Mirage Creative Lab,"Multi-player,PvP,Online PvP,Co-op,Online Co-op,Steam Trading Cards,Family Sharing","Action,Casual,Indie,Strategy","Early Access,Multiplayer,Social Deduction,Conversation,Space,Action,Investigation,Casual,First-Person,Sci-fi,Puzzle,FPS,Real Time Tactics,PvP,Team-Based,3D,Perma Death,Strategy,Cute,Stylized"
OwnTrio -Adventure-,"Mar 31, 2024",0 - 20000,0,0,0.99,0,0,"['English', 'Japanese', 'Korean']",True,False,False,0,0,0,1,8,0,0,K'ath /\ Ga'an,K'ath /\ Ga'an,"Single-player,Steam Achievements,Steam Cloud,Family Sharing","Casual,Indie","Casual,2D Platformer,Platformer,2D,Split Screen,Pixel Graphics,Family Friendly,Indie,Physics,Singleplayer"
Need for Speed™ Payback,"Jun 18, 2020",1000000 - 2000000,204,13,4.49,85,4,"['English', 'French', 'Spanish - Spain', 'Italian', 'German', 'Japanese', 'Polish', 'Portuguese - Brazil', 'Russian', 'Simplified Chinese', 'Traditional Chinese']",True,False,False,62,0,24868,4186,57,25486,783,Ghost Games,Electronic Arts,"Single-player,Multi-player,PvP,Online PvP,Co-op,Online Co-op,Steam Achievements","Action,Adventure,Racing,Sports,Strategy","Racing,Open World,Multiplayer,Combat Racing,Controller,Sports,PvP,Sandbox,Arcade,Third Person,First-Person,Strategy,Offroad,Vehicular Combat,Simulation,Co-op,Atmospheric,Online Co-Op,Singleplayer,Action"
Village Cult,"Jul 26, 2024",0 - 20000,0,0,0.79,20,0,"['English', 'Russian']",True,False,False,0,0,7,5,12,0,0,Fireplay Studio,Fireplay Studio,"Single-player,Steam Achievements,Full controller support,Family Sharing",Indie,"Horror,First-Person,Survival Horror,Atmospheric,Dark,Mystery,Idler,Retro,1990's,RPG,Indie,3D,Linear,Singleplayer"
CountryBalls Heroes,"Nov 16, 2021",50000 - 100000,1,0,3.44,77,0,"['English', 'French', 'German', 'Spanish - Spain', 'Polish', 'Russian', 'Simplified Chinese']",True,False,False,0,0,350,89,16,389,346,Innominate Games,Games Operators,"Single-player,Multi-player,PvP,Shared/Split Screen PvP,Shared/Split Screen,Steam Achievements,Steam Cloud,Stats,Remote Play Together,Family Sharing",Strategy,"Turn-Based Tactics,Fantasy,Magic,Tactical,Atmospheric,Local Multiplayer,Multiplayer,Singleplayer,Turn-Based Strategy,Turn-Based,Wargame,Grand Strategy,City Builder,Parody,PvP,2D,Strategy,Strategy RPG,Cute,Top-Down"
Flaky Bakery,"Jan 21, 2020",0 - 20000,0,0,0.99,80,0,"['English', 'Spanish - Spain', 'German']",True,True,True,0,0,9,2,68,0,0,PhatRobit,PhatRobit,"Single-player,Steam Achievements,Full controller support,Steam Cloud,Family Sharing","Casual,Indie,Strategy","Casual,Indie,Strategy,Arcade,Cute,Pixel Graphics,2D,Comedy,Family Friendly,Funny,Zombies,Character Customization,Tutorial,Singleplayer,Difficult"
Caramel Performance,"Jul 24, 2024",0 - 20000,0,0,5.5,0,0,"['English', 'Russian']",True,False,False,0,0,5,0,0,0,0,Keyeee,Keyeee,"Single-player,Family Sharing","Casual,Indie","Visual Novel,LGBTQ+,Casual,Life Sim,Cute,Choose Your Own Adventure,Atmospheric,2D,Magic,First-Person,Hand-drawn,Modern,Female Protagonist,Stylized,Relaxing,Indie,Mystery,Singleplayer"
PartyLine VR,"Sep 13, 2019",0 - 20000,0,0,14.99,0,0,['English'],True,False,False,0,0,7,7,0,0,0,Stephen Rogers,4th Wall Breakers,"Multi-player,PvP,Shared/Split Screen PvP,Co-op,Shared/Split Screen Co-op,Shared/Split Screen,Cross-Platform Multiplayer,Tracked Controller Support,VR Only,Remote Play Together,Family Sharing","Casual,Indie,Simulation,Early Access","Indie,Early Access,Casual,Simulation,Local Co-Op,4 Player Local,Local Multiplayer,VR"
Medicinal Herbs - Cannabis Grow Simulator,"Sep 23, 2020",0 - 20000,1,0,6.99,0,0,"['English', 'French', 'Italian', 'German', 'Spanish - Spain', 'Polish', 'Russian', 'Turkish']",True,False,False,0,0,38,15,53,0,334,MazyGames,MazyGames,"Single-player,Steam Achievements,Steam Cloud,Stats,Family Sharing","Indie,Simulation,Early Access","Indie,Simulation,Early Access,Mature,Farming Sim,First-Person,Relaxing,Realistic,Building,Management"
Warlocks Deeds,"Nov 7, 2023",0 - 0,0,0,0.0,0,2,"['English', 'French', 'Italian', 'German', 'Spanish - Spain', 'Hungarian', 'Japanese', 'Polish', 'Russian', 'Simplified Chinese', 'Traditional Chinese', 'Turkish', 'Ukrainian']",True,False,False,0,0,0,0,57,0,0,Sub Orbital Software,Sub Orbital Software,"Single-player,Multi-player,Co-op,Online Co-op,LAN Co-op,Steam Achievements","Action,Adventure,Casual,Indie,RPG,Free To Play",
Jumping Mellow,"Mar 23, 2020",0 - 20000,0,0,6.99,0,0,['English'],True,False,False,0,0,6,0,10,0,0,Glidersoft,Glidersoft,"Single-player,Steam Achievements,Full controller support,Steam Cloud,Stats,Family Sharing","Action,Adventure,Casual,Indie","Action,Indie,Casual,Adventure,Platformer,2D,Difficult"
Evoland 2,"Aug 25, 2015",200000 - 500000,4,0,4.99,75,0,"['English', 'French', 'German']",True,True,False,0,0,3345,491,38,1813,535,Shiro Games,Shiro Games,"Single-player,Steam Achievements,Full controller support,Steam Cloud,Family Sharing","Action,Adventure,Indie,RPG","RPG,Adventure,Indie,Retro,Action,Singleplayer,Pixel Graphics,Story Rich,2D,Fantasy,Time Travel,Great Soundtrack,Puzzle,JRPG,Parody,Platformer,Funny,Action RPG,Atmospheric,Comedy"
Targeted –10 Days,"Aug 14, 2024",0 - 20000,0,0,2.49,50,0,"['English', 'Hungarian', 'French', 'German', 'Portuguese - Brazil', 'Traditional Chinese', 'Japanese', 'Polish', 'Simplified Chinese', 'Korean', 'Russian', 'Spanish - Spain', 'Italian', 'Bulgarian']",True,False,True,0,0,30,0,20,0,0,Glitchy Frame Studio,Glitchy Frame Studio,"Single-player,Steam Achievements,Full controller support,Steam Cloud,Steam Leaderboards,Remote Play on Phone,Remote Play on Tablet,Remote Play Together,Family Sharing","Casual,Indie,Simulation","Hidden Object,Choices Matter,Exploration,Walking Simulator,Survival,Noir,Runner,Horror,Realistic,Immersive Sim,Simulation,Alternate History,Assassin,Puzzle,Detective,Casual,Crime,Investigation,Mystery,Logic"
月藍傳奇REMAKE古文明之謎,"Feb 11, 2024",0 - 20000,2,0,19.99,0,0,['Traditional Chinese'],True,False,False,0,0,0,0,0,236,2169,"天使蛋糕,攸藍,牙籤,黃金,咕咕咕,鎧特",RMAsia,"Single-player,Family Sharing","Indie,RPG",
50 DOORS,"Nov 6, 2024",0 - 20000,0,0,3.74,25,0,['English'],True,False,False,0,0,0,1,0,0,0,Kuliš David,Tree frogs games,"Single-player,Family Sharing",Strategy,"Strategy,Puzzle,Hidden Object,3D,Emotional,Physics,Singleplayer"
Gold Dust,"Nov 6, 2020",0 - 20000,0,0,0.49,90,0,"['English', 'French', 'Italian', 'German', 'Spanish - Spain', 'Arabic', 'Bulgarian', 'Portuguese - Brazil', 'Hungarian', 'Vietnamese', 'Greek', 'Danish', 'Spanish - Latin America', 'Traditional Chinese', 'Simplified Chinese', 'Korean', 'Dutch', 'Norwegian', 'Polish', 'Portuguese - Portugal', 'Romanian', 'Russian', 'Thai', 'Turkish', 'Ukrainian', 'Finnish', 'Czech', 'Swedish', 'Japanese', 'Azerbaijani', 'Albanian', 'Amharic', 'Armenian', 'Assamese', 'Afrikaans', 'Basque', 'Belarusian', 'Bangla', 'Bosnian', 'Valencian', 'Welsh', 'Wolof', 'Galician', 'Georgian', 'Gujarati', 'Dari', 'Zulu', 'Hebrew', 'Igbo', 'Indonesian', 'Irish', 'Icelandic', 'Yoruba', 'Kazakh', 'Kannada', 'Catalan', 'Quechua', 'Kinyarwanda', K'iche', 'Konkani', 'Xhosa', 'Khmer', 'Kyrgyz', 'Latvian', 'Lithuanian', 'Luxembourgish', 'Macedonian', 'Malay', 'Malayalam', 'Maltese', 'Maori', 'Marathi', 'Mongolian', 'Nepali', 'Odia', 'Punjabi (Gurmukhi)', 'Punjabi (Shahmukhi)', 'Persian', 'Serbian', 'Sotho', 'Sinhala', 'Sindhi', 'Slovak', 'Slovenian', 'Sorani', 'Swahili', 'Tajik', 'Tamil', 'Tatar', 'Telugu', 'Tigrinya', 'Tswana', 'Turkmen', 'Uzbek', 'Uyghur', 'Urdu', 'Filipino', 'Hausa', 'Hindi', 'Croatian', 'Cherokee', 'Scots', 'Estonian']",True,False,False,0,0,14,10,0,0,0,NL Studio,KazakovStudios,"Single-player,Family Sharing","Action,Adventure","Exploration,Spectacle fighter,Hack and Slash,Shooter,First-Person,Action,Pixel Graphics,Survival,Adventure,1990's,Old School,Singleplayer,Casual,3D,Simulation,Indie,Horror,Minimalist,Atmospheric,Comedy"
Forgotten World,"Jul 18, 2018",0 - 20000,0,0,0.0,0,0,['Italian'],True,False,False,0,0,3,2,0,0,0,"Valerio Palma,Cristian Maraglino",Insitor Studio,Single-player,"Action,Adventure,RPG,Strategy","RPG,Action,Adventure,Strategy,RPGMaker"
Futanari★Coffee shop,"Jan 29, 2025",0 - 20000,6,0,6.99,50,0,"['English', 'Simplified Chinese', 'Japanese', 'Traditional Chinese', 'Russian', 'Korean', 'French', 'German', 'Spanish - Spain', 'Portuguese - Brazil']",True,False,False,0,0,0,0,63,229,1352,W77Games,W77Games,"Single-player,Steam Achievements,Family Sharing","Casual,Indie,RPG,Simulation,Early Access",
Mind Over Magnet Playtest,"Mar 15, 2024",0 - 0,0,0,0.0,0,0,[],True,False,False,0,0,0,0,1,0,0,,,,,
EXCALIBURIAN!!,"Dec 31, 2021",0 - 0,0,0,0.0,0,0,['English'],True,False,False,0,0,0,0,0,0,0,Majd Rouhana,Majd Rouhana,"Single-player,Partial Controller Support","Adventure,Casual,Indie,RPG,Free To Play",
Shakes and Fidget,"Feb 24, 2016",1000000 - 2000000,1389,0,0.0,0,0,"['English', 'French', 'Italian', 'German', 'Spanish - Spain', 'Czech', 'Hungarian', 'Polish']",True,True,False,0,0,33837,2756,0,184,8766,Playa Games GmbH,Playa Games GmbH,"Single-player,Multi-player,MMO,Cross-Platform Multiplayer,Steam Trading Cards,In-App Purchases,Camera Comfort,Custom Volume Controls,Mouse Only Option","Adventure,Casual,Indie,Massively Multiplayer,RPG,Strategy,Free To Play","Free to Play,RPG,Massively Multiplayer,Casual,Multiplayer,Adventure,Strategy,Clicker,MMORPG,Character Customization,Fantasy,Indie,Comedy,Medieval,Singleplayer,Funny,Classic,Dark Humor,Story Rich,Cult Classic"
Ho-Ho-Home Invasion,"Dec 15, 2020",0 - 20000,0,0,0.0,0,8,"['English', 'French', 'Italian', 'German', 'Spanish - Spain', 'Portuguese - Brazil']",True,False,False,0,0,121,7,28,0,0,Whitepot Studios,Whitepot Studios,"Single-player,Steam Achievements,Full controller support,Steam Cloud,Stats,Steam Leaderboards","Action,Indie,Free To Play","Free to Play,Stealth,Indie,Action,Short,Top-Down,Family Friendly,Quick-Time Events,3D,3D Platformer,Tactical,Puzzle-Platformer,Platformer,Funny,Satire,Singleplayer,Cartoon,Cartoony,Cute,Robots"
Dark Goddess of Destruction: Idle,"Nov 4, 2024",0 - 0,0,0,0.0,0,0,"['English', 'Japanese', 'Simplified Chinese', 'Traditional Chinese', 'Portuguese - Brazil', 'German', 'Portuguese - Portugal', 'Russian', 'French', 'Spanish - Spain', 'Korean']",True,True,True,0,0,0,0,0,0,0,FantasiaTech,FantasiaTech,"Single-player,Multi-player,MMO,PvP,Online PvP,Cross-Platform Multiplayer,In-App Purchases","Casual,Indie,Massively Multiplayer,RPG,Strategy,Free To Play",
Virvius,"Apr 6, 2024",20000 - 50000,0,0,3.49,30,0,['English'],True,False,False,0,0,35,1,24,0,0,Myke Wills,Enfenyx Games,"Single-player,Steam Achievements,Full controller support,Steam Cloud,Family Sharing","Action,Indie,Early Access","Early Access,First-Person,FPS,Shooter,Boomer Shooter,Action,1990's,Retro,Demons,PvE,3D,Cyberpunk,Horror,Underground,Linear,Controller,Sci-fi,Dark Fantasy,Atmospheric,Physics"
Rise of the Ancients,"May 31, 2016",200000 - 500000,0,0,0.49,90,0,"['English', 'Russian']",True,False,False,0,0,149,188,0,286,238,Talentplace,KishMish Games,"Single-player,Steam Trading Cards,Family Sharing","Indie,Strategy","Indie,Strategy,Tower Defense"
Expert Rifleman - Reloaded,"Aug 14, 2015",0 - 20000,0,0,1.49,90,0,['English'],True,True,False,0,0,20,14,0,0,245,BattleByte,BattleByte,"Single-player,Steam Trading Cards,Steam Workshop,Family Sharing",Simulation,Simulation
Aimtropolis,"May 25, 2023",0 - 20000,0,0,9.99,0,0,['English'],True,False,False,0,0,4,1,0,0,0,Bowl of Tentacles,Bowl of Tentacles,"Single-player,Tracked Controller Support,VR Only,Family Sharing","Action,Casual,Indie","VR,Casual,Singleplayer,Competitive,Shooter,Arcade,FPS,Immersive,Retro,Minigames,First-Person,Sci-fi,Quick-Time Events,PvE,Minimalist,Fantasy,Solitaire,Futuristic,War,Medieval"
Mary Knots - Garden Wedding,"Sep 15, 2021",0 - 20000,2,0,2.39,0,0,['English'],True,False,False,0,0,4,2,0,0,0,Mad Data,HH-Games,"Single-player,Family Sharing",Casual,"Casual,Hidden Object,Puzzle,Colorful,Singleplayer"
Leviathan: An Interactive Comic Book,"Nov 14, 2022",50000 - 100000,0,0,9.99,0,0,['English'],True,True,True,0,0,1,0,0,0,0,Zarfhome Software,Zarfhome Software,"Single-player,Full controller support,Family Sharing","Adventure,Indie","Choose Your Own Adventure,Interactive Fiction,Female Protagonist,Comic Book,Choices Matter,Story Rich,Adventure,Hand-drawn,Fantasy,Sailing,2D,Cartoon,Singleplayer,Indie"
PRO ERA,"Dec 23, 2022",0 - 20000,0,0,14.99,0,0,"['English', 'French', 'Italian', 'German', 'Japanese', 'Spanish - Latin America']",True,False,False,0,0,99,50,29,144,0,StatusPRO Inc,StatusPRO Inc,"Single-player,Multi-player,PvP,Online PvP,VR Only,Family Sharing",Sports,"Simulation,Immersive Sim,First-Person,3D,VR,Realistic,Football (American),Sports,Character Customization,Multiplayer,Singleplayer"
Zombiology Playtest,"Jul 21, 2024",0 - 0,0,0,0.0,0,0,[],True,False,False,0,0,0,0,0,0,0,,,,,
Paint the Town Red,"Jul 29, 2021",1000000 - 2000000,296,0,9.99,50,2,"['English', 'French', 'Italian', 'German', 'Spanish - Spain', 'Arabic', 'Bulgarian', 'Czech', 'Danish', 'Dutch', 'Finnish', 'Greek', 'Hungarian', 'Japanese', 'Korean', 'Norwegian', 'Polish', 'Portuguese - Portugal', 'Portuguese - Brazil', 'Romanian', 'Russian', 'Simplified Chinese', 'Swedish', 'Thai', 'Traditional Chinese', 'Turkish', 'Ukrainian']",True,True,True,0,0,28358,1218,30,27797,1127,South East Games,South East Games,"Single-player,Multi-player,Co-op,Online Co-op,Cross-Platform Multiplayer,Steam Achievements,Full controller support,VR Supported,Steam Trading Cards,Steam Workshop,Steam Cloud,Steam Leaderboards,Includes level editor,Family Sharing","Action,Indie","Gore,Blood,Action,Violent,Multiplayer,Fighting,First-Person,Physics,Rogue-like,Beat 'em up,Funny,Voxel,Rogue-lite,Singleplayer,FPS,Indie,Mature,Adventure,Difficult,Arcade"
The Druid,"May 24, 2023",0 - 0,0,0,0.0,0,0,"['English', 'Spanish - Spain']",True,False,False,0,0,0,0,33,0,0,NAO Studios,"NAO Studios,U-tad","Single-player,Steam Achievements,Full controller support","Action,Adventure,Indie,Free To Play",
Cannonship,"Jun 8, 2020",0 - 20000,0,0,4.99,0,0,['English'],True,True,True,0,0,6,1,14,0,0,Two Hands Lab,Two Hands Lab,"Single-player,Multi-player,Co-op,Shared/Split Screen Co-op,Shared/Split Screen,Steam Achievements,Full controller support,Steam Cloud,Remote Play Together,Family Sharing","Action,Indie","Action,Indie,Arcade,Local Co-Op,Singleplayer"
Elemental Engagements,"Jan 9, 2024",0 - 0,0,0,0.0,0,0,['English'],True,False,False,0,0,0,0,0,0,0,Unpronounceable Studios,Unpronounceable Studios,"Multi-player,PvP,Shared/Split Screen PvP,Shared/Split Screen,Full controller support,Remote Play Together","Casual,Strategy",
Mine Spiders,"Jun 20, 2025",0 - 0,0,0,8.49,0,0,['English'],True,False,False,0,0,0,0,0,0,0,Monstro Games,Monstro Games,"Single-player,Family Sharing","Action,Adventure,Casual,Indie",
The Mariner Playtest,"Aug 30, 2025",0 - 0,0,0,0.0,0,0,[],True,False,False,0,0,0,0,0,0,0,,,,,
Cross Concerto,"Sep 23, 2022",0 - 20000,2,0,10.79,64,0,"['Japanese', 'Simplified Chinese', 'Traditional Chinese']",True,False,False,0,0,272,21,50,131,521,Applique,HIKARI FIELD,"Single-player,Steam Achievements,Steam Trading Cards,Steam Cloud,Family Sharing","Adventure,Casual","Casual,Adventure,Anime,Story Rich,Visual Novel,Interactive Fiction,2D Platformer,Cartoony,Singleplayer,Fantasy,Drama,Comedy,FPS,Cute"
Reading World VR,"Apr 11, 2024",0 - 20000,0,0,14.99,0,0,['English'],True,False,False,0,0,0,0,0,0,0,Skill Prepare,Skill Prepare,"Single-player,VR Only,Family Sharing","Casual,Strategy",
Successor,"Oct 24, 2025",0 - 20000,5,0,14.99,40,0,['English'],True,False,False,0,0,9,2,0,0,0,Playwood Project,Playwood Project,"Single-player,Family Sharing","RPG,Strategy","Early Access,Turn-Based Tactics,Real Time Tactics,Rogue-lite,Medieval,RTS,Strategy RPG,RPG,Strategy,3D,Isometric,Funny,Procedural Generation,Turn-Based Combat,Action,Fantasy,Tactical,Magic,Hex Grid,Combat"
4X4,"Oct 5, 2022",20000 - 50000,0,0,1.49,70,0,"['English', 'Japanese', 'Korean', 'French', 'Italian', 'German', 'Spanish - Spain', 'Russian', 'Spanish - Latin America', 'Simplified Chinese', 'Traditional Chinese', 'Portuguese - Brazil', 'Portuguese - Portugal']",True,False,False,0,0,56,4,27,0,0,Marimori,Marimori,"Single-player,Steam Achievements,Full controller support,Steam Leaderboards,Family Sharing","Action,Casual,Indie","Bullet Hell,Casual,Survival,2D,Rhythm,Minimalist,Colorful,Atmospheric,PvE,Robots,Survival Horror,Futuristic,Action,Sokoban,Shooter,Arcade,Cute,Space,Top-Down Shooter,Platformer"
Uh Oh Bartender,"Jul 25, 2019",0 - 20000,0,0,1.99,0,0,['English'],True,False,False,0,0,9,0,19,0,0,Whoah! Games,Whoah! Games,"Single-player,Steam Achievements,Family Sharing","Casual,Indie,Simulation","Indie,Casual,Simulation,Strategy,Relaxing,Puzzle,Comedy,First-Person,Local Co-Op,Difficult,Funny,Singleplayer,3D,Replay Value,Family Friendly,Word Game"
Netherguild,"Mar 27, 2023",20000 - 50000,1,0,7.99,20,0,['English'],True,False,True,0,0,88,3,24,0,0,David Vinokurov,David Vinokurov,"Single-player,Steam Achievements,Adjustable Text Size,Camera Comfort,Custom Volume Controls,Mouse Only Option,Playable without Timed Input,Save Anytime,Partial Controller Support,Steam Cloud,Family Sharing","Indie,RPG,Strategy,Early Access","Early Access,Turn-Based Combat,Dungeon Crawler,Rogue-lite,Strategy,Turn-Based Tactics,Tactical RPG,Rogue-like,Perma Death,Procedural Generation,Grid-Based Movement,Resource Management,Replay Value,Difficult,Turn-Based,Party-Based RPG,Singleplayer,Fantasy,Underground,Isometric"
Leap Of Faith Playtest,"Jan 8, 2025",0 - 0,0,0,0.0,0,0,[],True,False,False,0,0,0,0,0,0,0,,,,,
Yatzi,"Mar 26, 2024",0 - 20000,0,0,2.99,0,0,"['English', 'French', 'Italian', 'German', 'Spanish - Spain', 'Dutch', 'Russian']",True,False,False,0,0,3,1,9,0,0,Korion Interactive,Markt+Technik Verlag GmbH,"Single-player,Multi-player,PvP,Shared/Split Screen PvP,Shared/Split Screen,Steam Achievements,Partial Controller Support,Remote Play Together,Family Sharing","Casual,Strategy","Casual,Tabletop,Relaxing,Family Friendly,4 Player Local,Strategy,Local Multiplayer,Multiplayer,Tactical,Singleplayer,3D,Logic,Realistic,Controller"
Games Advent Calendar 2024,"Sep 26, 2024",0 - 20000,0,0,0.0,0,0,"['English', 'French', 'Italian', 'German', 'Spanish - Spain', 'Dutch', 'Japanese', 'Polish', 'Portuguese - Brazil', 'Simplified Chinese', 'Traditional Chinese']",True,True,False,0,0,2,1,29,0,0,Denda Games,Mindscape,"Single-player,Multi-player,PvP,Shared/Split Screen PvP,Shared/Split Screen,Steam Achievements,Full controller support,Remote Play Together,Family Sharing","Action,Adventure,Casual,Racing","Casual,Arcade,Family Friendly,Asynchronous Multiplayer,Racing,Multiplayer,Controller,Puzzle,Action,Match 3,Adventure,2D Platformer,Trains,Cartoony,Colorful,Platformer,Party Game,Singleplayer,PvP"
Project Graviton,"Feb 15, 2016",0 - 20000,0,0,1.99,0,1,['English'],True,True,False,0,0,15,8,19,0,190,Enter Main Loop,Enter Main Loop,"Single-player,Multi-player,Shared/Split Screen,Steam Achievements,Full controller support,Steam Trading Cards,Stats,Remote Play Together,Family Sharing","Adventure,Casual,Indie","Indie,Casual,Adventure,Platformer"
eXecutor,"Mar 23, 2023",0 - 20000,0,0,0.99,0,0,['English'],True,False,False,0,0,1,1,0,0,0,"Natalia Vystikailo,Kostiantyn Shugailo,Andriy Tkalich,Kyrylo Shemetko",Smart Media Assets Managment,"Single-player,Family Sharing","Action,Adventure,Casual,Indie","Action,Shooter,Real Time Tactics,3D,War,Sci-fi,Psychedelic,Robots,Supernatural,Indie,Casual,Violent,Adventure,Sniper,Singleplayer,FMV"
Stadtleben,"Mar 8, 2023",0 - 20000,0,0,7.99,0,0,"['English', 'German', 'Spanish - Spain', 'Spanish - Latin America', 'Portuguese - Portugal', 'French', 'Turkish', 'Traditional Chinese', 'Simplified Chinese']",True,False,True,0,0,0,0,15,0,0,Florian,Florian,"Single-player,Steam Achievements,Steam Cloud,Family Sharing","Casual,Indie,Simulation,Strategy",
The Last Tinker™: City of Colors,"May 12, 2014",100000 - 200000,0,0,1.99,90,0,"['English', 'French', 'Italian', 'German', 'Spanish - Spain']",True,True,True,72,0,776,184,14,725,800,Mimimi Games,Daedalic Entertainment,"Single-player,Steam Achievements,Full controller support,Steam Trading Cards,Captions available,Steam Cloud,Family Sharing","Action,Adventure,Indie","Adventure,Indie,Action,Singleplayer,Family Friendly,Colorful,3D Platformer,Controller,Third Person,Platformer,Action-Adventure"
萌宠消消乐,"Jul 10, 2025",0 - 0,0,0,0.99,0,0,['Simplified Chinese'],True,False,False,0,0,0,0,0,0,0,云栖工作室,云栖工作室,"Single-player,Family Sharing",Casual,
Tep The Destroyer TD,"Jul 9, 2022",0 - 20000,0,0,0.0,0,0,"['English', 'French', 'Italian', 'German', 'Spanish - Spain', 'Portuguese - Portugal', 'Portuguese - Brazil', 'Russian']",True,False,False,0,0,34,13,0,0,0,Malignant Potato,Malignant Potato,"Single-player,Commentary available","Casual,Indie,Strategy","Tower Defense,Strategy,Sci-fi,Indie,Singleplayer,Futuristic,Difficult,Colorful,Aliens,Touch-Friendly,Tutorial,Space,3D,Resource Management,Combat,Robots,Management,Artificial Intelligence,Family Friendly,Action RTS"
The Cenozoic Era,"Jan 20, 2023",0 - 20000,0,0,0.0,0,9,['English'],True,False,False,0,0,0,0,0,0,391,Opendix [Studios],Opendix [Studios],"Multi-player,MMO,PvP,Online PvP,Co-op,Online Co-op","Action,Adventure,Indie,Massively Multiplayer,Simulation,Strategy,Early Access",
Dinoslap,"Jun 29, 2025",0 - 0,0,0,3.99,0,0,['English'],True,True,True,0,0,0,0,0,0,0,bSoftGames,bSoftGames,"Single-player,Multi-player,PvP,Online PvP,Cross-Platform Multiplayer,Full controller support,Family Sharing","Action,Casual,Indie",
Monastery,"Sep 14, 2023",0 - 20000,1,0,11.19,30,1,"['English', 'Hungarian']",True,False,False,0,0,34,2,88,0,0,Lycan Studio,Lycan Studio,"Single-player,Steam Achievements,Steam Cloud,Family Sharing","Adventure,Indie,Strategy,Early Access","Adventure,Strategy,Deckbuilding,Card Game,Card Battler,Rogue-lite,Dungeon Crawler,Hand-drawn,2D,Dark Fantasy,Fantasy,Alternate History,Medieval,Magic,Turn-Based Combat,PvE,Early Access,Singleplayer,Indie"
China Coin Pusher,"Oct 28, 2025",0 - 20000,0,0,2.09,30,0,"['English', 'Simplified Chinese']",True,False,False,0,0,0,0,0,0,0,DRILL Games,DRILL Games,"Single-player,Family Sharing","Casual,Simulation",
Unlimited Fight Ultimate Strike,"Mar 30, 2023",0 - 20000,0,0,1.24,75,0,"['English', 'French', 'German', 'Spanish - Spain', 'Simplified Chinese', 'Korean', 'Spanish - Latin America', 'Japanese', 'Polish', 'Portuguese - Portugal', 'Russian', 'Turkish', 'Portuguese - Brazil']",True,False,False,0,0,1,3,0,0,0,PIS Games,PIS Games,"Single-player,Multi-player,PvP,Online PvP,Shared/Split Screen PvP,Shared/Split Screen,Partial Controller Support,Remote Play Together,Family Sharing","Action,Indie","Fighting,Action,3D Fighter,Multiplayer,Arcade,Indie,Realistic,Modern,PvP,PvE,Singleplayer,Local Multiplayer,Combat,Anime,Tutorial,3D"
Type 'n' Fish,"Mar 14, 2025",0 - 20000,0,0,3.99,20,0,"['English', 'Portuguese - Brazil']",True,False,False,0,0,2,0,6,0,0,CapCat,CapCat,"Single-player,Steam Achievements,Family Sharing","Casual,Indie,Simulation","Casual,Indie,Simulation,Female Protagonist,Word Game,Puzzle,Side Scroller,3D,Colorful,Education,Relaxing,Singleplayer,Typing,Fishing"
BULLET YEETERS,"Aug 19, 2025",0 - 20000,0,0,0.0,0,6,"['English', 'French', 'Italian', 'German', 'Spanish - Spain', 'Portuguese - Brazil', 'Hungarian', 'Vietnamese', 'Danish', 'Traditional Chinese', 'Simplified Chinese', 'Korean', 'Dutch', 'Norwegian', 'Polish', 'Romanian', 'Russian', 'Thai', 'Turkish', 'Ukrainian', 'Czech', 'Japanese', 'Swedish', 'Portuguese - Portugal', 'Spanish - Latin America']",True,False,False,0,0,0,0,0,0,0,YEETERS TEAM,"Brightika, Inc.","Single-player,Multi-player,PvP,Online PvP,Co-op,Online Co-op,Cross-Platform Multiplayer,Full controller support,In-App Purchases","Action,Casual,Indie,Massively Multiplayer,RPG,Free To Play",
Murder Is Game Over,"Oct 25, 2022",0 - 20000,0,0,2.49,50,1,"['English', 'German', 'French', 'Russian', 'Simplified Chinese']",True,False,False,0,0,46,2,12,0,0,HitherYon Games,HitherYon Games,"Single-player,Steam Achievements,Partial Controller Support,Family Sharing","Adventure,Casual,Indie","Exploration,Hidden Object,Interactive Fiction,Puzzle,Visual Novel,Point & Click,Walking Simulator,2D,Text-Based,Dark Comedy,Dark Humor,Detective,Funny,Story Rich,Choices Matter,Controller,Casual,Pixel Graphics,Dog,Family Friendly"
Fantasy Jigsaw Puzzle,"Aug 15, 2021",0 - 20000,0,0,0.89,0,1,['English'],True,False,False,0,0,0,0,3,0,0,EGC Games,EGC Games,"Single-player,Steam Achievements,Steam Leaderboards,Family Sharing","Casual,Indie",
New King,"Apr 16, 2020",0 - 20000,0,0,4.99,0,0,"['English', 'French', 'German', 'Russian', 'Japanese', 'Simplified Chinese']",True,False,False,0,0,0,5,0,0,0,Shanbo Studio,Shanbo Studio,"Single-player,Family Sharing","Adventure,Indie,Simulation,Strategy,Early Access","Strategy,Indie,Simulation,Adventure,Early Access,Medieval,Survival"
Easy Shooter,"Jul 19, 2020",0 - 20000,0,0,0.54,0,0,"['English', 'French', 'German', 'Spanish - Spain', 'Traditional Chinese', 'Simplified Chinese', 'Korean', 'Russian', 'Turkish', 'Ukrainian', 'Japanese']",True,False,False,0,0,26,21,0,0,0,Funny Games,Funny Games,"Single-player,Multi-player,PvP,Online PvP,LAN PvP,Co-op,Online Co-op,LAN Co-op,Steam Cloud,Family Sharing","Action,Indie,Massively Multiplayer","Action,Indie,Massively Multiplayer,Multiplayer,Online Co-Op,Shooter,Cartoony,Funny,Singleplayer,Beautiful,Fast-Paced,Co-op,Early Access,War,Survival"
Survival on Amazonia,"Mar 10, 2021",0 - 20000,0,0,9.99,50,0,['English'],True,False,False,0,0,3,0,5,0,0,Noxurtica,Noxurtica,"Single-player,Steam Achievements,Family Sharing",RPG,"RPG,Survival,Sexual Content,Nudity,Adventure,Turn-Based Tactics,Singleplayer,JRPG,Anime,Pixel Graphics,Romance,2D,Crafting,Fantasy,Open World,Turn-Based Combat,Turn-Based Strategy"
Citystate,"Feb 22, 2018",50000 - 100000,6,0,2.99,80,0,['English'],True,False,False,0,0,595,196,30,776,534,Andy Sztark,Andy Sztark,"Single-player,Steam Achievements,Family Sharing","Casual,Indie,Simulation,Strategy","City Builder,Simulation,Strategy,Indie,Politics,Casual,Political Sim,Building,Economy,Singleplayer,Management,Sandbox,Realistic,Resource Management,Replay Value,Great Soundtrack,Modern,Real-Time with Pause,Funny,Action"
Defenders of the Dune,"Jan 10, 2025",0 - 0,0,0,0.0,0,0,['English'],True,False,False,0,0,0,0,0,0,0,WolverineSoft Studio,WolverineSoft,Single-player,"Casual,Indie,Strategy,Free To Play",
M.I.N.D.,"May 23, 2018",0 - 20000,0,0,0.99,0,0,['English'],True,False,False,0,0,4,6,0,0,0,"Kasper Kataja (kasbr),Johannes Lähteenmäki (dlooph)",Cosmotic Games,"Single-player,Multi-player,PvP,Shared/Split Screen PvP,Co-op,Shared/Split Screen Co-op,Shared/Split Screen,Remote Play Together,Family Sharing","Adventure,Casual,Indie","Adventure,Indie,Casual"
Sex Game - Threesome - Episode 1,"Aug 8, 2025",0 - 20000,0,0,4.99,0,0,['English'],True,True,True,0,0,0,0,2,0,0,EroticGamesClub,EroticGamesClub,"Single-player,Steam Achievements,Steam Leaderboards,Family Sharing","Adventure,Casual,Simulation",
Shape Shifter,"Jul 7, 2016",50000 - 100000,0,0,0.99,50,0,['English'],True,False,False,0,0,94,83,0,0,242,PRORTUS,Back To Basics Gaming,"Single-player,Steam Trading Cards,Family Sharing","Casual,Indie","Indie,Casual"
The Old One Playtest,"May 29, 2025",0 - 0,0,0,0.0,0,0,[],True,False,False,0,0,0,0,0,0,0,,,,,
Wheretheskyis,"May 1, 2025",0 - 20000,0,0,2.99,0,0,"['English', 'Japanese']",True,False,False,0,0,0,6,0,0,0,SmileForeverStudio,SmileForeverStudio,"Single-player,Full controller support,Family Sharing",Action,"Action,Action-Adventure,3D Platformer,3D,Fantasy,Female Protagonist,Singleplayer"
VRQ Test,"Apr 11, 2018",0 - 20000,0,0,0.0,0,0,"['English', 'Simplified Chinese']",True,False,False,0,0,13,5,0,0,0,Vectorush,Vectorush,"Single-player,Tracked Controller Support,VR Only","Casual,Free To Play,Simulation","Free to Play,Casual,Simulation,VR"
Champions Of Chaos 2,"Sep 24, 2015",20000 - 50000,0,0,1.99,0,0,['English'],True,False,False,0,0,39,2,0,0,0,Epic LLama,Epic LLama,"Single-player,Family Sharing","Casual,Indie,RPG,Strategy","Indie,Strategy,RPG,Casual"
Lumberjack VR,"Oct 13, 2017",0 - 20000,1,0,0.0,0,0,['English'],True,False,False,0,0,14,7,6,0,188,Erik Brunnström,Erik Brunström,"Single-player,Steam Achievements,Tracked Controller Support,VR Only,Steam Leaderboards","Action,Indie","Action,Indie,VR"
Friend Ship,"Oct 12, 2023",0 - 20000,0,0,0.0,0,0,['Japanese'],True,False,False,0,0,3,1,0,0,0,TOKYO COOL JAPAN,TOKYO COOL JAPAN,"Multi-player,Co-op,Shared/Split Screen Co-op,Shared/Split Screen,Full controller support,Remote Play Together","Casual,Indie","Casual,Top-Down Shooter,PvE,3D,Top-Down,Multiplayer,Indie"
Strategic Command: World War I,"Dec 5, 2019",0 - 20000,46,0,15.99,60,1,"['English', 'French', 'German', 'Spanish - Spain']",True,False,False,0,0,391,31,0,339,1260,Fury Software,Matrix Games,"Single-player,Multi-player,PvP,Online PvP,Shared/Split Screen,Steam Cloud,Remote Play Together,Family Sharing",Strategy,"Strategy,World War I,Wargame,Military,Turn-Based Strategy"
Matchmaker Agency,"Feb 13, 2024",0 - 20000,1,0,7.99,0,0,"['English', 'Simplified Chinese', 'Traditional Chinese', 'Japanese']",True,False,False,0,0,18,6,46,0,0,"Niji Games,MelonCat",Soft Source,"Single-player,Steam Achievements,Full controller support,Family Sharing","Casual,Indie,Simulation","Time Management,Immersive Sim,Interactive Fiction,Visual Novel,Management,Romance,Dating Sim,Character Customization,RPG,2D,Cute,Funny,LGBTQ+,Relaxing,Narration,Procedural Generation,Story Rich,Casual,Simulation,Anime"
VRM Dance Dream MV,"Apr 3, 2025",0 - 20000,1,0,29.99,0,0,"['English', 'Japanese']",True,True,False,0,0,6,5,0,0,0,Maru,Maru,,"Massively Multiplayer,Animation & Modeling,Design & Illustration,Utilities,Video Production,Early Access","Massively Multiplayer,Utilities,Video Production,Animation & Modeling,Design & Illustration,Early Access,Singleplayer"
The Last Village,"Oct 29, 2025",0 - 20000,0,0,2.0,33,0,['English'],True,False,False,0,0,0,0,30,0,0,Skrixx,Skrixx,"Single-player,Steam Achievements,Custom Volume Controls,Playable without Timed Input,Stats,Family Sharing","Action,Adventure,Casual,Indie,RPG,Simulation,Strategy,Early Access",
My Car,"Mar 5, 2019",20000 - 50000,0,0,0.55,72,0,['English'],True,False,False,0,0,273,131,0,348,10,RewindApp,RewindApp,Family Sharing,"Casual,Indie,Racing,Simulation","Simulation,Casual,Racing,Indie,Automobile Sim,Family Friendly,Action,Singleplayer,Arcade,Relaxing,Multiplayer"
Ailuri,"Feb 6, 2025",0 - 20000,4,0,9.74,35,0,['English'],True,False,False,0,0,24,15,16,0,0,Vivink Studios,Vivink Studios,"Single-player,Multi-player,Co-op,Shared/Split Screen Co-op,Shared/Split Screen,Steam Achievements,Full controller support,Remote Play Together,Family Sharing","Adventure,Indie","Adventure,Indie,2D,Platformer,Hand-drawn,Cute,2D Platformer,Fantasy,Nature,Controller,Co-op,Local Co-Op,Local Multiplayer,Multiplayer,Singleplayer,Action-Adventure,Puzzle-Platformer,Colorful"
Rat Race,"Feb 2, 2024",0 - 20000,0,0,4.99,0,0,['English'],True,False,True,0,0,1,0,0,0,0,Sojourn Games,Sojourn Games,"Single-player,Includes level editor,Family Sharing","Action,Early Access","Puzzle,Action,Rhythm,Runner,3D,Top-Down,Dark Humor,Transhumanism,Level Editor,Realistic,Dystopian,Thriller,Early Access,Atmospheric,Dark,Singleplayer,Precision Platformer,2D Platformer,3D Platformer,Puzzle-Platformer"
Right or DIE!,"Jan 5, 2024",0 - 20000,0,0,4.99,0,0,['English'],True,False,False,0,0,0,1,0,0,0,Divine Games LLC,Divine Games LLC,"Single-player,Family Sharing","Adventure,Indie,Early Access","Adventure,Arcade,Exploration,Mystery Dungeon,3D,First-Person,Realistic,Horror,Indie,Early Access,Mystery,Procedural Generation,Singleplayer"
Pipo Park,"Nov 28, 2020",0 - 20000,0,0,1.49,50,0,['English'],True,True,False,0,0,13,6,7,0,0,Sokpop Collective,Sokpop Collective,"Single-player,Multi-player,Co-op,Shared/Split Screen Co-op,Shared/Split Screen,Steam Achievements,Partial Controller Support,Remote Play Together,Family Sharing","Casual,Indie,Sports","Casual,Sports,Arcade,Experimental,Funny,Relaxing,Physics,Co-op,Local Co-Op,Multiplayer,Singleplayer,Indie,Local Multiplayer,Colorful,Cute,Sandbox"
Arcade Sundown,"Oct 17, 2023",50000 - 100000,0,0,8.99,0,0,"['English', 'German', 'Polish', 'Portuguese - Brazil', 'Russian', 'Turkish']",True,False,False,0,0,42,1,38,0,0,The Fully Arcade,The Fully Arcade,"Single-player,Multi-player,PvP,Shared/Split Screen PvP,Shared/Split Screen,Steam Achievements,Partial Controller Support,Remote Play Together,Family Sharing","Action,Casual,Indie,Sports","Pinball,Arcade,PvP,Singleplayer,Casual,Local Multiplayer,4 Player Local,Action,3D,Top-Down,Party Game,Comic Book,Team-Based,1980s,Third Person,Female Protagonist,Co-op,Surreal,Zombies,Dark Fantasy"
Septerra Core,"Sep 27, 2013",0 - 0,0,0,3.19,0,2,"['English', 'German']",True,True,True,70,0,0,0,0,564,0,,Topware Interactive,"Single-player,Steam Trading Cards,Steam Cloud,Family Sharing",RPG,
Pix the Cat,"Jan 29, 2015",100000 - 200000,0,0,0.74,85,0,"['English', 'French', 'German']",True,True,True,77,0,324,78,11,197,213,Pastagames,Focus Entertainment,"Single-player,Multi-player,Steam Achievements,Full controller support,Steam Trading Cards,Steam Cloud,Steam Leaderboards,Remote Play on TV,Family Sharing","Action,Indie","Indie,Cats,Arcade,Action,Local Multiplayer,Cartoony,Retro,4 Player Local,Score Attack,Singleplayer,Cute,Casual,Fast-Paced,Cartoon,Pixel Graphics"
Medieval Blacksmith,"Apr 14, 2025",0 - 20000,30,0,14.99,25,0,"['English', 'French', 'Italian', 'German', 'Spanish - Spain', 'Dutch', 'Japanese', 'Korean', 'Polish', 'Portuguese - Brazil', 'Portuguese - Portugal', 'Russian', 'Simplified Chinese', 'Spanish - Latin America', 'Traditional Chinese', 'Turkish']",True,False,False,0,0,387,75,111,541,2258,OGO Play,OGO Play,"Single-player,Steam Achievements,Family Sharing","Indie,RPG,Simulation","Simulation,RPG,Sandbox,Life Sim,Choose Your Own Adventure,Immersive Sim,First-Person,3D,Realistic,Atmospheric,Education,Medieval,Swordplay,War,Crafting,Multiple Endings,Gun Customization,Story Rich,Choices Matter,Singleplayer"
Dr. Kobushi's Labyrinthine Laboratory,"Sep 14, 2022",0 - 20000,0,0,2.99,70,0,['English'],True,True,True,0,0,56,5,9,0,0,Symbolic Software,Symbolic Software,"Single-player,Steam Achievements,Full controller support,Steam Cloud,Family Sharing","Adventure,Indie,Strategy","Puzzle,Strategy,Turn-Based Strategy,Sokoban,Pixel Graphics,Top-Down,1990's,Retro,Adventure,Funny,Mystery Dungeon,Board Game,2D,Cute,Artificial Intelligence,Comedy,Mystery,Old School,Robots,Sci-fi"
Animal Smash,"Aug 24, 2025",0 - 20000,0,0,3.0,0,0,['English'],True,False,False,0,0,0,0,0,0,0,Rusty Games,Rusty Games,"Single-player,Family Sharing","Casual,Indie,Strategy",
Two Strikes,"May 23, 2025",0 - 20000,2,0,9.74,35,2,"['English', 'French', 'Italian', 'German', 'Spanish - Spain', 'Bulgarian', 'Czech', 'Danish', 'Dutch', 'Finnish', 'Hungarian', 'Japanese', 'Korean', 'Norwegian', 'Polish', 'Portuguese - Brazil', 'Spanish - Latin America', 'Swedish', 'Simplified Chinese', 'Traditional Chinese']",True,False,False,0,0,198,16,28,198,19,Retro Reactor,"Entalto Publishing,Infibit Games","Single-player,Multi-player,PvP,Online PvP,Shared/Split Screen PvP,Shared/Split Screen,Cross-Platform Multiplayer,Steam Achievements,Full controller support,Steam Trading Cards,Adjustable Difficulty,Playable without Timed Input,Subtitle Options,Remote Play on TV,Remote Play Together,Family Sharing","Action,Casual,Indie","Fighting,Spectacle fighter,PvP,2D Fighter,Arcade,2D,Historical,Action,Casual,Hand-drawn,Stylized,Dark Fantasy,Ninja,Atmospheric,Cinematic,Retro,Combat,Local Multiplayer,Multiplayer,Singleplayer"
100 Hidden Kooky - Sand & Sun,"Jan 7, 2024",0 - 20000,0,0,0.75,50,0,"['English', 'French', 'Italian', 'German', 'Spanish - Spain', 'Korean', 'Simplified Chinese', 'Japanese']",True,True,False,0,0,57,1,100,0,0,Roshan Nowshad,Roshan Nowshad,"Single-player,Steam Achievements,Full controller support,Steam Cloud,Family Sharing","Casual,Indie","Casual,Point & Click,Puzzle,Exploration,Hidden Object,Indie,2D,Cute,Hand-drawn,Family Friendly,Funny,Relaxing,Controller,Singleplayer,Cozy,Wholesome"
Désiré,"May 10, 2018",0 - 20000,0,0,14.99,0,0,"['English', 'French', 'Italian', 'Spanish - Spain', 'Portuguese - Portugal', 'Russian', 'Turkish', 'Simplified Chinese']",True,False,False,0,0,56,40,4,0,0,Sylvain Seccia,Petite Fleur Productions,"Single-player,Steam Achievements,Family Sharing","Adventure,Indie","Adventure,Indie,Sexual Content,Point & Click"
CALL OF LDPR,"Jan 19, 2021",0 - 20000,0,0,1.99,80,0,['Russian'],True,False,False,0,0,176,57,16,217,0,Mehsoft,Mehsoft,"Single-player,Steam Achievements,Steam Cloud,Family Sharing","Action,Adventure","Shooter,Adventure,Comedy,First-Person,Action,Politics,Choose Your Own Adventure,Narration,FPS,Action-Adventure,3D,Crime,Conversation,Story Rich,Multiple Endings,Singleplayer,Sexual Content,Nudity,Violent,Open World"
Crayon Computer,"Feb 16, 2024",0 - 20000,0,0,2.79,0,0,"['English', 'Simplified Chinese', 'Traditional Chinese', 'Japanese']",True,True,False,0,0,20,9,6,0,0,Artless Games,Artless Games,"Single-player,Steam Achievements,Steam Cloud,Steam Leaderboards,Family Sharing",Simulation,"Programming,Casual,Simulation,Abstract,Puzzle,Automation,Hand-drawn,Building,Physics,2D,Education,Crafting,Singleplayer"
Spicier Than Sugar!,"Sep 7, 2023",0 - 20000,0,0,0.99,80,0,['English'],True,False,False,0,0,0,0,0,0,0,Pervy Bunny Games,Pervy Bunny Games,"Single-player,Family Sharing","Adventure,Indie",
Invincible Cleopatra: Caesar's Dreams,"May 27, 2021",0 - 20000,0,0,8.39,30,0,"['English', 'French', 'Italian', 'German', 'Spanish - Spain', 'Dutch', 'Portuguese - Portugal', 'Russian']",True,True,False,0,0,4,3,20,0,0,GameOn Production,Jetdogs Studios,"Single-player,Steam Achievements,Family Sharing","Casual,Strategy","Casual,Strategy,Time Management,Time Manipulation,Turn-Based Strategy,Puzzle,Resource Management,Singleplayer,Mythology,3D,Cartoony,Colorful,Family Friendly,Logic,Management,Relaxing"
Earth Mars VR,"Feb 4, 2023",0 - 0,0,0,2.49,0,0,"['English', 'French', 'Italian', 'German', 'Spanish - Spain', 'Arabic', 'Simplified Chinese', 'Portuguese - Brazil', 'Bulgarian', 'Danish', 'Dutch', 'Finnish', 'Traditional Chinese', 'Japanese', 'Korean', 'Spanish - Latin America', 'Polish', 'Hungarian', 'Norwegian', 'Portuguese - Portugal', 'Romanian', 'Russian', 'Thai', 'Turkish', 'Ukrainian', 'Vietnamese', 'Greek', 'Czech', 'Swedish', 'Afrikaans', 'Amharic', 'Albanian', 'Assamese', 'Azerbaijani', 'Bangla', 'Basque', 'Belarusian', 'Bosnian', 'Dari', 'Indonesian', 'Armenian', 'Estonian', 'Persian', 'Filipino', 'Welsh', 'Galician', 'Gujarati', 'Georgian', 'Hausa', 'Hindi', 'Croatian', 'Kannada', 'Catalan', 'Kazakh', 'Quechua', K'iche', 'Khmer', 'Konkani', 'Kyrgyz', 'Latvian', 'Lithuanian', 'Luxembourgish', 'Macedonian', 'Malayalam', 'Malay', 'Maltese', 'Maori', 'Marathi', 'Mongolian', 'Nepali', 'Odia', 'Punjabi (Gurmukhi)', 'Punjabi (Shahmukhi)', 'Kinyarwanda', 'Sinhala', 'Sindhi', 'Slovak', 'Slovenian', 'Sorani', 'Sotho', 'Swahili', 'Serbian', 'Tajik', 'Tamil', 'Tatar', 'Telugu', 'Tigrinya', 'Tswana', 'Turkmen', 'Urdu', 'Uyghur', 'Valencian', 'Wolof', 'Xhosa', 'Yoruba', 'Zulu', 'Cherokee', 'Uzbek', 'Hebrew', 'Igbo', 'Irish', 'Scots', 'Icelandic']",True,False,False,0,0,0,0,0,0,0,Srio VR Studio,Srio VR Studio,"Single-player,Tracked Controller Support,VR Only,Family Sharing","Action,Adventure,Casual,Indie,Racing,Simulation,Sports",
Deep Down,"Jul 17, 2024",0 - 20000,0,0,3.59,40,0,['English'],True,True,False,0,0,0,2,4,0,0,CaliCosDev Studio,CaliCosDev Studio,"Single-player,Steam Achievements,Stats,Family Sharing","Action,Adventure,Indie,RPG,Strategy","Action,RPG,Strategy,Action-Adventure,Rogue-like,Action RPG,Strategy RPG,Action Roguelike,Exploration,Dungeon Crawler,3D,Colorful,Management,Underground,Survival,Procedural Generation,Western,Inventory Management,Resource Management,Perma Death"
NUVAVULT,"Nov 25, 2019",0 - 20000,0,0,2.99,0,0,['English'],True,True,True,0,0,10,1,12,0,0,Mim Hufford,Mim Hufford,"Single-player,Steam Achievements,Full controller support,Steam Workshop,Steam Cloud,Includes level editor,Family Sharing","Indie,Strategy","Indie,Strategy,Puzzle"
Geekwords,"Mar 18, 2021",0 - 20000,0,0,19.99,0,0,['English'],True,False,False,0,0,0,0,10,0,0,"DesignerDave,AzureDev",DesignerDave,"Single-player,Family Sharing",Casual,
Project Emmensity Playtest,"Feb 1, 2024",0 - 0,0,0,0.0,0,0,[],True,False,False,0,0,0,0,0,0,0,,,,,
Wings Of Legends,"Jul 31, 2020",0 - 20000,0,0,4.99,50,0,['English'],True,False,False,0,0,4,0,0,0,0,VR Studio Games,VR Studio Games,"Single-player,Tracked Controller Support,VR Only,Family Sharing","Action,Adventure,Racing,Simulation,Sports","Flight,Dungeon Crawler,Casual,Exploration,Open World,Rogue-like,VR,First-Person,Dragons,Dinosaurs,Narration,Stylized,Family Friendly,Magic,Fantasy,Dark Fantasy,Nature,Adventure,Singleplayer,Indie"
Semantics,"Feb 21, 2025",0 - 20000,0,0,34.99,0,0,['English'],True,False,False,0,0,0,2,0,0,0,Semantics,Semantics,"Single-player,Family Sharing","Casual,RPG","Adventure,Racing,4X,Interactive Fiction,Roguevania,Mystery Dungeon,Casual,2D,Singleplayer,RPG,Story Rich"
Truck & Logistics Simulator,"Nov 30, 2023",50000 - 100000,7,0,11.99,40,0,"['English', 'German', 'French', 'Italian', 'Spanish - Spain', 'Arabic', 'Japanese', 'Polish', 'Portuguese - Portugal', 'Russian', 'Turkish', 'Simplified Chinese', 'Hungarian', 'Romanian', 'Korean', 'Portuguese - Brazil']",True,False,False,0,0,1582,654,37,2024,561,Simula Games,Aerosoft GmbH,"Single-player,Multi-player,Co-op,Online Co-op,Cross-Platform Multiplayer,Steam Achievements,Partial Controller Support,Family Sharing","Casual,Simulation,Strategy","Simulation,Automobile Sim,Open World,Multiplayer,Realistic,Casual,Driving,Management,Economy,Singleplayer,Relaxing,First-Person,Moddable,Co-op,Sandbox,Exploration,Physics,Indie,Atmospheric,Early Access"
PAGO FOREST: TOWER DEFENSE,"Oct 13, 2020",20000 - 50000,0,0,5.99,0,0,"['English', 'French']",True,False,False,0,0,79,10,0,0,0,Futurtech,Nova's Army,"Single-player,Family Sharing",Strategy,"Tower Defense,Strategy,RTS,Fantasy,Cute,Time Manipulation,Casual,Medieval,Tactical,Strategy RPG,Comedy,Resource Management,Loot,Singleplayer,Story Rich,Funny,Real Time Tactics,Magic,Point & Click,Anime"
EcoBeat,"Nov 4, 2025",0 - 0,0,0,0.0,0,0,['English'],True,True,False,0,0,0,0,0,0,0,Yosul Studio,Yosul Studio,Single-player,"Casual,Free To Play",
Brave,"Aug 18, 2017",0 - 20000,0,0,0.99,0,0,['English'],True,False,False,0,0,1,4,0,0,0,Grean,Grean,"Single-player,Multi-player,Family Sharing","Nudity,Violent,Gore,Action,Adventure,Casual,Indie,RPG,Simulation,Strategy","RPG,Strategy,Action,Adventure,Indie,Casual,Simulation,Gore,Violent,Nudity"
Hot And Lovely 2,"Mar 26, 2020",0 - 20000,0,0,0.59,0,1,"['English', 'French', 'German', 'Spanish - Spain', 'Russian', 'Japanese', 'Simplified Chinese', 'Traditional Chinese', 'Spanish - Latin America', 'Korean']",True,False,False,0,0,219,76,25,529,36,Lovely Games,"Lovely Games Hentai Club,Lovely Games","Single-player,Steam Achievements,Family Sharing",,"Casual,Indie,Strategy,Sexual Content,Action,Mature,Nudity,RPG,Anime,FPS"
Doodle Farm,"Nov 15, 2018",0 - 20000,0,0,0.98,89,0,"['English', 'French', 'Italian', 'German', 'Spanish - Spain', 'Russian', 'Dutch', 'Japanese', 'Korean', 'Polish', 'Portuguese - Brazil', 'Simplified Chinese']",True,True,True,0,0,18,6,9,0,0,JoyBits Ltd.,JoyBits Ltd.,"Single-player,Steam Cloud,Family Sharing","Adventure,Casual,Indie,Simulation","Casual,Indie,Adventure,Simulation"
Amazoom Blimp Jockey '69,"Nov 1, 2024",0 - 20000,0,0,9.99,0,0,['English'],True,False,False,0,0,8,0,23,0,0,Lofty Games,Lofty Games,"Single-player,Steam Achievements,Steam Cloud,Family Sharing","Action,Adventure,Early Access","Early Access,Shoot 'Em Up,Bullet Hell,Procedural Generation,Twin Stick Shooter,Action,Pixel Graphics,Adventure,Arcade,Shooter,Exploration,Flight,Side Scroller,2D,Cyberpunk,Dystopian,Futuristic,Illuminati,Sci-fi,Combat"
To Hell with Hell,"Feb 25, 2020",0 - 20000,0,0,1.69,90,0,"['English', 'Russian', 'German', 'Simplified Chinese']",True,False,False,0,0,56,28,46,0,94,Lazurite Games,"Deck13,WhisperGames","Single-player,Steam Achievements,Full controller support,Steam Cloud,Family Sharing","Action,Indie","Action,Indie,Action Roguelike,Gore,Violent,Bullet Hell,Female Protagonist,Rogue-like,Pixel Graphics,Rogue-lite"
Rune Factory 5,"Jul 13, 2022",100000 - 200000,62,0,13.99,65,10,"['English', 'French', 'German', 'Japanese', 'Korean', 'Simplified Chinese', 'Traditional Chinese']",True,False,False,0,0,1444,417,47,1824,1063,Marvelous Inc.,"XSEED Games,Marvelous USA, Inc.,Marvelous Europe","Single-player,Steam Achievements,Steam Trading Cards,Partial Controller Support,Steam Cloud,Family Sharing","Adventure,RPG,Simulation","RPG,Farming Sim,Romance,Adventure,Simulation,Anime,Fantasy,Creature Collector,Magic,3D,Combat,Fishing,Party-Based RPG,Crafting,Cute,Story Rich,Singleplayer,Dating Sim,JRPG,LGBTQ+"
Japan Train Models - JR Kyushu Edition,"Feb 21, 2024",0 - 20000,0,0,6.99,50,0,"['English', 'Japanese']",True,False,False,0,0,1,0,18,0,0,G-MODE,G-MODE,"Single-player,Steam Achievements,Full controller support,Steam Cloud,Family Sharing","Casual,Simulation","Casual,Simulation,Puzzle,Automobile Sim,City Builder,3D,Realistic,Crafting,Modern,Trains,Singleplayer"
Dinogotchi,"Sep 30, 2021",0 - 20000,0,0,1.49,40,0,['English'],True,False,False,0,0,61,5,18,0,0,Oskar Henrique,Oskar Henrique,"Single-player,Steam Achievements,Steam Cloud,Family Sharing","Casual,Simulation","Dinosaurs,Wholesome,Creature Collector,Simulation,Casual,Arcade,Minigames,Retro,Cozy,Life Sim,Management,Cute,Nature,Relaxing,Colorful,Resource Management,Family Friendly,Pixel Graphics,Singleplayer,Indie"
Ultra Thunderball,"Jan 13, 2022",50000 - 100000,0,0,0.0,0,0,['English'],True,False,False,0,0,7,2,3,0,0,Dennis Krüger,"Dennis Krüger,Marlon Krüger","Single-player,Steam Achievements,Full controller support,Remote Play on TV",Action,"Action,Arcade,Bullet Hell,2D,Surreal,Procedural Generation,Singleplayer"
甜味时光,"Jan 13, 2024",0 - 20000,0,0,7.99,0,0,['Simplified Chinese'],True,False,False,0,0,0,1,0,0,0,欢宝,欢宝,"Single-player,Family Sharing","Casual,Indie,Simulation,Strategy","Casual,Simulation,Strategy,City Builder,Time Management,Immersive Sim,2D,Anime,Cartoon,Cartoony,Cute,Drama,Relaxing,Funny,Story Rich,Base-Building,Multiple Endings,Female Protagonist,Singleplayer,Indie"
Escape Stories: Virtual Reality,"Oct 22, 2023",0 - 20000,0,0,9.99,0,0,['English'],True,False,False,0,0,0,0,0,0,0,"Iron Wolf Interactive, LLC","Iron Wolf Interactive, LLC","Single-player,Tracked Controller Support,VR Only,Family Sharing","Adventure,Casual,Strategy",
Monster Slayers Incorporated Playtest,"Jul 22, 2025",0 - 0,0,0,0.0,0,0,[],True,False,False,0,0,0,0,0,0,0,,,,,
NightKnight,"Aug 28, 2018",0 - 20000,0,0,4.99,0,0,['English'],True,False,False,0,0,18,5,0,0,0,WeRVR Studio,WeRVR Studio,"Single-player,Tracked Controller Support,VR Only,Family Sharing","Action,Adventure,Casual,Indie,Early Access","Action,Indie,Early Access,Casual,Adventure,VR"
Retro Rally,"Oct 25, 2024",0 - 20000,0,0,1.19,40,0,['English'],True,False,False,0,0,21,9,0,0,0,StopMountain Studio,StopMountain Studio,"Single-player,Full controller support,Family Sharing","Casual,Indie,Racing","Simulation,Automobile Sim,FPS,Racing,3D,Third-Person Shooter,3D Vision,First-Person,Cinematic,Third Person,Family Friendly,Indie,America,Casual,Open World,Physics,Singleplayer"
Toast Defense,"Nov 22, 2020",20000 - 50000,0,0,0.0,0,1,['English'],True,False,False,0,0,185,32,6,0,0,Egghead Interactive LLC.,Egghead Interactive LLC.,"Single-player,Steam Achievements,Stats,Steam Leaderboards","Free To Play,Strategy","Strategy,Sandbox,Tower Defense,Survival,Free to Play,2D,Cute,Action,Singleplayer,Indie,Logic"
Oriya Playtest,"Oct 20, 2025",0 - 0,0,0,0.0,0,0,[],True,False,False,0,0,0,0,0,0,0,,,,,
iTop Easy Desktop,"Nov 23, 2023",0 - 0,0,0,0.0,0,0,"['English', 'French', 'Italian', 'German', 'Spanish - Spain', 'Danish', 'Ukrainian', 'Russian', 'Bulgarian', 'Hungarian', 'Indonesian', 'Turkish', 'Greek', 'Norwegian', 'Czech', 'Japanese', 'Polish', 'Thai', 'Swedish', 'Simplified Chinese', 'Traditional Chinese', 'Romanian', 'Finnish', 'Dutch', 'Portuguese - Brazil', 'Portuguese - Portugal', 'Spanish - Latin America', 'Vietnamese', 'Arabic', 'Korean']",True,False,False,0,0,0,0,0,0,0,iTop,iTop,,"Free To Play,Utilities",
Nekotype Keyboard Cat Simulator,"Dec 11, 2025",0 - 20000,0,0,3.39,15,0,"['English', 'Spanish - Spain', 'Korean', 'Russian', 'Japanese', 'Thai', 'Simplified Chinese', 'Vietnamese']",True,False,False,0,0,0,0,10,0,0,G-GAME,G-GAME,"Single-player,Steam Achievements,Adjustable Text Size,Color Alternatives,Custom Volume Controls,Keyboard Only Option,Mouse Only Option,Narrated Game Menus,Playable without Timed Input,Save Anytime,Stereo Sound,Steam Cloud,Family Sharing","Casual,Indie,Simulation",
My Maid Girlfriend,"Sep 3, 2018",0 - 20000,0,0,9.99,0,0,"['English', 'French', 'German', 'Spanish - Spain', 'Russian', 'Simplified Chinese']",True,True,False,0,0,30,5,13,0,0,Genius inc.,Genius inc.,"Single-player,Steam Achievements,Steam Cloud,Family Sharing","Adventure,Casual","Adventure,Casual,Visual Novel,Anime"
Many Bricks Breaker,"Apr 30, 2021",20000 - 50000,1,0,4.99,0,0,['English'],True,True,False,0,0,73,27,0,0,21,FujiCubeSoft,FujiCubeSoft,"Single-player,Family Sharing",Casual,"Casual,2D,Arcade,1980s,Singleplayer"
Frequent Flyer,"Jan 20, 2017",20000 - 50000,0,0,0.49,51,0,['English'],True,True,True,0,0,87,13,23,107,272,"Coldwild Games,Vladimir Slav,Helen Nazarenko",Coldwild Games,"Single-player,Steam Achievements,Steam Trading Cards,Partial Controller Support,Steam Cloud,Stats,Steam Leaderboards,Family Sharing","Action,Casual,Indie","Action,Indie,Casual,2D,Flight,Bullet Hell,Pixel Graphics,Arcade,Singleplayer,Shooter,Replay Value,Fast-Paced,Score Attack,Survival,World War II,Great Soundtrack,Family Friendly,Controller"
Fox Spirit: A Two-Tailed Adventure,"Oct 15, 2020",0 - 20000,1,0,4.89,30,0,['English'],True,True,True,0,0,27,2,20,0,0,Choice of Games,Choice of Games,"Single-player,Steam Achievements,Steam Cloud,Stats,Family Sharing","Adventure,Casual,Indie,RPG","Indie,Choose Your Own Adventure,RPG,Interactive Fiction,Casual,Action-Adventure,Text-Based,Adventure,Romance,Choices Matter,Fantasy,Multiple Endings,Magic,Drama,Singleplayer"
"So, uh... a spaceship crashed in my yard.","Aug 6, 2018",0 - 20000,0,0,0.0,0,0,['English'],True,False,False,0,0,211,13,5,0,0,Archive Entertainment,Archive Entertainment,"Single-player,Steam Achievements,Full controller support","Adventure,Free To Play,Indie","Free to Play,Adventure,Indie,Funny,Comedy,RPGMaker,Walking Simulator,Pixel Graphics"
Spinning_Kid,"Oct 10, 2020",0 - 20000,0,0,0.69,0,0,"['English', 'French', 'Italian', 'German', 'Spanish - Spain', 'Arabic', 'Bulgarian', 'Portuguese - Brazil', 'Hungarian', 'Vietnamese', 'Greek', 'Danish', 'Spanish - Latin America', 'Traditional Chinese', 'Simplified Chinese', 'Korean', 'Dutch', 'Norwegian', 'Polish', 'Portuguese - Portugal', 'Romanian', 'Russian', 'Thai', 'Turkish', 'Ukrainian', 'Finnish', 'Czech', 'Swedish', 'Japanese']",True,False,False,0,0,26,7,10,0,0,Dnovel,Conglomerate 5,"Single-player,Steam Achievements,Family Sharing","Action,Adventure,Casual,Indie","Casual,Adventure,Puzzle,Arcade,Platformer,Rogue-like,2D Platformer,Roguevania,Side Scroller,Puzzle-Platformer,Precision Platformer,2D,Minimalist,Linear,Score Attack,Physics,Singleplayer,Indie,Action"
Spirited Heart Deluxe,"May 29, 2014",0 - 20000,0,0,3.99,0,0,['English'],True,True,True,0,0,38,49,8,0,137,Winter Wolves,Winter Wolves,"Single-player,Steam Achievements,Steam Trading Cards,Steam Cloud,Family Sharing","Casual,Indie,RPG,Simulation","Female Protagonist,Fantasy,Simulation,RPG,Visual Novel,LGBTQ+,Anime,Casual,Dating Sim,Life Sim,Otome,Indie,Romance,Singleplayer,Choose Your Own Adventure,2D,Multiple Endings,Interactive Fiction,Clicker,Management"
Spears 'n' Spades,"Aug 7, 2017",0 - 20000,0,0,1.99,0,0,['English'],True,False,False,0,0,45,1,26,0,0,"LeatherIceCream,LazyTomato,Madvertiz0r",Proc Spine,"Single-player,Steam Achievements,Full controller support,Steam Cloud,Family Sharing","Action,Adventure,Indie","Adventure,Action,Indie,Gore,Platformer"
Reflections of Life: Gone But Not Forgotten Collector's Edition,"Nov 14, 2025",0 - 0,0,0,6.99,0,0,"['English', 'French', 'German']",True,True,False,0,0,0,0,0,0,0,GrandMa Studios,BFG Entertainment,"Single-player,Family Sharing","Adventure,Casual",
CyberLink PowerDirector 2025 Ultra,"Jan 22, 2025",0 - 20000,0,0,69.99,30,0,"['English', 'French', 'Italian', 'German', 'Spanish - Spain', 'Japanese', 'Simplified Chinese', 'Traditional Chinese', 'Korean']",True,False,False,0,0,0,0,0,0,0,Cyberlink,CyberLink,,Photo Editing,
Oh Deer,"Jun 27, 2024",100000 - 200000,19,0,3.49,65,0,['English'],True,False,False,0,0,1882,325,15,1941,137,Cozy Cabin Studios,Cozy Cabin Studios,"Multi-player,PvP,Online PvP,Co-op,Online Co-op,Steam Achievements,Steam Cloud,Stats,Family Sharing","Action,Casual,Indie","Multiplayer,Funny,Social Deduction,Horror,Stealth,Archery,Co-op,Comedy,Action,PvP,Satire,Detective,Third Person,First-Person,Online Co-Op,Colorful,Casual,3D,Survival,Nature"
Brutal Alice -The Hundred Day's War-,"Feb 5, 2018",20000 - 50000,1,0,0.0,0,0,"['Japanese', 'Simplified Chinese']",True,True,False,0,0,139,19,0,0,580,KoromoSoft,KoromoSoft,Single-player,"Adventure,RPG,Strategy,Free To Play","Free to Play,Strategy,Adventure,RPG,Anime,Nudity"
Heroes of Legionwood,"Jul 24, 2015",0 - 20000,0,0,1.39,80,2,['English'],True,False,False,0,0,32,13,0,0,216,Dark Gaia Studios,KOMODO,"Single-player,Full controller support,Steam Trading Cards,Steam Cloud,Family Sharing","Casual,Indie,RPG","RPG,Indie,Casual,RPGMaker"
Furry Novel: Locked Hearts,"May 14, 2025",0 - 20000,0,0,2.39,70,0,['English'],True,False,False,0,0,0,0,31,0,0,Red Sasori,Red Sasori,"Single-player,Steam Achievements,Family Sharing","Adventure,Casual,Indie,Simulation",
格斗少女,"Jun 17, 2022",0 - 20000,0,0,3.99,0,0,"['English', 'Simplified Chinese']",True,False,False,0,0,1,2,0,0,0,Fei,Fei,"Single-player,Multi-player,PvP,Shared/Split Screen PvP,Shared/Split Screen,Family Sharing","Action,Indie","Action,3D Fighter,Third Person,Casual,Physics,Combat,Nudity,Singleplayer,Indie,Multiplayer"
World of Warships,"Nov 15, 2017",20000000 - 50000000,8518,0,0.0,0,25,"['English', 'French', 'German', 'Czech', 'Japanese', 'Polish', 'Russian', 'Thai', 'Turkish', 'Spanish - Spain', 'Korean', 'Portuguese - Brazil', 'Traditional Chinese', 'Italian', 'Simplified Chinese', 'Ukrainian', 'Dutch', 'Spanish - Latin America']",True,False,False,81,0,112887,33665,43,2007,4516,Wargaming Group Limited,Wargaming Group Limited,"Multi-player,MMO,PvP,Online PvP,Co-op,Online Co-op,Steam Achievements,Steam Trading Cards,In-App Purchases,Adjustable Text Size,Camera Comfort,Color Alternatives,Custom Volume Controls,Playable without Timed Input,Steam Cloud","Action,Massively Multiplayer,Simulation,Strategy,Free To Play","Free to Play,Naval Combat,Action,Co-op,Tactical,Online Co-Op,Multiplayer,Naval,PvP,World War II,War,Military,Team-Based,Massively Multiplayer,PvE,Simulation,Historical,Shooter,Realistic,Third-Person Shooter"
Mimic Logic,"Feb 22, 2024",50000 - 100000,0,0,2.79,30,0,"['English', 'Japanese', 'Simplified Chinese']",True,False,False,0,0,440,7,0,493,112,Nihohe Soft,Nihohe Soft,"Single-player,Full controller support,Family Sharing",Indie,"Puzzle,Procedural Generation,Rogue-like,Fantasy,Retro,Singleplayer,Indie,2D,Pixel Graphics,Logic,RPGMaker"
Scarmonde,"Oct 7, 2024",50000 - 100000,2,0,8.39,40,0,['English'],True,False,False,0,0,163,0,21,187,0,Ephiam,Ephiam,"Single-player,Steam Achievements,Partial Controller Support,Steam Cloud,Family Sharing","Adventure,Indie,RPG","Adventure,RPG,JRPG,Party-Based RPG,Dungeon Crawler,Exploration,2D,Anime,Cartoon,Cartoony,Colorful,Pixel Graphics,1990's,Dark Fantasy,Dragons,Loot,Medieval,Old School,Retro,Character Customization"
RPG Sounds,"Jan 27, 2021",50000 - 100000,9,0,0.0,0,35,['English'],True,True,False,0,0,116,12,0,0,0,Cast n Play,Cast n Play,,"Audio Production,Utilities","Utilities,Audio Production,Music-Based Procedural Generation,Dungeons & Dragons,Music,Soundtrack,Ambient"
Project Evolve,"Aug 14, 2024",0 - 20000,0,0,9.99,0,0,['English'],True,False,False,0,0,10,1,10,0,0,John Active Pelayo,John Active Pelayo,"Single-player,Full controller support,Family Sharing","Action,Indie","Side Scroller,2D Platformer,Action,Beat 'em up,Platformer,Action-Adventure,Female Protagonist,2D,Linear,Pixel Graphics,Indie,Sci-fi,Physics,Futuristic,Combat,Singleplayer"
Star Squadron: Student Driver,"Mar 5, 2021",20000 - 50000,0,0,0.0,0,0,['English'],True,True,False,0,0,6,3,4,0,0,Mark Arenz,Mark Arenz,"Single-player,Partial Controller Support","Action,Indie","Action,Racing,Arcade,Exploration,Shooter,Space Sim,Combat Racing,Shoot 'Em Up,Top-Down Shooter,2D,Top-Down,Comedy,Sci-fi,Space,Combat,Flight,Singleplayer,Indie"
Strip 4: Detention Bounce,"Feb 16, 2023",0 - 20000,0,0,1.99,0,0,"['English', 'French', 'German', 'Russian', 'Simplified Chinese']",True,True,True,0,0,0,0,13,0,0,Spicy,11/10 games,"Single-player,Steam Achievements,Family Sharing","Casual,Indie,Simulation",
Daisho: Survival of a Samurai,"Jun 10, 2025",0 - 20000,0,0,0.0,0,0,"['English', 'French', 'Italian', 'German', 'Spanish - Spain', 'Arabic', 'Japanese', 'Korean', 'Polish', 'Portuguese - Brazil', 'Russian', 'Simplified Chinese', 'Thai', 'Traditional Chinese', 'Turkish', 'Vietnamese', 'Portuguese - Portugal', 'Spanish - Latin America']",True,False,False,0,0,0,0,0,0,0,Colossi Games,Colossi Games,"Single-player,Multi-player,PvP,Online PvP,In-App Purchases","Action,Adventure,RPG,Free To Play",
Krut: The Mythic Wings,"Jul 11, 2022",0 - 20000,0,0,2.49,75,0,"['English', 'French', 'German', 'Spanish - Spain', 'Russian', 'Thai']",True,True,False,0,0,17,3,17,0,0,"RSU Horizon,Good Job Multimedia,Pixel Perfex",Blowfish Studios,"Single-player,Steam Achievements,Full controller support,Steam Cloud,Family Sharing","Action,Adventure,Indie","Action-Adventure,Action,Adventure,2D Platformer,Story Rich,Mythology,Fantasy,Platformer,Combat,Side Scroller,2.5D,Magic,Swordplay,Linear,Singleplayer,Colorful,Controller,Arcade,Hack and Slash,Indie"
Keep the Keep,"Mar 15, 2023",0 - 20000,0,0,3.74,25,0,"['English', 'Russian']",True,True,True,0,0,21,0,23,0,0,Nebulate.me,,"Single-player,Multi-player,PvP,Online PvP,LAN PvP,Shared/Split Screen PvP,Shared/Split Screen,Cross-Platform Multiplayer,Steam Achievements,Remote Play Together,Family Sharing","Indie,Strategy","PvP,Turn-Based Tactics,Puzzle,Competitive,Turn-Based,Tabletop,Turn-Based Strategy,Board Game,Strategy,2.5D,Isometric,Top-Down,Turn-Based Combat,Action,Minimalist,Logic,Medieval,Cartoon,Tactical,Grid-Based Movement"
Tower Arena Survive,"Jul 13, 2025",0 - 20000,0,0,2.99,40,0,['English'],True,False,False,0,0,0,0,1,0,0,RawDex,RawDex,"Multi-player,PvP,Online PvP,Co-op,Online Co-op,Steam Achievements,Steam Leaderboards,Family Sharing","Indie,Strategy",
The Corruption,"May 26, 2025",0 - 20000,1,0,4.99,0,0,['English'],True,False,False,0,0,2,0,18,0,0,Acellular,Acellular,"Single-player,Steam Achievements,Partial Controller Support,Steam Cloud,Family Sharing","Action,Adventure,Indie","Exploration,Action,Horror,Destruction,Sci-fi,FPS,Multiple Endings,Atmospheric,Shooter,First-Person,Dystopian,Stylized,Abstract,Action-Adventure,Immersive Sim,Surreal,Physics,Futuristic,3D Platformer,Zombies"
Greeblings Playtest,"Jul 1, 2025",0 - 0,0,0,0.0,0,0,[],True,False,False,0,0,0,0,0,0,0,,,,,
Fade Away,"Oct 2, 2017",0 - 20000,0,0,1.49,0,0,['English'],True,True,False,0,0,6,3,0,0,0,Fade Away,Fade Away,"Single-player,Full controller support,Family Sharing","Adventure,Casual,Indie","Adventure,Indie,Casual,Cute"
Fossil Corner,"Jun 12, 2021",0 - 20000,0,0,2.99,70,0,['English'],True,True,False,0,0,298,5,12,301,125,Brady Soglin,Brady Soglin,"Single-player,Steam Achievements,Steam Cloud,Family Sharing","Casual,Indie,Simulation","Casual,Puzzle,Collectathon,Procedural Generation,Dinosaurs,Simulation,Nature,3D,Cute,Funny,Relaxing,Story Rich,Colorful,Family Friendly,Logic,Singleplayer,Wholesome,Creature Collector,Indie,Point & Click"
Mahjong Soul,"Jul 23, 2024",0 - 0,0,0,0.0,0,0,"['English', 'Korean', 'Traditional Chinese']",True,False,False,0,0,0,0,0,0,0,Catfood Studio,YOSTAR HONG KONG LIMITED,"Multi-player,PvP,Online PvP,Cross-Platform Multiplayer,In-App Purchases","Casual,Strategy",
工廈 Warehouse,"Jul 17, 2025",0 - 20000,0,0,4.99,0,0,['English'],True,False,False,0,0,0,0,5,0,0,Echo Studio,Echo Studio,"Single-player,Steam Achievements,Family Sharing","Adventure,Indie",
WarForwards,"Aug 1, 2019",0 - 20000,0,0,4.99,50,1,"['English', 'Russian', 'Spanish - Latin America']",True,False,False,0,0,45,13,37,0,0,Roman Pak,meridian4,"Single-player,Steam Achievements,Steam Cloud,Family Sharing","Action,Indie","Spectacle fighter,Shoot 'Em Up,Top-Down Shooter,Visual Novel,Difficult,Shooter,Action-Adventure,2D,Female Protagonist,Top-Down,Action,Anime,Pixel Graphics,Atmospheric,Adventure,Cartoon,Retro,Singleplayer,Fast-Paced,Gore"
TCSTRIKERS5,"Dec 22, 2025",0 - 20000,0,0,0.0,0,0,"['English', 'Japanese']",True,False,False,0,0,1,1,12,0,0,Project Anthem,Project Anthem,"Single-player,Steam Achievements,Full controller support,Custom Volume Controls,Adjustable Difficulty,Keyboard Only Option,Mouse Only Option,Steam Cloud,Steam Leaderboards","Action,Indie,Free To Play","Action,Casual,Shooter,2D Platformer,Shoot 'Em Up,Indie,Top-Down Shooter,2D,Cute,Pixel Graphics,Top-Down,Free to Play,Early Access,1990's,Controller,Female Protagonist,Story Rich,Singleplayer,Bullet Hell"
Book of Spells 2,"Jun 23, 2024",0 - 20000,0,0,7.99,80,0,"['English', 'Russian']",True,False,False,0,0,14,3,0,0,0,Hardi,Hardi,"Single-player,Family Sharing","Adventure,Casual,Indie,RPG","Casual,Adventure,RPG,Shooter,Exploration,3D,Atmospheric,Indie,PvE,Singleplayer"
Scuffed Dodgeball Playtest,"Sep 26, 2025",0 - 0,0,0,0.0,0,0,[],True,False,False,0,0,0,0,0,0,0,,,,,
VIReRacers,"Feb 24, 2023",0 - 20000,0,0,0.99,0,0,['English'],True,False,False,0,0,0,0,0,0,0,dev6156,dev6156,"Single-player,Family Sharing",Racing,
Ultimate Custom Night,"Jun 27, 2018",2000000 - 5000000,200,0,0.0,0,0,['English'],True,False,False,0,0,55394,2879,0,0,313,Scott Cawthon,Scott Cawthon,"Single-player,Remote Play on Phone,Remote Play on Tablet","Action,Free To Play,Indie","Free to Play,Horror,Singleplayer,Survival Horror,Robots,Difficult,Strategy,First-Person,Survival,Dark,Indie,Point & Click,Action,Psychological Horror,Story Rich,Atmospheric,Memes,Funny,Character Customization,Simulation"
Two World Portal,"Jan 14, 2022",0 - 20000,0,0,1.49,0,0,['English'],True,True,False,0,0,4,0,0,0,0,NEXTSQUARESTUDIO,NEXTSQUARESTUDIO,"Single-player,Full controller support,Family Sharing","Adventure,Indie","Adventure,Puzzle,Hidden Object,Third Person,Mystery,Story Rich,Indie,Singleplayer"
SBX: Invasion,"Jun 1, 2015",20000 - 50000,0,0,1.99,0,0,['English'],True,False,False,0,0,4,6,0,0,2,Jason Carter,Wakeskater Studio,"Single-player,Family Sharing","Action,Indie,Strategy","Action,Indie,Strategy,Singleplayer,Pixel Graphics,Difficult"
像素修真 - Pixel Xiuzhen,"Aug 8, 2018",0 - 20000,0,0,6.99,0,0,"['English', 'Simplified Chinese']",True,False,False,0,0,17,8,15,0,0,Cloudmoon Studios,Cloudmoon Studios,"Single-player,Steam Achievements,Steam Cloud,Family Sharing","Adventure,Indie,RPG","Adventure,Indie,RPG,Open World,Rogue-like"
21 Days,"Jun 16, 2017",0 - 20000,0,0,1.99,0,0,"['English', 'German', 'Spanish - Spain']",True,True,False,0,0,52,16,21,0,94,Hardtalk Studio,Hardtalk Studio,"Single-player,Steam Achievements,Steam Trading Cards,Partial Controller Support,Family Sharing","Adventure,Indie,Simulation","Simulation,Indie,Adventure,Pixel Graphics,Singleplayer"
Dumbubu,"Dec 19, 2025",0 - 0,0,0,0.0,0,0,['English'],True,False,False,0,0,0,0,4,0,0,Upside Down 9,Upside Down 9,"Single-player,Steam Achievements,Steam Cloud,Stats","Casual,Indie,Simulation,Free To Play",
Ravenhille: Awakened,"Jul 10, 2025",0 - 0,0,0,4.89,0,0,['English'],True,False,False,0,0,0,0,13,0,0,QuantumPixel,QuantumPixel,"Single-player,Steam Achievements,Custom Volume Controls,Adjustable Difficulty,Keyboard Only Option,Mouse Only Option,Playable without Timed Input,Stereo Sound,Surround Sound,Family Sharing","Action,Adventure,Indie",
DON'T EXIST,"Apr 26, 2024",0 - 20000,0,0,4.86,0,0,"['English', 'Simplified Chinese']",True,False,False,0,0,37,7,0,0,0,DevLancelot,DevLancelot,"Single-player,Multi-player,Co-op,Online Co-op,Full controller support,Family Sharing","Adventure,Indie","Procedural Generation,Surreal,Horror,First-Person,Rogue-lite,Adventure,Abstract,Survival Horror,Indie,Atmospheric,Exploration,Psychological Horror,Singleplayer,Controller,Action-Adventure,Experimental,3D"
AnderKant 2,"Jan 3, 2025",0 - 20000,0,0,0.99,0,1,['English'],True,False,False,0,0,1,0,0,0,0,KlankeKlanke,KlankeKlanke,"Single-player,Family Sharing","Adventure,Casual,Indie,Simulation","Indie,Casual,Simulation,Adventure,Philosophical,Software,Walking Simulator,Choose Your Own Adventure,Abstract,3D,Singleplayer,First-Person,Rhythm,Psychedelic,Surreal,Music,Animation & Modeling,Video Production"
Project 0.1,"Mar 31, 2025",0 - 20000,0,0,0.0,0,0,['English'],True,False,False,0,0,0,0,0,0,0,Skill Tree,Skill Tree,Single-player,"Action,Adventure,Indie,RPG,Free To Play",
Space Cows,"Sep 5, 2019",0 - 20000,0,0,1.59,80,0,"['English', 'French', 'German', 'Polish', 'Russian', 'Italian', 'Japanese', 'Portuguese - Brazil', 'Simplified Chinese', 'Spanish - Latin America']",True,False,False,0,0,25,6,36,0,10,Happy Corruption,Untold Tales,"Single-player,Steam Achievements,Full controller support,Steam Cloud,Family Sharing","Action,Indie","Indie,Twin Stick Shooter,Space,Shooter,Singleplayer,Sci-fi,Violent,Memes,Great Soundtrack,2D,Nudity,Arcade,Adventure,Shoot 'Em Up,Sexual Content,Fast-Paced,Physics,Parody,Bullet Hell,2.5D"
CRYO,"Oct 24, 2025",0 - 20000,0,0,11.99,0,0,"['English', 'French', 'Italian', 'Simplified Chinese']",True,False,False,0,0,0,0,25,141,0,Valko Game Studios,Valko Game Studios,"Single-player,Multi-player,Co-op,Online Co-op,Steam Achievements,Steam Cloud,Family Sharing","Action,Indie,Early Access",
Hentai Akari,"Aug 8, 2024",0 - 20000,0,0,0.49,51,0,"['English', 'French', 'Italian', 'German', 'Spanish - Spain', 'Arabic', 'Bulgarian', 'Vietnamese', 'Greek', 'Danish', 'Simplified Chinese', 'Traditional Chinese', 'Korean', 'Norwegian', 'Dutch', 'Polish', 'Portuguese - Brazil', 'Portuguese - Portugal', 'Russian', 'Romanian', 'Thai', 'Turkish', 'Hungarian', 'Ukrainian', 'Finnish', 'Czech', 'Swedish', 'Japanese', 'Indonesian', 'Spanish - Latin America']",True,False,False,0,0,0,0,10,0,0,Cyber Keks,Cyber Keks,"Single-player,Steam Achievements,Family Sharing","Indie,Strategy",
Blind Souls,"Apr 4, 2019",0 - 20000,0,0,1.19,80,0,"['English', 'French', 'Italian', 'German', 'Spanish - Spain', 'Japanese', 'Korean', 'Portuguese - Portugal', 'Portuguese - Brazil', 'Russian', 'Simplified Chinese', 'Spanish - Latin America', 'Turkish']",True,False,False,0,0,18,16,10,0,0,Playstige Interactive,Playstige Interactive,"Single-player,Steam Achievements,Full controller support,Family Sharing",Adventure,"Adventure,Relaxing,Exploration,Atmospheric,Beautiful,Colorful,Walking Simulator,Open World,Casual"
EvilQuest,"Feb 20, 2014",50000 - 100000,0,0,1.99,0,0,['English'],True,False,False,0,0,580,79,31,511,278,Chaosoft Games,Chaosoft Games,"Single-player,Steam Achievements,Steam Trading Cards,Partial Controller Support,Family Sharing","Action,Adventure,Indie,RPG","RPG,Indie,Action,Adventure,Villain Protagonist,Retro,Action RPG,Pixel Graphics,Singleplayer"
도도리 Playtest,"Nov 1, 2025",0 - 0,0,0,0.0,0,0,[],True,False,False,0,0,0,0,5,0,0,,,,,
Make it! Sushi,"Jun 11, 2025",0 - 0,0,0,5.03,0,0,"['English', 'Japanese']",True,False,False,0,0,0,0,0,0,0,SAT-BOX,SAT-BOX,"Single-player,Multi-player,PvP,Shared/Split Screen PvP,Shared/Split Screen,Partial Controller Support,Remote Play Together,Family Sharing","Action,Casual,Indie",
Battle Ball,"Mar 12, 2021",50000 - 100000,0,0,0.0,0,0,['English'],True,False,False,0,0,417,66,15,0,0,Dad Hat Games,Dad Hat Games,"Single-player,Multi-player,PvP,Online PvP,Steam Achievements,Full controller support","Casual,Free To Play,Indie,Sports","Sports,Casual,Arcade,PvP,Multiplayer,3D,Free to Play,Top-Down,Indie,Top-Down Shooter"
Senren＊Banka,"Feb 14, 2020",500000 - 1000000,406,0,19.24,45,0,"['Japanese', 'Simplified Chinese', 'Traditional Chinese', 'English']",True,False,False,0,0,30868,358,26,30991,1585,YUZUSOFT,"HIKARI FIELD,NekoNyan Ltd.","Single-player,Steam Achievements,Steam Trading Cards,Partial Controller Support,Steam Cloud,Remote Play on Phone,Remote Play on Tablet,Family Sharing","Adventure,Casual","Visual Novel,NSFW,Dating Sim,First-Person,Anime,Third-Person Shooter,Casual,Cute,Romance,Adventure,Multiple Endings,Story Rich,Singleplayer,Great Soundtrack,Choices Matter,Action,Sci-fi,Comedy,RPG,Family Friendly"
The Tower Of TigerQiuQiu 2,"Mar 18, 2021",50000 - 100000,0,0,0.0,0,19,"['English', 'Simplified Chinese']",True,False,False,0,0,5,5,0,0,0,TigerQiuQiu,TigerQiuQiu,Single-player,"Action,Casual,Indie,Racing,RPG,Simulation,Sports,Strategy","Strategy,RTS,Top-Down Shooter,2D,1980s,1990's,PvE,PvP,Racing,Sports,Casual,Indie,RPG,Action,Simulation,Local Multiplayer,Singleplayer"
Tanks: 1985,"Oct 27, 2025",0 - 0,0,0,0.99,0,0,['English'],True,False,False,0,0,0,0,5,0,0,CODEHUB,CODEHUB,"Single-player,Multi-player,Co-op,Online Co-op,Shared/Split Screen Co-op,Shared/Split Screen,Steam Achievements,In-App Purchases,Custom Volume Controls,Playable without Timed Input,Partial Controller Support,Steam Leaderboards,Family Sharing","Action,Indie,Strategy",
Hidden Expedition: A King's Line Collector's Edition,"Jun 25, 2021",20000 - 50000,0,0,4.99,50,0,['English'],True,False,False,0,0,2,1,0,0,0,Domini Games,BFG Entertainment,"Single-player,Family Sharing","Adventure,Casual","Hidden Object,Puzzle,Point & Click,Action-Adventure,Exploration,Female Protagonist,Detective,Casual,Historical,Linear,Story Rich,Colorful,Family Friendly,Atmospheric,Adventure,Investigation,Singleplayer"
Draft Day Sports: Pro Basketball 2017,"Nov 17, 2016",0 - 20000,0,0,0.99,80,0,['English'],True,False,False,0,0,10,16,0,0,0,Wolverine Studios,Wolverine Studios,"Single-player,Multi-player,Shared/Split Screen,Remote Play Together,Family Sharing","Indie,Simulation,Sports,Strategy","Strategy,Indie,Simulation,Sports"
Kakuro++ Playtest,"Jul 10, 2024",0 - 0,0,0,0.0,0,0,[],True,False,False,0,0,0,0,0,0,0,,,,,
Argil,"Apr 20, 2021",0 - 20000,0,0,0.0,0,0,['English'],True,False,False,0,0,3,3,0,0,0,Valkyrie Industries,Valkyrie Industries,"Tracked Controller Support,VR Only","Free To Play,Animation & Modeling,Early Access","Animation & Modeling,Early Access,VR,Singleplayer"
Oversight,"Jun 4, 2021",0 - 20000,0,0,9.99,0,0,['English'],True,False,False,0,0,1,0,0,0,0,aboogoost,aboogoost,"Multi-player,PvP,Online PvP,Shared/Split Screen PvP,Shared/Split Screen,Family Sharing","Indie,Strategy,Early Access","Strategy,Turn-Based Strategy,Turn-Based,Multiplayer,Local Multiplayer,PvP,Board Game,2D,Replay Value,Turn-Based Tactics,Assassin,Diplomacy,Economy,Military,Political,Hacking,Investigation,Conspiracy,Modern,Early Access"
Fantasy Up,"Aug 15, 2023",0 - 20000,0,0,3.61,0,0,['English'],True,False,False,0,0,0,0,0,0,0,UBUGOE STUDIO,UBUGOE STUDIO,"Single-player,Family Sharing","Action,Adventure,Casual,Indie,RPG,Simulation",
CameraBag Photo,"Nov 1, 2016",0 - 20000,0,0,0.0,0,0,['English'],True,True,False,0,0,18,23,0,0,218,Nevercenter,Nevercenter,,"Design & Illustration,Photo Editing,Utilities","Utilities,Photo Editing,Design & Illustration"
DIM-EGION,"Nov 15, 2021",0 - 20000,0,0,3.99,50,0,['English'],True,False,False,0,0,0,0,4,0,0,aa9bb,Akasha Apostles,"Single-player,Steam Achievements,Full controller support,Custom Volume Controls,Adjustable Difficulty,Playable without Timed Input,Family Sharing",Action,
Omni Blade,"Aug 2, 2024",0 - 20000,0,0,7.99,0,0,['English'],True,False,False,0,0,5,1,0,0,0,"Bryan Edds,Dean J. Lee",Form Factor Technologies,"Single-player,Family Sharing","Indie,RPG","RPG,JRPG,Party-Based RPG,Mystery Dungeon,2D,Colorful,Pixel Graphics,Top-Down,Atmospheric,Dark Fantasy,Emotional,Mystery,Old School,Class-Based,Procedural Generation,PvE,Resource Management,Turn-Based Combat,Singleplayer,Indie"
Poly Quest,"Sep 24, 2019",0 - 20000,0,0,0.0,0,0,['English'],True,False,False,0,0,20,11,0,0,0,ArcadiaXR,ArcadiaXR,"Single-player,Tracked Controller Support,VR Only","Action,Adventure,Casual,Free To Play,RPG","Free to Play,Action,Adventure,Casual,RPG,VR"
Broken Metal,"Dec 8, 2019",0 - 20000,0,0,0.0,0,0,['English'],True,True,True,0,0,11,1,0,0,0,Armadillo Game Studios,Armadillo Game Studios,Single-player,"Indie,Strategy","Indie,Strategy,Free to Play"
Hentai Pussy 3,"Jun 10, 2022",0 - 20000,0,0,0.49,0,0,['English'],True,False,False,0,0,0,0,10,0,0,Cyber Keks,Cyber Keks,"Single-player,Steam Achievements,Family Sharing","Casual,Indie",
PEGGO!,"Jul 22, 2021",0 - 20000,1,0,3.99,0,0,['English'],True,False,False,0,0,67,36,0,0,1487,Tyler Hudson,Tylario,"Single-player,Family Sharing","Casual,Indie","Casual,Clicker,Idler,Arcade,Singleplayer,2D,Physics,Relaxing,Cartoon,Colorful,Automation,Indie,Minimalist,Old School,Resource Management,Cartoony,Time Management"
Halloween 2048,"Oct 7, 2025",0 - 0,0,0,0.99,0,0,"['English', 'French', 'German']",True,True,False,0,0,0,0,2,0,0,"Grendel Enterprises, L.L.C.","Grendel Enterprises, L.L.C.","Single-player,Steam Achievements,Full controller support,Custom Volume Controls,Adjustable Difficulty,Keyboard Only Option,Mouse Only Option,Playable without Timed Input,Save Anytime,Touch Only Option,Steam Cloud,Stats,Steam Leaderboards,Family Sharing","Casual,Indie,Strategy",
The Blackbird of Amor,"Jun 15, 2020",0 - 20000,0,0,19.99,0,1,['English'],True,False,False,0,0,2,0,28,0,0,BCETracks,BCETracks,"Single-player,Family Sharing","Adventure,Indie,Strategy","Indie,Strategy,Adventure,Visual Novel,Story Rich,Puzzle"
Hellink,"Mar 7, 2019",50000 - 100000,0,0,0.0,0,0,['French'],True,True,True,0,0,47,2,0,0,0,Ikigai,Ikigai,Single-player,Indie,"Indie,Free to Play,Visual Novel,Text-Based,Sci-fi,Female Protagonist,Singleplayer,Point & Click,2D,Cyberpunk,Story Rich,Science,Narration,Investigation,Interactive Fiction,Choose Your Own Adventure,Cartoony,Comic Book,Colorful,Education"
